Order ID,Order Date,Product,Category,Region,Salesperson,Customer,Quantity,Unit Price,Sales,Cost,Profit,Profit Margin
ORD-2024-10213,2024-01-01,Acoustic Fabric Office Partition,Furniture,East,Emily Watson,Bluebird Creative Labs,1,248.15,248.15,174.17,73.98,29.81
ORD-2026-10494,2024-01-03,Electric Dual-Motor Standing Desk,Furniture,North,Michael Chang,Acme Global Technologies,7,641.84,4492.88,3178.56,1314.32,29.25
ORD-2024-11047,2024-01-03,Sony WH-1000XM5 Headphones,Technology,East,James Wilson,Titan Cloud Infrastructure,4,404.9,1619.6,1071.56,548.04,33.84
ORD-2026-10782,2024-01-04,Heavy-Duty Cross-Cut Paper Shredder,Office Supplies,West,Priya Sharma,Pinnacle Healthcare Systems,4,151.51,606.04,312.4,293.64,48.45
ORD-2026-11643,2024-01-06,Herman Miller Ergonomic Chair,Furniture,North,Sarah Jenkins,Pinnacle Healthcare Systems,5,1212.63,6063.15,4868.6,1194.55,19.7
ORD-2026-10692,2024-01-06,"Dell UltraSharp 27"" 4K Monitor",Technology,South,Amina Patel,Bluebird Creative Labs,5,562.89,2814.45,1771.35,1043.1,37.06
ORD-2024-12442,2024-01-08,Cloud Analytics Pro License (Annual),Enterprise Software,East,Emily Watson,Summit Media Works,8,1286.94,10295.52,3398.56,6896.96,66.99
ORD-2026-11175,2024-01-08,Steel Storage Lateral Filing Cabinet,Furniture,West,Priya Sharma,Vanguard Financial Solutions,10,339.79,3397.9,2427.4,970.5,28.56
ORD-2024-11926,2024-01-13,High-Yield Toner Cartridge Pack,Office Supplies,South,David Rodriguez,Summit Media Works,7,123.56,864.92,434.14,430.78,49.81
ORD-2024-12001,2024-01-14,Cloud Data Backup & Recovery License,Enterprise Software,East,Emily Watson,Horizon Retail Partners,2,527.9,1055.8,281.12,774.68,73.37
ORD-2026-10077,2024-01-15,Automated CRM Collaboration Seat,Enterprise Software,South,Amina Patel,Evergreen Renewable Energy,7,686.76,4807.32,1956.08,2851.24,59.31
ORD-2024-10111,2024-01-17,HP LaserJet Pro Multi-function Printer,Office Supplies,North,Michael Chang,Metro Education Foundation,9,444.76,4002.84,3057.66,945.18,23.61
ORD-2026-11223,2024-01-17,Heavy-Duty Cross-Cut Paper Shredder,Office Supplies,East,James Wilson,Beacon Legal Consulting,3,165.52,496.56,335.7,160.86,32.39
ORD-2026-10290,2024-01-19,HP LaserJet Pro Multi-function Printer,Office Supplies,South,David Rodriguez,Pinnacle Healthcare Systems,8,397.61,3180.88,2318.32,862.56,27.12
ORD-2025-11063,2024-01-21,Herman Miller Ergonomic Chair,Furniture,North,Michael Chang,Horizon Retail Partners,2,1086.66,2173.32,1645.16,528.16,24.3
ORD-2026-11694,2024-01-22,Magnetic Glass Dry-Erase Board,Office Supplies,Central,Jessica Taylor,Pinnacle Healthcare Systems,11,206.49,2271.39,1209.12,1062.27,46.77
ORD-2025-11090,2024-01-23,"Dell UltraSharp 27"" 4K Monitor",Technology,East,Emily Watson,Evergreen Renewable Energy,10,534.0,5340.0,3681.3,1658.7,31.06
ORD-2024-11215,2024-01-23,ThinkPad X1 Carbon Laptop,Technology,North,Sarah Jenkins,Silverline Manufacturing,10,1402.65,14026.5,9919.8,4106.7,29.28
ORD-2024-10888,2024-01-24,Cloud Data Backup & Recovery License,Enterprise Software,East,Emily Watson,Zenith Dynamics Ltd,7,538.83,3771.81,1330.56,2441.25,64.72
ORD-2026-11817,2024-01-24,Magnetic Glass Dry-Erase Board,Office Supplies,West,Robert Martinez,Metro Education Foundation,8,199.79,1598.32,958.16,640.16,40.05
ORD-2025-11084,2024-01-25,Steel Storage Lateral Filing Cabinet,Furniture,North,Michael Chang,Bluebird Creative Labs,10,316.74,3167.4,2263.8,903.6,28.53
ORD-2026-10833,2024-01-25,ThinkPad X1 Carbon Laptop,Technology,Central,Daniel Kim,Titan Cloud Infrastructure,6,1400.55,8403.3,6112.02,2291.28,27.27
ORD-2024-10006,2024-01-26,Samsung 2TB Portable NVMe SSD,Technology,Central,Jessica Taylor,Summit Media Works,6,198.36,1190.16,776.28,413.88,34.78
ORD-2024-11011,2024-01-27,Sony WH-1000XM5 Headphones,Technology,North,Sarah Jenkins,Silverline Manufacturing,7,377.07,2639.49,1820.84,818.65,31.02
ORD-2024-10972,2024-01-27,Cloud Analytics Pro License (Annual),Enterprise Software,East,James Wilson,Cascade BioSciences,5,1266.96,6334.8,1769.5,4565.3,72.07
ORD-2025-12116,2024-01-28,HP LaserJet Pro Multi-function Printer,Office Supplies,West,Robert Martinez,Evergreen Renewable Energy,22,387.95,8534.9,6282.1,2252.8,26.4
ORD-2024-10942,2024-01-30,Electric Dual-Motor Standing Desk,Furniture,North,Sarah Jenkins,Titan Cloud Infrastructure,2,660.37,1320.74,998.0,322.74,24.44
ORD-2024-11755,2024-01-30,Anker 10-in-1 USB-C Docking Hub,Technology,Central,Jessica Taylor,Cascade BioSciences,12,120.53,1446.36,812.04,634.32,43.86
ORD-2025-12140,2024-01-30,Acoustic Fabric Office Partition,Furniture,North,Michael Chang,Horizon Retail Partners,4,261.7,1046.8,713.68,333.12,31.82
ORD-2026-11979,2024-01-31,Steel Storage Lateral Filing Cabinet,Furniture,East,James Wilson,Zenith Dynamics Ltd,8,366.53,2932.24,2944.32,-12.08,-0.41
ORD-2026-10071,2024-02-02,Magnetic Glass Dry-Erase Board,Office Supplies,North,Michael Chang,Horizon Retail Partners,3,197.53,592.59,381.66,210.93,35.59
ORD-2025-10442,2024-02-03,ThinkPad X1 Carbon Laptop,Technology,East,James Wilson,Summit Media Works,11,1420.34,15623.74,11348.48,4275.26,27.36
ORD-2024-10915,2024-02-04,Heavy-Duty Cross-Cut Paper Shredder,Office Supplies,West,Priya Sharma,Horizon Retail Partners,13,152.22,1978.86,1375.79,603.07,30.48
ORD-2026-10248,2024-02-04,Sony WH-1000XM5 Headphones,Technology,North,Sarah Jenkins,Vanguard Financial Solutions,4,364.86,1459.44,936.92,522.52,35.8
ORD-2026-10647,2024-02-04,Samsung 2TB Portable NVMe SSD,Technology,East,Emily Watson,Pinnacle Healthcare Systems,4,195.01,780.04,539.56,240.48,30.83
ORD-2024-12112,2024-02-05,Herman Miller Ergonomic Chair,Furniture,Central,Daniel Kim,Metro Education Foundation,2,1167.73,2335.46,1623.92,711.54,30.47
ORD-2026-11067,2024-02-05,Automated CRM Collaboration Seat,Enterprise Software,North,Michael Chang,Evergreen Renewable Energy,2,688.08,1376.16,498.18,877.98,63.8
ORD-2024-11341,2024-02-05,Cybersecurity Endpoint Protection Suite,Enterprise Software,North,Michael Chang,Titan Cloud Infrastructure,1,1000.84,1000.84,251.96,748.88,74.83
ORD-2026-12393,2024-02-06,Keychron Q3 Mechanical Keyboard,Technology,East,James Wilson,Pinnacle Healthcare Systems,6,161.3,967.8,605.76,362.04,37.41
ORD-2024-11155,2024-02-07,Electric Dual-Motor Standing Desk,Furniture,North,Michael Chang,Pinnacle Healthcare Systems,8,683.79,5470.32,3929.92,1540.4,28.16
ORD-2024-10939,2024-02-08,Samsung 2TB Portable NVMe SSD,Technology,North,Sarah Jenkins,Metro Education Foundation,12,195.79,2349.48,1662.36,687.12,29.25
ORD-2025-11636,2024-02-08,Steel Storage Lateral Filing Cabinet,Furniture,East,Emily Watson,Acme Global Technologies,3,342.17,1026.51,1075.5,-48.99,-4.77
ORD-2026-10887,2024-02-08,"Dell UltraSharp 27"" 4K Monitor",Technology,North,Michael Chang,Silverline Manufacturing,1,619.18,619.18,432.12,187.06,30.21
ORD-2024-11989,2024-02-08,ThinkPad X1 Carbon Laptop,Technology,North,Michael Chang,Beacon Legal Consulting,8,1412.59,11300.72,8595.52,2705.2,23.94
ORD-2025-10670,2024-02-12,Cloud Analytics Pro License (Annual),Enterprise Software,North,Sarah Jenkins,Bluebird Creative Labs,7,1233.96,8637.72,2082.36,6555.36,75.89
ORD-2025-10037,2024-02-15,Herman Miller Ergonomic Chair,Furniture,North,Michael Chang,Silverline Manufacturing,2,1209.36,2418.72,1900.44,518.28,21.43
ORD-2024-11296,2024-02-16,Cybersecurity Endpoint Protection Suite,Enterprise Software,North,Michael Chang,Bluebird Creative Labs,2,1004.46,2008.92,602.16,1406.76,70.03
ORD-2025-10895,2024-02-17,Anker 10-in-1 USB-C Docking Hub,Technology,West,Robert Martinez,Summit Media Works,8,122.99,983.92,526.88,457.04,46.45
ORD-2025-12017,2024-02-17,Premium Recycled Copy Paper (Carton),Office Supplies,North,Sarah Jenkins,Horizon Retail Partners,6,44.79,268.74,160.68,108.06,40.21
ORD-2025-10652,2024-02-18,Keychron Q3 Mechanical Keyboard,Technology,South,David Rodriguez,Acme Global Technologies,4,166.39,665.56,423.12,242.44,36.43
ORD-2026-10353,2024-02-18,Herman Miller Ergonomic Chair,Furniture,North,Sarah Jenkins,Zenith Dynamics Ltd,10,1198.86,11988.6,9315.5,2673.1,22.3
ORD-2026-11256,2024-02-18,Anker 10-in-1 USB-C Docking Hub,Technology,East,Emily Watson,Metro Education Foundation,1,134.68,134.68,73.89,60.79,45.14
ORD-2026-10875,2024-02-19,ThinkPad X1 Carbon Laptop,Technology,Central,Daniel Kim,Vanguard Financial Solutions,2,1493.91,2987.82,2191.84,795.98,26.64
ORD-2024-11287,2024-02-19,Samsung 2TB Portable NVMe SSD,Technology,North,Michael Chang,Zenith Dynamics Ltd,2,178.99,357.98,266.68,91.3,25.5
ORD-2024-11812,2024-02-20,ThinkPad X1 Carbon Laptop,Technology,East,Emily Watson,Summit Media Works,11,1418.15,15599.65,15363.92,235.73,1.51
ORD-2025-11156,2024-02-20,"Dell UltraSharp 27"" 4K Monitor",Technology,East,James Wilson,Summit Media Works,1,540.18,540.18,350.42,189.76,35.13
ORD-2024-11008,2024-02-21,Acoustic Fabric Office Partition,Furniture,North,Sarah Jenkins,Beacon Legal Consulting,5,241.64,1208.2,864.2,344.0,28.47
ORD-2026-11856,2024-02-21,Automated CRM Collaboration Seat,Enterprise Software,North,Michael Chang,Beacon Legal Consulting,1,729.44,729.44,271.45,457.99,62.79
ORD-2026-12024,2024-02-22,Automated CRM Collaboration Seat,Enterprise Software,East,Emily Watson,Metro Education Foundation,2,735.4,1470.8,428.3,1042.5,70.88
ORD-2024-10261,2024-02-22,Keychron Q3 Mechanical Keyboard,Technology,South,David Rodriguez,Nexus Logistics Group,11,165.87,1824.57,1069.86,754.71,41.36
ORD-2026-10413,2024-02-22,Automated CRM Collaboration Seat,Enterprise Software,West,Priya Sharma,Vanguard Financial Solutions,3,687.6,2062.8,847.89,1214.91,58.9
ORD-2024-10420,2024-02-23,Cloud Analytics Pro License (Annual),Enterprise Software,West,Robert Martinez,Vanguard Financial Solutions,8,1222.95,9783.6,2492.96,7290.64,74.52
ORD-2024-10507,2024-02-24,Herman Miller Ergonomic Chair,Furniture,South,David Rodriguez,Metro Education Foundation,3,1180.14,3540.42,2629.17,911.25,25.74
ORD-2025-11591,2024-02-25,Sony WH-1000XM5 Headphones,Technology,Central,Daniel Kim,Pinnacle Healthcare Systems,4,403.9,1615.6,1081.08,534.52,33.08
ORD-2026-12447,2024-02-25,Keychron Q3 Mechanical Keyboard,Technology,Central,Daniel Kim,Horizon Retail Partners,12,177.09,2125.08,1347.72,777.36,36.58
ORD-2025-12458,2024-02-25,Cloud Data Backup & Recovery License,Enterprise Software,North,Sarah Jenkins,Vanguard Financial Solutions,4,537.36,2149.44,560.0,1589.44,73.95
ORD-2024-11083,2024-02-26,Sony WH-1000XM5 Headphones,Technology,East,James Wilson,Titan Cloud Infrastructure,9,371.32,3341.88,2343.96,997.92,29.86
ORD-2024-11641,2024-02-28,Steel Storage Lateral Filing Cabinet,Furniture,North,Sarah Jenkins,Horizon Retail Partners,2,330.77,661.54,493.62,167.92,25.38
ORD-2024-10153,2024-02-28,Acoustic Fabric Office Partition,Furniture,East,Emily Watson,Vanguard Financial Solutions,8,239.68,1917.44,1297.92,619.52,32.31
ORD-2026-12162,2024-02-28,Samsung 2TB Portable NVMe SSD,Technology,East,Emily Watson,Pinnacle Healthcare Systems,2,188.84,377.68,259.48,118.2,31.3
ORD-2025-11438,2024-02-29,Acoustic Fabric Office Partition,Furniture,North,Sarah Jenkins,Cascade BioSciences,1,255.95,255.95,178.78,77.17,30.15
ORD-2026-11166,2024-02-29,Anker 10-in-1 USB-C Docking Hub,Technology,East,Emily Watson,Horizon Retail Partners,2,129.9,259.8,258.0,1.8,0.69
ORD-2024-10024,2024-03-01,Executive Teakwood Conference Table,Furniture,North,Michael Chang,Pinnacle Healthcare Systems,9,1967.58,17708.22,12013.83,5694.39,32.16
ORD-2026-11955,2024-03-01,Anker 10-in-1 USB-C Docking Hub,Technology,South,Amina Patel,Metro Education Foundation,5,133.49,667.45,359.9,307.55,46.08
ORD-2024-11647,2024-03-02,Executive Teakwood Conference Table,Furniture,West,Priya Sharma,Cascade BioSciences,4,1830.94,7323.76,5628.84,1694.92,23.14
ORD-2026-12018,2024-03-03,Anker 10-in-1 USB-C Docking Hub,Technology,East,Emily Watson,Horizon Retail Partners,12,140.13,1681.56,948.84,732.72,43.57
ORD-2026-10860,2024-03-03,HP LaserJet Pro Multi-function Printer,Office Supplies,West,Robert Martinez,Titan Cloud Infrastructure,15,442.04,6630.6,5634.9,995.7,15.02
ORD-2024-11938,2024-03-04,ThinkPad X1 Carbon Laptop,Technology,South,Amina Patel,Evergreen Renewable Energy,8,1438.95,11511.6,8170.32,3341.28,29.03
ORD-2025-11861,2024-03-04,"Dell UltraSharp 27"" 4K Monitor",Technology,East,Emily Watson,Horizon Retail Partners,11,570.83,6279.13,4108.39,2170.74,34.57
ORD-2026-11163,2024-03-04,Cloud Analytics Pro License (Annual),Enterprise Software,West,Robert Martinez,Acme Global Technologies,7,1197.51,8382.57,3100.09,5282.48,63.02
ORD-2024-10870,2024-03-05,Samsung 2TB Portable NVMe SSD,Technology,East,Emily Watson,Metro Education Foundation,6,178.44,1070.64,747.36,323.28,30.2
ORD-2026-11157,2024-03-05,Samsung 2TB Portable NVMe SSD,Technology,Central,Daniel Kim,Summit Media Works,8,191.49,1531.92,1181.44,350.48,22.88
ORD-2025-11489,2024-03-05,Herman Miller Ergonomic Chair,Furniture,North,Sarah Jenkins,Beacon Legal Consulting,2,1121.97,2243.94,1631.68,612.26,27.29
ORD-2025-11033,2024-03-06,ThinkPad X1 Carbon Laptop,Technology,East,Emily Watson,Nexus Logistics Group,4,1364.98,5459.92,3939.68,1520.24,27.84
ORD-2025-11123,2024-03-06,HP LaserJet Pro Multi-function Printer,Office Supplies,East,Emily Watson,Summit Media Works,22,399.73,8794.06,6071.56,2722.5,30.96
ORD-2025-11951,2024-03-07,Logitech MX Master 3S Mouse,Technology,East,Emily Watson,Pinnacle Healthcare Systems,3,91.58,274.74,162.96,111.78,40.69
ORD-2024-11383,2024-03-07,"Dell UltraSharp 27"" 4K Monitor",Technology,North,Sarah Jenkins,Bluebird Creative Labs,9,620.15,5581.35,3727.35,1854.0,33.22
ORD-2024-10438,2024-03-08,Cloud Analytics Pro License (Annual),Enterprise Software,East,Emily Watson,Beacon Legal Consulting,2,1162.84,2325.68,761.5,1564.18,67.26
ORD-2024-11500,2024-03-08,Acoustic Fabric Office Partition,Furniture,North,Michael Chang,Summit Media Works,3,252.86,758.58,510.33,248.25,32.73
ORD-2024-11719,2024-03-10,Premium Recycled Copy Paper (Carton),Office Supplies,North,Michael Chang,Cascade BioSciences,9,50.67,456.03,315.45,140.58,30.83
ORD-2026-12246,2024-03-11,High-Yield Toner Cartridge Pack,Office Supplies,East,James Wilson,Metro Education Foundation,20,119.27,2385.4,2302.4,83.0,3.48
ORD-2025-10877,2024-03-11,"Dell UltraSharp 27"" 4K Monitor",Technology,South,Amina Patel,Nexus Logistics Group,2,615.4,1230.8,757.2,473.6,38.48
ORD-2026-10998,2024-03-11,Keychron Q3 Mechanical Keyboard,Technology,South,David Rodriguez,Beacon Legal Consulting,12,165.81,1989.72,1379.52,610.2,30.67
ORD-2025-10271,2024-03-12,Anker 10-in-1 USB-C Docking Hub,Technology,South,Amina Patel,Pinnacle Healthcare Systems,10,135.06,1350.6,719.7,630.9,46.71
ORD-2024-12244,2024-03-12,Logitech MX Master 3S Mouse,Technology,East,James Wilson,Apollo Industrial Equipment,12,92.02,1104.24,607.92,496.32,44.95
ORD-2025-10709,2024-03-13,Cloud Analytics Pro License (Annual),Enterprise Software,West,Robert Martinez,Beacon Legal Consulting,7,1213.34,8493.38,2208.01,6285.37,74.0
ORD-2026-10104,2024-03-14,ThinkPad X1 Carbon Laptop,Technology,West,Robert Martinez,Horizon Retail Partners,11,1439.16,15830.76,12099.23,3731.53,23.57
ORD-2026-10518,2024-03-14,Samsung 2TB Portable NVMe SSD,Technology,West,Priya Sharma,Acme Global Technologies,3,201.33,603.99,405.81,198.18,32.81
ORD-2025-12335,2024-03-14,Heavy-Duty Cross-Cut Paper Shredder,Office Supplies,North,Sarah Jenkins,Titan Cloud Infrastructure,20,150.21,3004.2,1923.4,1080.8,35.98
ORD-2026-10812,2024-03-16,Premium Recycled Copy Paper (Carton),Office Supplies,North,Sarah Jenkins,Cascade BioSciences,8,50.23,401.84,275.52,126.32,31.44
ORD-2026-11907,2024-03-16,Anker 10-in-1 USB-C Docking Hub,Technology,Central,Jessica Taylor,Vanguard Financial Solutions,6,127.88,767.28,403.5,363.78,47.41
ORD-2024-11668,2024-03-17,Cloud Data Backup & Recovery License,Enterprise Software,South,Amina Patel,Evergreen Renewable Energy,2,508.34,1016.68,388.8,627.88,61.76
ORD-2024-11605,2024-03-17,Automated CRM Collaboration Seat,Enterprise Software,East,Emily Watson,Silverline Manufacturing,3,771.9,2315.7,703.86,1611.84,69.6
ORD-2026-11517,2024-03-18,HP LaserJet Pro Multi-function Printer,Office Supplies,East,James Wilson,Cascade BioSciences,16,396.66,6346.56,5189.12,1157.44,18.24
ORD-2025-10682,2024-03-19,Cybersecurity Endpoint Protection Suite,Enterprise Software,East,James Wilson,Zenith Dynamics Ltd,6,879.23,5275.38,1480.86,3794.52,71.93
ORD-2024-11371,2024-03-20,"Dell UltraSharp 27"" 4K Monitor",Technology,West,Priya Sharma,Silverline Manufacturing,3,620.87,1862.61,1953.51,-90.9,-4.88
ORD-2024-10396,2024-03-20,Magnetic Glass Dry-Erase Board,Office Supplies,North,Sarah Jenkins,Silverline Manufacturing,22,200.58,4412.76,2467.3,1945.46,44.09
ORD-2024-10546,2024-03-21,Logitech MX Master 3S Mouse,Technology,West,Robert Martinez,Evergreen Renewable Energy,6,106.11,636.66,377.76,258.9,40.67
ORD-2026-12462,2024-03-21,"Dell UltraSharp 27"" 4K Monitor",Technology,East,James Wilson,Zenith Dynamics Ltd,6,545.78,3274.68,2267.46,1007.22,30.76
ORD-2024-10375,2024-03-21,Sony WH-1000XM5 Headphones,Technology,South,David Rodriguez,Cascade BioSciences,10,390.7,3907.0,2411.6,1495.4,38.27
ORD-2024-11914,2024-03-21,Logitech MX Master 3S Mouse,Technology,North,Michael Chang,Zenith Dynamics Ltd,3,104.3,312.9,184.65,128.25,40.99
ORD-2026-10698,2024-03-22,Herman Miller Ergonomic Chair,Furniture,West,Priya Sharma,Summit Media Works,3,1182.24,3546.72,2461.62,1085.1,30.59
ORD-2024-12163,2024-03-23,Samsung 2TB Portable NVMe SSD,Technology,North,Michael Chang,Bluebird Creative Labs,9,189.65,1706.85,1233.0,473.85,27.76
ORD-2026-12186,2024-03-23,ThinkPad X1 Carbon Laptop,Technology,West,Priya Sharma,Beacon Legal Consulting,6,1336.22,8017.32,5882.88,2134.44,26.62
ORD-2025-12347,2024-03-24,Heavy-Duty Cross-Cut Paper Shredder,Office Supplies,West,Robert Martinez,Acme Global Technologies,2,167.27,334.54,222.78,111.76,33.41
ORD-2025-11579,2024-03-25,Keychron Q3 Mechanical Keyboard,Technology,Central,Daniel Kim,Metro Education Foundation,11,175.56,1931.16,1156.21,774.95,40.13
ORD-2025-12053,2024-03-25,Logitech MX Master 3S Mouse,Technology,West,Priya Sharma,Bluebird Creative Labs,7,101.36,709.52,367.92,341.6,48.15
ORD-2026-10023,2024-03-25,Automated CRM Collaboration Seat,Enterprise Software,South,Amina Patel,Beacon Legal Consulting,6,675.47,4052.82,1286.58,2766.24,68.25
ORD-2025-10193,2024-03-26,Heavy-Duty Cross-Cut Paper Shredder,Office Supplies,East,James Wilson,Metro Education Foundation,3,172.49,517.47,347.82,169.65,32.78
ORD-2025-10382,2024-03-26,Cloud Analytics Pro License (Annual),Enterprise Software,East,James Wilson,Horizon Retail Partners,5,1119.58,5597.9,1634.75,3963.15,70.8
ORD-2026-10662,2024-03-28,ThinkPad X1 Carbon Laptop,Technology,South,David Rodriguez,Beacon Legal Consulting,11,1513.14,16644.54,11978.34,4666.2,28.03
ORD-2026-12012,2024-03-28,Premium Recycled Copy Paper (Carton),Office Supplies,South,Amina Patel,Bluebird Creative Labs,13,49.24,640.12,400.14,239.98,37.49
ORD-2025-10415,2024-03-28,Sony WH-1000XM5 Headphones,Technology,South,David Rodriguez,Vanguard Financial Solutions,11,351.65,3868.15,2565.75,1302.4,33.67
ORD-2025-10775,2024-03-29,Premium Recycled Copy Paper (Carton),Office Supplies,North,Sarah Jenkins,Metro Education Foundation,10,50.51,505.1,312.4,192.7,38.15
ORD-2025-11741,2024-03-30,ThinkPad X1 Carbon Laptop,Technology,East,Emily Watson,Cascade BioSciences,10,1459.15,14591.5,10340.3,4251.2,29.13
ORD-2024-12460,2024-03-30,Keychron Q3 Mechanical Keyboard,Technology,East,Emily Watson,Zenith Dynamics Ltd,10,166.85,1668.5,1034.1,634.4,38.02
ORD-2024-10525,2024-03-31,Electric Dual-Motor Standing Desk,Furniture,West,Robert Martinez,Metro Education Foundation,8,675.02,5400.16,3741.44,1658.72,30.72
ORD-2025-10661,2024-04-01,Samsung 2TB Portable NVMe SSD,Technology,East,Emily Watson,Cascade BioSciences,10,193.14,1931.4,1333.1,598.3,30.98
ORD-2024-11326,2024-04-02,Electric Dual-Motor Standing Desk,Furniture,South,David Rodriguez,Evergreen Renewable Energy,7,716.69,5016.83,3753.05,1263.78,25.19
ORD-2024-10783,2024-04-02,Sony WH-1000XM5 Headphones,Technology,East,James Wilson,Bluebird Creative Labs,8,399.73,3197.84,2172.48,1025.36,32.06
ORD-2026-10590,2024-04-02,Heavy-Duty Cross-Cut Paper Shredder,Office Supplies,North,Sarah Jenkins,Cascade BioSciences,6,168.16,1008.96,688.68,320.28,31.74
ORD-2025-11558,2024-04-03,Heavy-Duty Cross-Cut Paper Shredder,Office Supplies,East,James Wilson,Horizon Retail Partners,14,168.04,2352.56,1604.68,747.88,31.79
ORD-2024-12463,2024-04-04,Samsung 2TB Portable NVMe SSD,Technology,East,Emily Watson,Evergreen Renewable Energy,12,196.14,2353.68,1463.52,890.16,37.82
ORD-2026-11616,2024-04-04,"Dell UltraSharp 27"" 4K Monitor",Technology,South,David Rodriguez,Beacon Legal Consulting,10,577.27,5772.7,3738.4,2034.3,35.24
ORD-2025-11144,2024-04-04,Automated CRM Collaboration Seat,Enterprise Software,West,Priya Sharma,Titan Cloud Infrastructure,6,705.01,4230.06,1258.68,2971.38,70.24
ORD-2025-11069,2024-04-05,Heavy-Duty Cross-Cut Paper Shredder,Office Supplies,North,Sarah Jenkins,Acme Global Technologies,16,165.72,2651.52,1693.76,957.76,36.12
ORD-2026-10041,2024-04-05,Premium Recycled Copy Paper (Carton),Office Supplies,South,Amina Patel,Bluebird Creative Labs,13,48.38,628.94,440.57,188.37,29.95
ORD-2025-10808,2024-04-07,Cybersecurity Endpoint Protection Suite,Enterprise Software,Central,Daniel Kim,Vanguard Financial Solutions,3,910.5,2731.5,982.47,1749.03,64.03
ORD-2025-10817,2024-04-07,HP LaserJet Pro Multi-function Printer,Office Supplies,West,Priya Sharma,Bluebird Creative Labs,10,432.96,4329.6,3261.2,1068.4,24.68
ORD-2025-10547,2024-04-07,Anker 10-in-1 USB-C Docking Hub,Technology,East,James Wilson,Pinnacle Healthcare Systems,5,128.24,641.2,317.1,324.1,50.55
ORD-2026-11652,2024-04-07,Sony WH-1000XM5 Headphones,Technology,North,Michael Chang,Silverline Manufacturing,2,387.1,774.2,499.34,274.86,35.5
ORD-2025-12431,2024-04-07,Cloud Data Backup & Recovery License,Enterprise Software,West,Priya Sharma,Vanguard Financial Solutions,7,497.5,3482.5,1147.23,2335.27,67.06
ORD-2024-12178,2024-04-08,Samsung 2TB Portable NVMe SSD,Technology,South,David Rodriguez,Vanguard Financial Solutions,4,175.42,701.68,539.36,162.32,23.13
ORD-2024-10765,2024-04-08,Anker 10-in-1 USB-C Docking Hub,Technology,North,Michael Chang,Horizon Retail Partners,2,139.32,278.64,162.42,116.22,41.71
ORD-2024-10462,2024-04-08,Cloud Data Backup & Recovery License,Enterprise Software,Central,Jessica Taylor,Silverline Manufacturing,6,523.92,3143.52,972.78,2170.74,69.05
ORD-2024-10726,2024-04-08,Cloud Data Backup & Recovery License,Enterprise Software,East,Emily Watson,Silverline Manufacturing,3,527.8,1583.4,475.47,1107.93,69.97
ORD-2024-11137,2024-04-08,"Dell UltraSharp 27"" 4K Monitor",Technology,North,Michael Chang,Nexus Logistics Group,7,561.11,3927.77,2445.24,1482.53,37.74
ORD-2024-10585,2024-04-09,Acoustic Fabric Office Partition,Furniture,North,Michael Chang,Bluebird Creative Labs,8,242.01,1936.08,1244.56,691.52,35.72
ORD-2026-10818,2024-04-09,Anker 10-in-1 USB-C Docking Hub,Technology,East,James Wilson,Summit Media Works,12,132.9,1594.8,834.0,760.8,47.71
ORD-2026-11325,2024-04-09,Steel Storage Lateral Filing Cabinet,Furniture,West,Robert Martinez,Horizon Retail Partners,2,319.91,639.82,669.68,-29.86,-4.67
ORD-2026-10680,2024-04-09,Logitech MX Master 3S Mouse,Technology,South,David Rodriguez,Summit Media Works,9,98.43,885.87,561.42,324.45,36.63
ORD-2024-12232,2024-04-10,Cloud Data Backup & Recovery License,Enterprise Software,Central,Jessica Taylor,Silverline Manufacturing,6,567.59,3405.54,1036.02,2369.52,69.58
ORD-2025-10463,2024-04-11,Anker 10-in-1 USB-C Docking Hub,Technology,South,Amina Patel,Summit Media Works,4,128.54,514.16,278.08,236.08,45.92
ORD-2024-10849,2024-04-11,HP LaserJet Pro Multi-function Printer,Office Supplies,Central,Jessica Taylor,Pinnacle Healthcare Systems,9,412.18,3709.62,3035.43,674.19,18.17
ORD-2025-12041,2024-04-11,"Dell UltraSharp 27"" 4K Monitor",Technology,Central,Daniel Kim,Acme Global Technologies,5,603.09,3015.45,2203.1,812.35,26.94
ORD-2024-11317,2024-04-12,High-Yield Toner Cartridge Pack,Office Supplies,West,Robert Martinez,Summit Media Works,11,130.13,1431.43,807.62,623.81,43.58
ORD-2025-11525,2024-04-12,Logitech MX Master 3S Mouse,Technology,East,James Wilson,Bluebird Creative Labs,11,106.7,1173.7,728.42,445.28,37.94
ORD-2026-10779,2024-04-13,Premium Recycled Copy Paper (Carton),Office Supplies,West,Priya Sharma,Titan Cloud Infrastructure,9,46.94,422.46,294.84,127.62,30.21
ORD-2026-12021,2024-04-14,Samsung 2TB Portable NVMe SSD,Technology,East,Emily Watson,Titan Cloud Infrastructure,9,193.81,1744.29,1238.67,505.62,28.99
ORD-2024-12055,2024-04-14,Executive Teakwood Conference Table,Furniture,East,James Wilson,Acme Global Technologies,1,1809.39,1809.39,1469.07,340.32,18.81
ORD-2025-10004,2024-04-14,Anker 10-in-1 USB-C Docking Hub,Technology,East,Emily Watson,Apollo Industrial Equipment,12,123.15,1477.8,789.48,688.32,46.58
ORD-2024-11932,2024-04-15,ThinkPad X1 Carbon Laptop,Technology,East,Emily Watson,Bluebird Creative Labs,11,1392.13,15313.43,11773.85,3539.58,23.11
ORD-2026-11715,2024-04-15,"Dell UltraSharp 27"" 4K Monitor",Technology,South,Amina Patel,Zenith Dynamics Ltd,12,552.97,6635.64,6751.8,-116.16,-1.75
ORD-2026-11895,2024-04-15,Keychron Q3 Mechanical Keyboard,Technology,West,Robert Martinez,Apollo Industrial Equipment,3,183.82,551.46,313.26,238.2,43.19
ORD-2025-10733,2024-04-15,Anker 10-in-1 USB-C Docking Hub,Technology,North,Sarah Jenkins,Vanguard Financial Solutions,5,124.57,622.85,360.0,262.85,42.2
ORD-2025-12149,2024-04-16,Logitech MX Master 3S Mouse,Technology,East,James Wilson,Zenith Dynamics Ltd,9,102.52,922.68,546.48,376.2,40.77
ORD-2025-10217,2024-04-17,Premium Recycled Copy Paper (Carton),Office Supplies,West,Priya Sharma,Titan Cloud Infrastructure,11,49.05,539.55,363.77,175.78,32.58
ORD-2024-11122,2024-04-17,Keychron Q3 Mechanical Keyboard,Technology,West,Priya Sharma,Beacon Legal Consulting,1,176.46,176.46,97.59,78.87,44.7
ORD-2024-12412,2024-04-17,Cybersecurity Endpoint Protection Suite,Enterprise Software,East,Emily Watson,Pinnacle Healthcare Systems,1,925.18,925.18,287.22,637.96,68.96
ORD-2024-10027,2024-04-19,ThinkPad X1 Carbon Laptop,Technology,South,Amina Patel,Titan Cloud Infrastructure,2,1507.19,3014.38,2054.2,960.18,31.85
ORD-2026-11673,2024-04-19,Cloud Data Backup & Recovery License,Enterprise Software,East,Emily Watson,Zenith Dynamics Ltd,3,547.83,1643.49,497.76,1145.73,69.71
ORD-2025-10913,2024-04-19,ThinkPad X1 Carbon Laptop,Technology,East,James Wilson,Evergreen Renewable Energy,8,1427.85,11422.8,8785.36,2637.44,23.09
ORD-2024-11068,2024-04-20,Sony WH-1000XM5 Headphones,Technology,East,James Wilson,Metro Education Foundation,1,384.46,384.46,267.13,117.33,30.52
ORD-2025-10637,2024-04-22,Steel Storage Lateral Filing Cabinet,Furniture,West,Priya Sharma,Cascade BioSciences,8,346.72,2773.76,1967.92,805.84,29.05
ORD-2024-10900,2024-04-22,Herman Miller Ergonomic Chair,Furniture,South,David Rodriguez,Metro Education Foundation,2,1232.51,2465.02,1800.44,664.58,26.96
ORD-2025-12326,2024-04-23,Premium Recycled Copy Paper (Carton),Office Supplies,West,Robert Martinez,Summit Media Works,7,45.11,315.77,189.63,126.14,39.95
ORD-2024-11350,2024-04-23,Electric Dual-Motor Standing Desk,Furniture,North,Michael Chang,Silverline Manufacturing,2,689.93,1379.86,1011.62,368.24,26.69
ORD-2024-12130,2024-04-24,Keychron Q3 Mechanical Keyboard,Technology,North,Sarah Jenkins,Acme Global Technologies,4,180.09,720.36,423.6,296.76,41.2
ORD-2026-12384,2024-04-24,High-Yield Toner Cartridge Pack,Office Supplies,North,Michael Chang,Horizon Retail Partners,25,127.91,3197.75,1715.0,1482.75,46.37
ORD-2024-11050,2024-04-24,Magnetic Glass Dry-Erase Board,Office Supplies,East,James Wilson,Beacon Legal Consulting,2,216.03,432.06,271.36,160.7,37.19
ORD-2025-11072,2024-04-25,Keychron Q3 Mechanical Keyboard,Technology,South,Amina Patel,Bluebird Creative Labs,7,165.93,1161.51,760.13,401.38,34.56
ORD-2024-10993,2024-04-25,Cloud Data Backup & Recovery License,Enterprise Software,East,Emily Watson,Bluebird Creative Labs,2,560.11,1120.22,405.3,714.92,63.82
ORD-2025-11891,2024-04-26,Cloud Data Backup & Recovery License,Enterprise Software,Central,Jessica Taylor,Zenith Dynamics Ltd,3,540.08,1620.24,492.84,1127.4,69.58
ORD-2025-11018,2024-04-27,ThinkPad X1 Carbon Laptop,Technology,West,Priya Sharma,Vanguard Financial Solutions,8,1516.88,12135.04,8127.92,4007.12,33.02
ORD-2024-10363,2024-04-27,Acoustic Fabric Office Partition,Furniture,North,Michael Chang,Horizon Retail Partners,5,268.47,1342.35,902.6,439.75,32.76
ORD-2026-10815,2024-04-28,Electric Dual-Motor Standing Desk,Furniture,South,Amina Patel,Evergreen Renewable Energy,8,629.55,5036.4,3705.6,1330.8,26.42
ORD-2026-11304,2024-04-28,Cloud Data Backup & Recovery License,Enterprise Software,South,Amina Patel,Apollo Industrial Equipment,7,549.92,3849.44,3710.56,138.88,3.61
ORD-2026-11520,2024-04-28,Electric Dual-Motor Standing Desk,Furniture,North,Sarah Jenkins,Metro Education Foundation,6,707.82,4246.92,2961.6,1285.32,30.26
ORD-2024-12025,2024-04-29,Acoustic Fabric Office Partition,Furniture,East,Emily Watson,Metro Education Foundation,9,266.3,2396.7,1647.81,748.89,31.25
ORD-2026-11289,2024-04-29,"Dell UltraSharp 27"" 4K Monitor",Technology,East,Emily Watson,Zenith Dynamics Ltd,4,581.2,2324.8,2279.0,45.8,1.97
ORD-2024-11368,2024-04-30,"Dell UltraSharp 27"" 4K Monitor",Technology,West,Robert Martinez,Zenith Dynamics Ltd,11,535.67,5892.37,4382.18,1510.19,25.63
ORD-2025-11873,2024-05-01,Anker 10-in-1 USB-C Docking Hub,Technology,North,Sarah Jenkins,Apollo Industrial Equipment,5,132.15,660.75,385.9,274.85,41.6
ORD-2024-12322,2024-05-01,Steel Storage Lateral Filing Cabinet,Furniture,West,Robert Martinez,Vanguard Financial Solutions,2,350.4,700.8,478.28,222.52,31.75
ORD-2024-12106,2024-05-01,"Dell UltraSharp 27"" 4K Monitor",Technology,West,Priya Sharma,Nexus Logistics Group,2,624.11,1248.22,877.66,370.56,29.69
ORD-2026-11283,2024-05-01,Anker 10-in-1 USB-C Docking Hub,Technology,East,Emily Watson,Cascade BioSciences,9,130.11,1170.99,622.71,548.28,46.82
ORD-2026-11757,2024-05-03,"Dell UltraSharp 27"" 4K Monitor",Technology,West,Robert Martinez,Titan Cloud Infrastructure,5,611.85,3059.25,2085.75,973.5,31.82
ORD-2025-10430,2024-05-03,"Dell UltraSharp 27"" 4K Monitor",Technology,North,Sarah Jenkins,Silverline Manufacturing,11,602.03,6622.33,4266.02,2356.31,35.58
ORD-2024-11497,2024-05-03,Acoustic Fabric Office Partition,Furniture,East,Emily Watson,Cascade BioSciences,5,272.72,1363.6,878.95,484.65,35.54
ORD-2026-10470,2024-05-04,Acoustic Fabric Office Partition,Furniture,South,David Rodriguez,Nexus Logistics Group,8,263.23,2105.84,1319.68,786.16,37.33
ORD-2026-10380,2024-05-04,Magnetic Glass Dry-Erase Board,Office Supplies,South,Amina Patel,Pinnacle Healthcare Systems,3,217.19,651.57,354.93,296.64,45.53
ORD-2025-10577,2024-05-06,HP LaserJet Pro Multi-function Printer,Office Supplies,East,Emily Watson,Silverline Manufacturing,16,417.37,6677.92,6524.0,153.92,2.3
ORD-2024-11923,2024-05-06,Heavy-Duty Cross-Cut Paper Shredder,Office Supplies,North,Sarah Jenkins,Vanguard Financial Solutions,3,171.34,514.02,339.96,174.06,33.86
ORD-2026-10908,2024-05-06,Executive Teakwood Conference Table,Furniture,East,James Wilson,Evergreen Renewable Energy,2,1751.86,3503.72,2747.78,755.94,21.58
ORD-2026-12375,2024-05-06,HP LaserJet Pro Multi-function Printer,Office Supplies,South,Amina Patel,Pinnacle Healthcare Systems,6,396.26,2377.56,2010.84,366.72,15.42
ORD-2025-10394,2024-05-07,ThinkPad X1 Carbon Laptop,Technology,North,Sarah Jenkins,Evergreen Renewable Energy,1,1500.75,1500.75,1073.81,426.94,28.45
ORD-2025-11696,2024-05-07,Electric Dual-Motor Standing Desk,Furniture,North,Michael Chang,Beacon Legal Consulting,9,689.08,6201.72,4294.89,1906.83,30.75
ORD-2026-10713,2024-05-08,Sony WH-1000XM5 Headphones,Technology,South,David Rodriguez,Vanguard Financial Solutions,1,387.71,387.71,247.7,140.01,36.11
ORD-2024-11833,2024-05-09,Cloud Analytics Pro License (Annual),Enterprise Software,East,Emily Watson,Silverline Manufacturing,8,1208.56,9668.48,2455.68,7212.8,74.6
ORD-2024-12355,2024-05-09,HP LaserJet Pro Multi-function Printer,Office Supplies,East,James Wilson,Summit Media Works,19,395.74,7519.06,5573.08,1945.98,25.88
ORD-2026-11037,2024-05-09,Premium Recycled Copy Paper (Carton),Office Supplies,West,Priya Sharma,Zenith Dynamics Ltd,15,45.06,675.9,464.7,211.2,31.25
ORD-2026-11583,2024-05-09,HP LaserJet Pro Multi-function Printer,Office Supplies,North,Michael Chang,Beacon Legal Consulting,7,452.15,3165.05,2261.0,904.05,28.56
ORD-2024-10687,2024-05-10,Samsung 2TB Portable NVMe SSD,Technology,Central,Daniel Kim,Beacon Legal Consulting,1,182.81,182.81,125.62,57.19,31.28
ORD-2025-11780,2024-05-10,ThinkPad X1 Carbon Laptop,Technology,South,Amina Patel,Pinnacle Healthcare Systems,5,1455.77,7278.85,4853.8,2425.05,33.32
ORD-2026-12099,2024-05-11,Steel Storage Lateral Filing Cabinet,Furniture,South,David Rodriguez,Beacon Legal Consulting,5,335.11,1675.55,1211.05,464.5,27.72
ORD-2025-10328,2024-05-11,Premium Recycled Copy Paper (Carton),Office Supplies,North,Michael Chang,Pinnacle Healthcare Systems,22,47.72,1049.84,783.64,266.2,25.36
ORD-2024-10426,2024-05-11,Executive Teakwood Conference Table,Furniture,North,Sarah Jenkins,Bluebird Creative Labs,5,1707.67,8538.35,6481.25,2057.1,24.09
ORD-2025-11924,2024-05-12,HP LaserJet Pro Multi-function Printer,Office Supplies,North,Sarah Jenkins,Cascade BioSciences,2,437.98,875.96,603.2,272.76,31.14
ORD-2024-10516,2024-05-12,Electric Dual-Motor Standing Desk,Furniture,Central,Jessica Taylor,Horizon Retail Partners,10,689.0,6890.0,5646.4,1243.6,18.05
ORD-2026-11409,2024-05-12,Heavy-Duty Cross-Cut Paper Shredder,Office Supplies,West,Priya Sharma,Evergreen Renewable Energy,7,162.65,1138.55,1175.02,-36.47,-3.2
ORD-2025-12437,2024-05-14,Premium Recycled Copy Paper (Carton),Office Supplies,West,Priya Sharma,Acme Global Technologies,3,48.24,144.72,99.33,45.39,31.36
ORD-2025-10484,2024-05-14,Steel Storage Lateral Filing Cabinet,Furniture,North,Sarah Jenkins,Bluebird Creative Labs,1,363.86,363.86,239.12,124.74,34.28
ORD-2026-12168,2024-05-14,High-Yield Toner Cartridge Pack,Office Supplies,Central,Jessica Taylor,Cascade BioSciences,17,118.14,2008.38,1015.41,992.97,49.44
ORD-2024-10357,2024-05-15,Acoustic Fabric Office Partition,Furniture,North,Sarah Jenkins,Zenith Dynamics Ltd,8,261.85,2094.8,1473.12,621.68,29.68
ORD-2026-12204,2024-05-15,Herman Miller Ergonomic Chair,Furniture,East,Emily Watson,Horizon Retail Partners,3,1085.36,3256.08,2550.42,705.66,21.67
ORD-2024-12202,2024-05-15,Keychron Q3 Mechanical Keyboard,Technology,West,Priya Sharma,Nexus Logistics Group,12,172.23,2066.76,1374.84,691.92,33.48
ORD-2024-12274,2024-05-15,Cloud Data Backup & Recovery License,Enterprise Software,Central,Daniel Kim,Silverline Manufacturing,4,506.41,2025.64,469.84,1555.8,76.81
ORD-2025-10298,2024-05-15,Logitech MX Master 3S Mouse,Technology,East,James Wilson,Cascade BioSciences,9,101.0,909.0,593.55,315.45,34.7
ORD-2026-12324,2024-05-16,Herman Miller Ergonomic Chair,Furniture,North,Sarah Jenkins,Titan Cloud Infrastructure,8,1096.99,8775.92,7084.56,1691.36,19.27
ORD-2024-10570,2024-05-16,HP LaserJet Pro Multi-function Printer,Office Supplies,West,Robert Martinez,Silverline Manufacturing,22,398.69,8771.18,6909.1,1862.08,21.23
ORD-2025-11408,2024-05-16,Automated CRM Collaboration Seat,Enterprise Software,North,Sarah Jenkins,Beacon Legal Consulting,7,777.43,5442.01,1523.55,3918.46,72.0
ORD-2024-12421,2024-05-16,Electric Dual-Motor Standing Desk,Furniture,North,Sarah Jenkins,Silverline Manufacturing,8,733.15,5865.2,4180.8,1684.4,28.72
ORD-2024-10840,2024-05-17,Acoustic Fabric Office Partition,Furniture,West,Priya Sharma,Cascade BioSciences,5,241.37,1206.85,861.5,345.35,28.62
ORD-2026-11319,2024-05-17,Magnetic Glass Dry-Erase Board,Office Supplies,West,Robert Martinez,Acme Global Technologies,2,208.36,416.72,218.14,198.58,47.65
ORD-2026-12267,2024-05-17,Acoustic Fabric Office Partition,Furniture,West,Priya Sharma,Beacon Legal Consulting,7,280.37,1962.59,1305.08,657.51,33.5
ORD-2025-12434,2024-05-17,Samsung 2TB Portable NVMe SSD,Technology,East,Emily Watson,Acme Global Technologies,8,190.9,1527.2,1014.4,512.8,33.58
ORD-2025-11312,2024-05-18,Herman Miller Ergonomic Chair,Furniture,North,Michael Chang,Horizon Retail Partners,3,1204.96,3614.88,2593.38,1021.5,28.26
ORD-2026-10587,2024-05-18,Cloud Analytics Pro License (Annual),Enterprise Software,South,Amina Patel,Beacon Legal Consulting,7,1189.28,8324.96,2482.13,5842.83,70.18
ORD-2024-11947,2024-05-18,Electric Dual-Motor Standing Desk,Furniture,South,David Rodriguez,Zenith Dynamics Ltd,5,649.67,3248.35,2405.7,842.65,25.94
ORD-2025-11666,2024-05-18,Steel Storage Lateral Filing Cabinet,Furniture,East,James Wilson,Horizon Retail Partners,6,326.04,1956.24,1288.56,667.68,34.13
ORD-2024-10897,2024-05-19,Heavy-Duty Cross-Cut Paper Shredder,Office Supplies,North,Michael Chang,Silverline Manufacturing,3,167.83,503.49,331.26,172.23,34.21
ORD-2025-12206,2024-05-19,High-Yield Toner Cartridge Pack,Office Supplies,West,Priya Sharma,Metro Education Foundation,13,129.51,1683.63,852.54,831.09,49.36
ORD-2024-10003,2024-05-22,"Dell UltraSharp 27"" 4K Monitor",Technology,South,David Rodriguez,Acme Global Technologies,4,567.6,2270.4,1410.76,859.64,37.86
ORD-2024-10174,2024-05-22,Sony WH-1000XM5 Headphones,Technology,North,Sarah Jenkins,Bluebird Creative Labs,1,368.32,368.32,253.23,115.09,31.25
ORD-2024-11581,2024-05-23,ThinkPad X1 Carbon Laptop,Technology,East,Emily Watson,Horizon Retail Partners,7,1381.62,9671.34,7371.28,2300.06,23.78
ORD-2025-11273,2024-05-23,Logitech MX Master 3S Mouse,Technology,Central,Daniel Kim,Horizon Retail Partners,6,99.05,594.3,308.34,285.96,48.12
ORD-2026-11208,2024-05-23,Automated CRM Collaboration Seat,Enterprise Software,East,James Wilson,Bluebird Creative Labs,2,724.22,1448.44,466.76,981.68,67.77
ORD-2026-11421,2024-05-24,Magnetic Glass Dry-Erase Board,Office Supplies,South,Amina Patel,Metro Education Foundation,4,219.46,877.84,503.56,374.28,42.64
ORD-2026-11604,2024-05-24,Samsung 2TB Portable NVMe SSD,Technology,East,James Wilson,Silverline Manufacturing,8,202.61,1620.88,1656.32,-35.44,-2.19
ORD-2025-10370,2024-05-25,Cybersecurity Endpoint Protection Suite,Enterprise Software,North,Sarah Jenkins,Acme Global Technologies,7,937.59,6563.13,1799.21,4763.92,72.59
ORD-2025-11864,2024-05-25,Executive Teakwood Conference Table,Furniture,North,Michael Chang,Zenith Dynamics Ltd,9,1837.51,16537.59,12762.36,3775.23,22.83
ORD-2026-12231,2024-05-25,Electric Dual-Motor Standing Desk,Furniture,West,Priya Sharma,Metro Education Foundation,2,708.05,1416.1,1105.0,311.1,21.97
ORD-2024-11479,2024-05-27,Cloud Analytics Pro License (Annual),Enterprise Software,East,James Wilson,Acme Global Technologies,6,1127.79,6766.74,1443.96,5322.78,78.66
ORD-2026-11919,2024-05-27,Magnetic Glass Dry-Erase Board,Office Supplies,West,Priya Sharma,Bluebird Creative Labs,11,203.45,2237.95,1365.32,872.63,38.99
ORD-2026-10728,2024-05-27,Electric Dual-Motor Standing Desk,Furniture,Central,Jessica Taylor,Cascade BioSciences,10,662.09,6620.9,4755.0,1865.9,28.18
ORD-2025-10070,2024-05-27,Samsung 2TB Portable NVMe SSD,Technology,East,Emily Watson,Zenith Dynamics Ltd,2,204.59,409.18,273.4,135.78,33.18
ORD-2025-12461,2024-05-27,Samsung 2TB Portable NVMe SSD,Technology,East,James Wilson,Evergreen Renewable Energy,6,194.0,1164.0,774.72,389.28,33.44
ORD-2025-10199,2024-05-27,"Dell UltraSharp 27"" 4K Monitor",Technology,East,James Wilson,Bluebird Creative Labs,9,603.77,5433.93,3409.47,2024.46,37.26
ORD-2024-11980,2024-05-28,Premium Recycled Copy Paper (Carton),Office Supplies,Central,Jessica Taylor,Nexus Logistics Group,10,46.33,463.3,293.5,169.8,36.65
ORD-2026-10128,2024-05-28,"Dell UltraSharp 27"" 4K Monitor",Technology,West,Robert Martinez,Metro Education Foundation,6,624.92,3749.52,2616.48,1133.04,30.22
ORD-2025-12467,2024-05-28,Herman Miller Ergonomic Chair,Furniture,East,James Wilson,Bluebird Creative Labs,3,1184.6,3553.8,3607.65,-53.85,-1.52
ORD-2024-11653,2024-05-28,Keychron Q3 Mechanical Keyboard,Technology,East,Emily Watson,Nexus Logistics Group,4,184.97,739.88,448.8,291.08,39.34
ORD-2025-10388,2024-05-29,Electric Dual-Motor Standing Desk,Furniture,North,Michael Chang,Silverline Manufacturing,4,643.06,2572.24,1770.68,801.56,31.16
ORD-2024-11881,2024-05-29,ThinkPad X1 Carbon Laptop,Technology,West,Robert Martinez,Horizon Retail Partners,1,1501.12,1501.12,1108.2,392.92,26.18
ORD-2025-12179,2024-05-29,High-Yield Toner Cartridge Pack,Office Supplies,West,Robert Martinez,Cascade BioSciences,4,120.71,482.84,226.08,256.76,53.18
ORD-2025-12029,2024-05-29,HP LaserJet Pro Multi-function Printer,Office Supplies,Central,Jessica Taylor,Cascade BioSciences,17,435.52,7403.84,5491.68,1912.16,25.83
ORD-2025-12371,2024-05-30,"Dell UltraSharp 27"" 4K Monitor",Technology,South,David Rodriguez,Summit Media Works,6,600.62,3603.72,3503.64,100.08,2.78
ORD-2024-12148,2024-05-30,Anker 10-in-1 USB-C Docking Hub,Technology,East,Emily Watson,Nexus Logistics Group,10,139.0,1390.0,614.6,775.4,55.78
ORD-2024-11101,2024-05-31,High-Yield Toner Cartridge Pack,Office Supplies,South,David Rodriguez,Bluebird Creative Labs,8,125.39,1003.12,479.2,523.92,52.23
ORD-2024-10801,2024-05-31,Keychron Q3 Mechanical Keyboard,Technology,North,Sarah Jenkins,Pinnacle Healthcare Systems,12,174.28,2091.36,1353.84,737.52,35.27
ORD-2025-11972,2024-05-31,Keychron Q3 Mechanical Keyboard,Technology,North,Sarah Jenkins,Evergreen Renewable Energy,2,165.44,330.88,223.5,107.38,32.45
ORD-2026-10524,2024-06-01,HP LaserJet Pro Multi-function Printer,Office Supplies,South,Amina Patel,Apollo Industrial Equipment,15,390.22,5853.3,6003.45,-150.15,-2.57
ORD-2026-10704,2024-06-01,Cybersecurity Endpoint Protection Suite,Enterprise Software,East,James Wilson,Beacon Legal Consulting,2,935.63,1871.26,558.44,1312.82,70.16
ORD-2026-10836,2024-06-01,Sony WH-1000XM5 Headphones,Technology,South,Amina Patel,Cascade BioSciences,12,378.9,4546.8,3318.96,1227.84,27.0
ORD-2024-11338,2024-06-02,Logitech MX Master 3S Mouse,Technology,East,James Wilson,Zenith Dynamics Ltd,1,103.59,103.59,63.24,40.35,38.95
ORD-2025-10799,2024-06-02,Premium Recycled Copy Paper (Carton),Office Supplies,North,Michael Chang,Bluebird Creative Labs,21,47.93,1006.53,978.18,28.35,2.82
ORD-2025-10400,2024-06-03,Premium Recycled Copy Paper (Carton),Office Supplies,West,Priya Sharma,Bluebird Creative Labs,2,46.11,92.22,64.04,28.18,30.56
ORD-2025-11612,2024-06-03,Automated CRM Collaboration Seat,Enterprise Software,East,James Wilson,Silverline Manufacturing,8,709.86,5678.88,2163.52,3515.36,61.9
ORD-2026-10476,2024-06-03,Cloud Data Backup & Recovery License,Enterprise Software,East,Emily Watson,Horizon Retail Partners,2,529.07,1058.14,331.68,726.46,68.65
ORD-2025-11783,2024-06-04,"Dell UltraSharp 27"" 4K Monitor",Technology,East,Emily Watson,Summit Media Works,4,612.7,2450.8,1791.92,658.88,26.88
ORD-2025-11534,2024-06-04,Heavy-Duty Cross-Cut Paper Shredder,Office Supplies,West,Priya Sharma,Vanguard Financial Solutions,4,147.62,590.48,372.08,218.4,36.99
ORD-2024-11596,2024-06-04,Electric Dual-Motor Standing Desk,Furniture,North,Sarah Jenkins,Vanguard Financial Solutions,4,731.61,2926.44,2060.12,866.32,29.6
ORD-2025-12440,2024-06-06,Acoustic Fabric Office Partition,Furniture,West,Priya Sharma,Metro Education Foundation,1,272.98,272.98,175.78,97.2,35.61
ORD-2026-11427,2024-06-07,Cloud Analytics Pro License (Annual),Enterprise Software,North,Michael Chang,Pinnacle Healthcare Systems,4,1209.94,4839.76,1403.96,3435.8,70.99
ORD-2024-11713,2024-06-07,ThinkPad X1 Carbon Laptop,Technology,Central,Daniel Kim,Nexus Logistics Group,2,1449.52,2899.04,2129.18,769.86,26.56
ORD-2024-12277,2024-06-07,Electric Dual-Motor Standing Desk,Furniture,North,Michael Chang,Apollo Industrial Equipment,7,659.85,4618.95,3121.09,1497.86,32.43
ORD-2024-12088,2024-06-07,Electric Dual-Motor Standing Desk,Furniture,West,Priya Sharma,Beacon Legal Consulting,8,634.82,5078.56,3300.72,1777.84,35.01
ORD-2026-12015,2024-06-08,"Dell UltraSharp 27"" 4K Monitor",Technology,West,Priya Sharma,Beacon Legal Consulting,12,549.34,6592.08,4749.96,1842.12,27.94
ORD-2026-11403,2024-06-09,Samsung 2TB Portable NVMe SSD,Technology,East,James Wilson,Silverline Manufacturing,7,199.65,1397.55,1084.16,313.39,22.42
ORD-2026-12171,2024-06-09,Keychron Q3 Mechanical Keyboard,Technology,North,Michael Chang,Horizon Retail Partners,8,185.64,1485.12,883.12,602.0,40.54
ORD-2024-11590,2024-06-09,Logitech MX Master 3S Mouse,Technology,East,Emily Watson,Summit Media Works,4,104.53,418.12,246.72,171.4,40.99
ORD-2025-12449,2024-06-09,Electric Dual-Motor Standing Desk,Furniture,East,James Wilson,Titan Cloud Infrastructure,7,678.05,4746.35,3306.1,1440.25,30.34
ORD-2024-11848,2024-06-09,Automated CRM Collaboration Seat,Enterprise Software,North,Michael Chang,Acme Global Technologies,7,716.07,5012.49,2116.8,2895.69,57.77
ORD-2026-10983,2024-06-09,Cloud Data Backup & Recovery License,Enterprise Software,North,Sarah Jenkins,Apollo Industrial Equipment,6,534.7,3208.2,876.54,2331.66,72.68
ORD-2026-10323,2024-06-10,Logitech MX Master 3S Mouse,Technology,North,Michael Chang,Beacon Legal Consulting,11,103.24,1135.64,602.58,533.06,46.94
ORD-2025-10292,2024-06-10,Executive Teakwood Conference Table,Furniture,North,Sarah Jenkins,Beacon Legal Consulting,5,1994.46,9972.3,7133.95,2838.35,28.46
ORD-2026-11529,2024-06-10,Steel Storage Lateral Filing Cabinet,Furniture,Central,Jessica Taylor,Vanguard Financial Solutions,9,355.11,3195.99,2367.45,828.54,25.92
ORD-2026-12183,2024-06-10,Automated CRM Collaboration Seat,Enterprise Software,South,David Rodriguez,Summit Media Works,2,763.69,1527.38,492.36,1035.02,67.76
ORD-2026-10848,2024-06-10,Samsung 2TB Portable NVMe SSD,Technology,South,David Rodriguez,Vanguard Financial Solutions,4,188.95,755.8,546.32,209.48,27.72
ORD-2024-11587,2024-06-10,Samsung 2TB Portable NVMe SSD,Technology,East,Emily Watson,Horizon Retail Partners,12,199.14,2389.68,1546.92,842.76,35.27
ORD-2025-10085,2024-06-11,Cloud Analytics Pro License (Annual),Enterprise Software,North,Michael Chang,Titan Cloud Infrastructure,8,1168.63,9349.04,2842.88,6506.16,69.59
ORD-2025-10916,2024-06-12,Steel Storage Lateral Filing Cabinet,Furniture,East,Emily Watson,Nexus Logistics Group,5,349.02,1745.1,1239.8,505.3,28.96
ORD-2025-10781,2024-06-12,Magnetic Glass Dry-Erase Board,Office Supplies,North,Sarah Jenkins,Evergreen Renewable Energy,21,199.7,4193.7,2663.43,1530.27,36.49
ORD-2025-12134,2024-06-13,Electric Dual-Motor Standing Desk,Furniture,West,Robert Martinez,Summit Media Works,10,632.76,6327.6,4365.0,1962.6,31.02
ORD-2024-11365,2024-06-14,Premium Recycled Copy Paper (Carton),Office Supplies,West,Priya Sharma,Silverline Manufacturing,7,50.58,354.06,249.62,104.44,29.5
ORD-2026-10164,2024-06-14,HP LaserJet Pro Multi-function Printer,Office Supplies,North,Sarah Jenkins,Metro Education Foundation,10,444.66,4446.6,3079.9,1366.7,30.74
ORD-2026-11622,2024-06-14,Heavy-Duty Cross-Cut Paper Shredder,Office Supplies,North,Sarah Jenkins,Cascade BioSciences,2,154.12,308.24,321.54,-13.3,-4.31
ORD-2026-11109,2024-06-15,Executive Teakwood Conference Table,Furniture,West,Robert Martinez,Beacon Legal Consulting,7,1836.46,12855.22,10319.12,2536.1,19.73
ORD-2025-10256,2024-06-15,Premium Recycled Copy Paper (Carton),Office Supplies,South,Amina Patel,Horizon Retail Partners,19,50.74,964.06,639.54,324.52,33.66
ORD-2024-10654,2024-06-15,Cybersecurity Endpoint Protection Suite,Enterprise Software,West,Robert Martinez,Bluebird Creative Labs,1,1023.52,1023.52,367.33,656.19,64.11
ORD-2026-10176,2024-06-15,High-Yield Toner Cartridge Pack,Office Supplies,East,James Wilson,Titan Cloud Infrastructure,20,115.61,2312.2,1100.0,1212.2,52.43
ORD-2026-11571,2024-06-16,Samsung 2TB Portable NVMe SSD,Technology,East,James Wilson,Pinnacle Healthcare Systems,1,195.29,195.29,137.54,57.75,29.57
ORD-2026-10755,2024-06-16,Cybersecurity Endpoint Protection Suite,Enterprise Software,East,James Wilson,Vanguard Financial Solutions,1,915.0,915.0,283.97,631.03,68.97
ORD-2024-11302,2024-06-18,HP LaserJet Pro Multi-function Printer,Office Supplies,East,Emily Watson,Metro Education Foundation,12,400.36,4804.32,3865.56,938.76,19.54
ORD-2025-10868,2024-06-18,Sony WH-1000XM5 Headphones,Technology,West,Robert Martinez,Silverline Manufacturing,11,373.6,4109.6,3051.73,1057.87,25.74
ORD-2025-10973,2024-06-18,Electric Dual-Motor Standing Desk,Furniture,East,James Wilson,Cascade BioSciences,2,649.66,1299.32,892.4,406.92,31.32
ORD-2025-12317,2024-06-18,High-Yield Toner Cartridge Pack,Office Supplies,West,Priya Sharma,Silverline Manufacturing,25,124.9,3122.5,1381.25,1741.25,55.76
ORD-2024-11242,2024-06-19,Cloud Data Backup & Recovery License,Enterprise Software,North,Sarah Jenkins,Pinnacle Healthcare Systems,7,549.73,3848.11,1120.49,2727.62,70.88
ORD-2024-11620,2024-06-19,Logitech MX Master 3S Mouse,Technology,North,Michael Chang,Titan Cloud Infrastructure,12,98.41,1180.92,632.64,548.28,46.43
ORD-2024-10051,2024-06-20,Anker 10-in-1 USB-C Docking Hub,Technology,West,Priya Sharma,Zenith Dynamics Ltd,5,127.7,638.5,350.65,287.85,45.08
ORD-2025-11078,2024-06-21,Premium Recycled Copy Paper (Carton),Office Supplies,Central,Jessica Taylor,Metro Education Foundation,15,45.93,688.95,451.05,237.9,34.53
ORD-2026-10236,2024-06-21,Anker 10-in-1 USB-C Docking Hub,Technology,West,Priya Sharma,Nexus Logistics Group,10,130.36,1303.6,750.8,552.8,42.41
ORD-2024-10240,2024-06-22,Executive Teakwood Conference Table,Furniture,Central,Daniel Kim,Apollo Industrial Equipment,2,1778.75,3557.5,3026.5,531.0,14.93
ORD-2026-10527,2024-06-22,Logitech MX Master 3S Mouse,Technology,East,James Wilson,Cascade BioSciences,3,96.7,290.1,179.01,111.09,38.29
ORD-2026-11820,2024-06-22,"Dell UltraSharp 27"" 4K Monitor",Technology,East,James Wilson,Acme Global Technologies,9,535.71,4821.39,3412.71,1408.68,29.22
ORD-2026-12483,2024-06-23,Sony WH-1000XM5 Headphones,Technology,West,Robert Martinez,Acme Global Technologies,1,351.26,351.26,224.46,126.8,36.1
ORD-2025-10343,2024-06-23,Herman Miller Ergonomic Chair,Furniture,East,James Wilson,Summit Media Works,7,1060.23,7421.61,5937.4,1484.21,20.0
ORD-2026-11703,2024-06-25,Cloud Data Backup & Recovery License,Enterprise Software,South,David Rodriguez,Titan Cloud Infrastructure,2,576.45,1152.9,328.26,824.64,71.53
ORD-2024-10339,2024-06-25,Keychron Q3 Mechanical Keyboard,Technology,Central,Daniel Kim,Metro Education Foundation,12,183.21,2198.52,1400.88,797.64,36.28
ORD-2025-10595,2024-06-25,Premium Recycled Copy Paper (Carton),Office Supplies,Central,Daniel Kim,Evergreen Renewable Energy,18,50.45,908.1,587.7,320.4,35.28
ORD-2026-10989,2024-06-26,Cloud Analytics Pro License (Annual),Enterprise Software,East,James Wilson,Titan Cloud Infrastructure,2,1151.16,2302.32,634.42,1667.9,72.44
ORD-2024-12115,2024-06-27,Executive Teakwood Conference Table,Furniture,West,Priya Sharma,Pinnacle Healthcare Systems,8,1944.69,15557.52,12050.16,3507.36,22.54
ORD-2025-10772,2024-06-27,Herman Miller Ergonomic Chair,Furniture,North,Michael Chang,Apollo Industrial Equipment,5,1080.17,5400.85,3808.15,1592.7,29.49
ORD-2024-10498,2024-06-28,Magnetic Glass Dry-Erase Board,Office Supplies,North,Michael Chang,Titan Cloud Infrastructure,4,226.55,906.2,585.12,321.08,35.43
ORD-2026-12480,2024-06-28,Heavy-Duty Cross-Cut Paper Shredder,Office Supplies,West,Priya Sharma,Beacon Legal Consulting,8,155.73,1245.84,830.24,415.6,33.36
ORD-2025-11270,2024-06-28,Anker 10-in-1 USB-C Docking Hub,Technology,East,James Wilson,Titan Cloud Infrastructure,2,129.75,259.5,142.32,117.18,45.16
ORD-2026-12195,2024-06-28,Herman Miller Ergonomic Chair,Furniture,North,Sarah Jenkins,Acme Global Technologies,6,1061.41,6368.46,5203.92,1164.54,18.29
ORD-2026-10869,2024-06-29,Keychron Q3 Mechanical Keyboard,Technology,West,Priya Sharma,Cascade BioSciences,5,161.57,807.85,502.9,304.95,37.75
ORD-2024-11896,2024-06-29,Cloud Analytics Pro License (Annual),Enterprise Software,South,David Rodriguez,Nexus Logistics Group,6,1259.47,7556.82,2522.7,5034.12,66.62
ORD-2026-10857,2024-06-29,Electric Dual-Motor Standing Desk,Furniture,West,Priya Sharma,Pinnacle Healthcare Systems,5,664.75,3323.75,2132.55,1191.2,35.84
ORD-2024-10588,2024-06-30,Steel Storage Lateral Filing Cabinet,Furniture,North,Michael Chang,Bluebird Creative Labs,6,355.13,2130.78,1467.9,662.88,31.11
ORD-2025-12209,2024-06-30,Automated CRM Collaboration Seat,Enterprise Software,West,Robert Martinez,Pinnacle Healthcare Systems,8,700.4,5603.2,1970.0,3633.2,64.84
ORD-2025-12227,2024-06-30,"Dell UltraSharp 27"" 4K Monitor",Technology,West,Robert Martinez,Bluebird Creative Labs,4,608.94,2435.76,1724.12,711.64,29.22
ORD-2025-10517,2024-07-01,HP LaserJet Pro Multi-function Printer,Office Supplies,East,James Wilson,Cascade BioSciences,6,432.24,2593.44,1935.9,657.54,25.35
ORD-2025-11969,2024-07-01,Herman Miller Ergonomic Chair,Furniture,West,Priya Sharma,Metro Education Foundation,8,1176.77,9414.16,6874.8,2539.36,26.97
ORD-2026-10482,2024-07-01,Steel Storage Lateral Filing Cabinet,Furniture,East,Emily Watson,Horizon Retail Partners,4,330.49,1321.96,1066.24,255.72,19.34
ORD-2025-10250,2024-07-01,Premium Recycled Copy Paper (Carton),Office Supplies,East,James Wilson,Bluebird Creative Labs,7,47.71,333.97,208.81,125.16,37.48
ORD-2024-12235,2024-07-03,Cloud Data Backup & Recovery License,Enterprise Software,North,Michael Chang,Apollo Industrial Equipment,2,538.82,1077.64,301.92,775.72,71.98
ORD-2026-11682,2024-07-03,Herman Miller Ergonomic Chair,Furniture,North,Michael Chang,Summit Media Works,6,1218.3,7309.8,5593.8,1716.0,23.48
ORD-2024-11098,2024-07-03,Premium Recycled Copy Paper (Carton),Office Supplies,North,Michael Chang,Zenith Dynamics Ltd,7,51.02,357.14,209.23,147.91,41.42
ORD-2026-10212,2024-07-03,Logitech MX Master 3S Mouse,Technology,West,Robert Martinez,Evergreen Renewable Energy,6,102.7,616.2,371.58,244.62,39.7
ORD-2026-12486,2024-07-03,"Dell UltraSharp 27"" 4K Monitor",Technology,West,Robert Martinez,Titan Cloud Infrastructure,8,560.82,4486.56,3027.84,1458.72,32.51
ORD-2025-10766,2024-07-04,HP LaserJet Pro Multi-function Printer,Office Supplies,East,Emily Watson,Silverline Manufacturing,15,409.97,6149.55,4835.4,1314.15,21.37
ORD-2025-11396,2024-07-05,Acoustic Fabric Office Partition,Furniture,West,Robert Martinez,Metro Education Foundation,2,258.63,517.26,360.6,156.66,30.29
ORD-2026-10644,2024-07-05,Samsung 2TB Portable NVMe SSD,Technology,West,Robert Martinez,Bluebird Creative Labs,7,188.01,1316.07,931.77,384.3,29.2
ORD-2026-10053,2024-07-05,Sony WH-1000XM5 Headphones,Technology,West,Robert Martinez,Apollo Industrial Equipment,2,355.15,710.3,439.2,271.1,38.17
ORD-2026-10347,2024-07-06,Cloud Data Backup & Recovery License,Enterprise Software,East,Emily Watson,Pinnacle Healthcare Systems,6,517.57,3105.42,929.88,2175.54,70.06
ORD-2024-10048,2024-07-06,Cloud Data Backup & Recovery License,Enterprise Software,West,Robert Martinez,Beacon Legal Consulting,2,521.15,1042.3,332.06,710.24,68.14
ORD-2026-11655,2024-07-06,Keychron Q3 Mechanical Keyboard,Technology,North,Sarah Jenkins,Summit Media Works,4,164.39,657.56,438.68,218.88,33.29
ORD-2026-10980,2024-07-06,HP LaserJet Pro Multi-function Printer,Office Supplies,North,Michael Chang,Pinnacle Healthcare Systems,18,388.99,7001.82,5221.08,1780.74,25.43
ORD-2026-11550,2024-07-06,HP LaserJet Pro Multi-function Printer,Office Supplies,East,Emily Watson,Summit Media Works,4,434.7,1738.8,1262.68,476.12,27.38
ORD-2024-11092,2024-07-07,Keychron Q3 Mechanical Keyboard,Technology,North,Sarah Jenkins,Bluebird Creative Labs,1,168.63,168.63,97.31,71.32,42.29
ORD-2026-11910,2024-07-07,Premium Recycled Copy Paper (Carton),Office Supplies,East,James Wilson,Summit Media Works,5,50.31,251.55,157.05,94.5,37.57
ORD-2024-11146,2024-07-08,High-Yield Toner Cartridge Pack,Office Supplies,West,Robert Martinez,Bluebird Creative Labs,8,130.32,1042.56,574.88,467.68,44.86
ORD-2024-10393,2024-07-08,Executive Teakwood Conference Table,Furniture,East,Emily Watson,Apollo Industrial Equipment,1,1755.06,1755.06,1448.34,306.72,17.48
ORD-2026-10260,2024-07-08,Executive Teakwood Conference Table,Furniture,East,James Wilson,Zenith Dynamics Ltd,10,1912.23,19122.3,15147.7,3974.6,20.79
ORD-2024-10243,2024-07-08,Keychron Q3 Mechanical Keyboard,Technology,Central,Daniel Kim,Horizon Retail Partners,8,162.93,1303.44,813.36,490.08,37.6
ORD-2026-10986,2024-07-08,"Dell UltraSharp 27"" 4K Monitor",Technology,West,Robert Martinez,Silverline Manufacturing,8,537.29,4298.32,2954.72,1343.6,31.26
ORD-2024-10315,2024-07-09,Cloud Data Backup & Recovery License,Enterprise Software,East,James Wilson,Evergreen Renewable Energy,4,521.36,2085.44,597.68,1487.76,71.34
ORD-2026-12066,2024-07-10,Premium Recycled Copy Paper (Carton),Office Supplies,East,James Wilson,Bluebird Creative Labs,2,51.08,102.16,66.12,36.04,35.28
ORD-2026-10107,2024-07-10,Sony WH-1000XM5 Headphones,Technology,East,James Wilson,Evergreen Renewable Energy,3,364.08,1092.24,715.65,376.59,34.48
ORD-2025-11282,2024-07-11,Executive Teakwood Conference Table,Furniture,East,James Wilson,Vanguard Financial Solutions,10,1842.89,18428.9,15102.1,3326.8,18.05
ORD-2025-11843,2024-07-11,Acoustic Fabric Office Partition,Furniture,East,James Wilson,Bluebird Creative Labs,8,249.03,1992.24,1350.24,642.0,32.23
ORD-2026-11784,2024-07-11,Herman Miller Ergonomic Chair,Furniture,North,Michael Chang,Beacon Legal Consulting,1,1143.11,1143.11,792.69,350.42,30.65
ORD-2025-12182,2024-07-11,Steel Storage Lateral Filing Cabinet,Furniture,West,Robert Martinez,Vanguard Financial Solutions,7,365.65,2559.55,1894.55,665.0,25.98
ORD-2026-11751,2024-07-11,Premium Recycled Copy Paper (Carton),Office Supplies,North,Sarah Jenkins,Pinnacle Healthcare Systems,5,45.73,228.65,151.7,76.95,33.65
ORD-2025-10016,2024-07-12,Sony WH-1000XM5 Headphones,Technology,North,Sarah Jenkins,Silverline Manufacturing,2,380.65,761.3,503.74,257.56,33.83
ORD-2024-12382,2024-07-12,Electric Dual-Motor Standing Desk,Furniture,South,Amina Patel,Pinnacle Healthcare Systems,9,721.89,6497.01,4285.08,2211.93,34.05
ORD-2025-10958,2024-07-12,Cybersecurity Endpoint Protection Suite,Enterprise Software,South,David Rodriguez,Acme Global Technologies,4,924.8,3699.2,1179.52,2519.68,68.11
ORD-2026-12210,2024-07-12,Executive Teakwood Conference Table,Furniture,West,Priya Sharma,Horizon Retail Partners,9,1951.54,17563.86,13461.12,4102.74,23.36
ORD-2024-11815,2024-07-13,Cloud Data Backup & Recovery License,Enterprise Software,East,Emily Watson,Summit Media Works,3,562.48,1687.44,540.18,1147.26,67.99
ORD-2026-11868,2024-07-13,Cloud Analytics Pro License (Annual),Enterprise Software,East,Emily Watson,Titan Cloud Infrastructure,8,1226.24,9809.92,2554.0,7255.92,73.97
ORD-2026-10611,2024-07-13,Logitech MX Master 3S Mouse,Technology,South,Amina Patel,Evergreen Renewable Energy,8,97.95,783.6,442.0,341.6,43.59
ORD-2024-11434,2024-07-13,Acoustic Fabric Office Partition,Furniture,North,Michael Chang,Bluebird Creative Labs,8,246.03,1968.24,1439.12,529.12,26.88
ORD-2025-10907,2024-07-13,HP LaserJet Pro Multi-function Printer,Office Supplies,East,Emily Watson,Zenith Dynamics Ltd,5,420.85,2104.25,1549.45,554.8,26.37
ORD-2024-12211,2024-07-13,Cloud Data Backup & Recovery License,Enterprise Software,South,Amina Patel,Acme Global Technologies,3,566.75,1700.25,513.42,1186.83,69.8
ORD-2026-12156,2024-07-14,Heavy-Duty Cross-Cut Paper Shredder,Office Supplies,West,Robert Martinez,Acme Global Technologies,5,155.42,777.1,473.6,303.5,39.06
ORD-2024-10306,2024-07-15,Samsung 2TB Portable NVMe SSD,Technology,North,Michael Chang,Bluebird Creative Labs,6,197.23,1183.38,804.06,379.32,32.05
ORD-2025-11720,2024-07-16,Sony WH-1000XM5 Headphones,Technology,Central,Daniel Kim,Summit Media Works,5,380.87,1904.35,1114.15,790.2,41.49
ORD-2025-10367,2024-07-16,Anker 10-in-1 USB-C Docking Hub,Technology,West,Priya Sharma,Pinnacle Healthcare Systems,10,138.45,1384.5,757.6,626.9,45.28
ORD-2024-12109,2024-07-16,Samsung 2TB Portable NVMe SSD,Technology,East,Emily Watson,Nexus Logistics Group,9,186.4,1677.6,1080.27,597.33,35.61
ORD-2026-11718,2024-07-17,Electric Dual-Motor Standing Desk,Furniture,East,Emily Watson,Zenith Dynamics Ltd,6,633.61,3801.66,2821.26,980.4,25.79
ORD-2026-10443,2024-07-17,Automated CRM Collaboration Seat,Enterprise Software,South,Amina Patel,Pinnacle Healthcare Systems,1,687.6,687.6,228.5,459.1,66.77
ORD-2026-10746,2024-07-18,Herman Miller Ergonomic Chair,Furniture,West,Robert Martinez,Summit Media Works,3,1197.63,3592.89,2692.5,900.39,25.06
ORD-2026-12408,2024-07-18,Magnetic Glass Dry-Erase Board,Office Supplies,North,Michael Chang,Nexus Logistics Group,17,198.93,3381.81,1853.0,1528.81,45.21
ORD-2024-10876,2024-07-18,Samsung 2TB Portable NVMe SSD,Technology,North,Michael Chang,Apollo Industrial Equipment,7,203.95,1427.65,1015.14,412.51,28.89
ORD-2025-10109,2024-07-19,Anker 10-in-1 USB-C Docking Hub,Technology,West,Robert Martinez,Cascade BioSciences,7,136.6,956.2,573.79,382.41,39.99
ORD-2025-10715,2024-07-20,Cloud Data Backup & Recovery License,Enterprise Software,Central,Jessica Taylor,Nexus Logistics Group,6,540.25,3241.5,1131.84,2109.66,65.08
ORD-2025-12470,2024-07-22,Steel Storage Lateral Filing Cabinet,Furniture,South,Amina Patel,Evergreen Renewable Energy,3,327.61,982.83,672.72,310.11,31.55
ORD-2024-11086,2024-07-22,Heavy-Duty Cross-Cut Paper Shredder,Office Supplies,East,James Wilson,Evergreen Renewable Energy,20,162.16,3243.2,2063.0,1180.2,36.39
ORD-2024-12184,2024-07-23,Automated CRM Collaboration Seat,Enterprise Software,West,Robert Martinez,Pinnacle Healthcare Systems,3,689.46,2068.38,783.39,1284.99,62.13
ORD-2025-10718,2024-07-24,Electric Dual-Motor Standing Desk,Furniture,North,Michael Chang,Cascade BioSciences,8,688.79,5510.32,3968.72,1541.6,27.98
ORD-2025-11933,2024-07-24,Executive Teakwood Conference Table,Furniture,West,Priya Sharma,Vanguard Financial Solutions,4,1748.53,6994.12,5061.2,1932.92,27.64
ORD-2025-10871,2024-07-24,Cloud Analytics Pro License (Annual),Enterprise Software,Central,Jessica Taylor,Metro Education Foundation,3,1203.88,3611.64,854.13,2757.51,76.35
ORD-2025-10472,2024-07-25,Heavy-Duty Cross-Cut Paper Shredder,Office Supplies,West,Robert Martinez,Nexus Logistics Group,8,157.05,1256.4,869.52,386.88,30.79
ORD-2024-11248,2024-07-25,Anker 10-in-1 USB-C Docking Hub,Technology,West,Priya Sharma,Pinnacle Healthcare Systems,8,131.11,1048.88,598.56,450.32,42.93
ORD-2026-11883,2024-07-25,Electric Dual-Motor Standing Desk,Furniture,East,Emily Watson,Titan Cloud Infrastructure,8,665.32,5322.56,3803.04,1519.52,28.55
ORD-2024-11716,2024-07-25,Cloud Analytics Pro License (Annual),Enterprise Software,East,James Wilson,Vanguard Financial Solutions,8,1170.83,9366.64,2146.48,7220.16,77.08
ORD-2025-11723,2024-07-26,Anker 10-in-1 USB-C Docking Hub,Technology,North,Michael Chang,Nexus Logistics Group,3,123.49,370.47,211.8,158.67,42.83
ORD-2024-11062,2024-07-26,Logitech MX Master 3S Mouse,Technology,East,James Wilson,Pinnacle Healthcare Systems,2,94.69,189.38,104.58,84.8,44.78
ORD-2025-10277,2024-07-26,Heavy-Duty Cross-Cut Paper Shredder,Office Supplies,South,David Rodriguez,Acme Global Technologies,8,156.46,1251.68,812.08,439.6,35.12
ORD-2024-10795,2024-07-27,Anker 10-in-1 USB-C Docking Hub,Technology,Central,Jessica Taylor,Cascade BioSciences,6,129.67,778.02,441.12,336.9,43.3
ORD-2026-10572,2024-07-27,Sony WH-1000XM5 Headphones,Technology,West,Robert Martinez,Bluebird Creative Labs,2,358.52,717.04,478.44,238.6,33.28
ORD-2026-11658,2024-07-27,Anker 10-in-1 USB-C Docking Hub,Technology,South,David Rodriguez,Metro Education Foundation,8,130.99,1047.92,568.88,479.04,45.71
ORD-2026-10017,2024-07-28,Magnetic Glass Dry-Erase Board,Office Supplies,Central,Jessica Taylor,Vanguard Financial Solutions,9,204.06,1836.54,1171.17,665.37,36.23
ORD-2026-11301,2024-07-29,Executive Teakwood Conference Table,Furniture,East,Emily Watson,Horizon Retail Partners,5,1882.43,9412.15,9066.9,345.25,3.67
ORD-2025-11234,2024-07-29,Sony WH-1000XM5 Headphones,Technology,East,Emily Watson,Bluebird Creative Labs,1,378.61,378.61,223.45,155.16,40.98
ORD-2025-10535,2024-07-30,Acoustic Fabric Office Partition,Furniture,Central,Daniel Kim,Vanguard Financial Solutions,2,267.17,534.34,412.14,122.2,22.87
ORD-2024-10522,2024-07-30,High-Yield Toner Cartridge Pack,Office Supplies,South,David Rodriguez,Evergreen Renewable Energy,19,127.27,2418.13,1259.32,1158.81,47.92
ORD-2026-11016,2024-07-30,Keychron Q3 Mechanical Keyboard,Technology,North,Michael Chang,Cascade BioSciences,8,170.4,1363.2,796.32,566.88,41.58
ORD-2026-10497,2024-07-30,"Dell UltraSharp 27"" 4K Monitor",Technology,East,Emily Watson,Summit Media Works,9,610.1,5490.9,3976.2,1514.7,27.59
ORD-2024-11125,2024-07-31,Anker 10-in-1 USB-C Docking Hub,Technology,North,Sarah Jenkins,Acme Global Technologies,10,139.0,1390.0,673.4,716.6,51.55
ORD-2024-10255,2024-08-01,Herman Miller Ergonomic Chair,Furniture,South,David Rodriguez,Bluebird Creative Labs,8,1226.38,9811.04,6934.4,2876.64,29.32
ORD-2026-11610,2024-08-01,Cloud Analytics Pro License (Annual),Enterprise Software,Central,Jessica Taylor,Beacon Legal Consulting,7,1143.56,8004.92,2357.04,5647.88,70.56
ORD-2025-10964,2024-08-01,Sony WH-1000XM5 Headphones,Technology,North,Sarah Jenkins,Summit Media Works,4,374.74,1498.96,1089.6,409.36,27.31
ORD-2024-12028,2024-08-01,High-Yield Toner Cartridge Pack,Office Supplies,East,James Wilson,Cascade BioSciences,25,127.16,3179.0,1785.5,1393.5,43.83
ORD-2026-12129,2024-08-02,Magnetic Glass Dry-Erase Board,Office Supplies,North,Michael Chang,Metro Education Foundation,4,224.05,896.2,496.4,399.8,44.61
ORD-2024-10060,2024-08-02,Premium Recycled Copy Paper (Carton),Office Supplies,Central,Jessica Taylor,Pinnacle Healthcare Systems,5,44.51,222.55,151.5,71.05,31.93
ORD-2024-10147,2024-08-02,Steel Storage Lateral Filing Cabinet,Furniture,North,Sarah Jenkins,Bluebird Creative Labs,5,317.28,1586.4,1039.3,547.1,34.49
ORD-2024-10348,2024-08-02,Cybersecurity Endpoint Protection Suite,Enterprise Software,Central,Jessica Taylor,Apollo Industrial Equipment,4,962.41,3849.64,1261.04,2588.6,67.24
ORD-2026-12048,2024-08-02,Cloud Data Backup & Recovery License,Enterprise Software,South,David Rodriguez,Evergreen Renewable Energy,5,551.95,2759.75,713.3,2046.45,74.15
ORD-2024-10009,2024-08-02,Heavy-Duty Cross-Cut Paper Shredder,Office Supplies,West,Priya Sharma,Metro Education Foundation,15,165.86,2487.9,1612.8,875.1,35.17
ORD-2026-10170,2024-08-03,Premium Recycled Copy Paper (Carton),Office Supplies,East,James Wilson,Metro Education Foundation,4,49.59,198.36,119.16,79.2,39.93
ORD-2024-12253,2024-08-04,Keychron Q3 Mechanical Keyboard,Technology,North,Michael Chang,Vanguard Financial Solutions,2,188.69,377.38,212.9,164.48,43.58
ORD-2024-10612,2024-08-04,Steel Storage Lateral Filing Cabinet,Furniture,East,Emily Watson,Cascade BioSciences,6,353.14,2118.84,1446.78,672.06,31.72
ORD-2025-11162,2024-08-04,Cybersecurity Endpoint Protection Suite,Enterprise Software,South,Amina Patel,Cascade BioSciences,1,1006.43,1006.43,333.9,672.53,66.82
ORD-2025-10259,2024-08-05,Acoustic Fabric Office Partition,Furniture,West,Priya Sharma,Bluebird Creative Labs,3,242.5,727.5,412.08,315.42,43.36
ORD-2024-10552,2024-08-05,HP LaserJet Pro Multi-function Printer,Office Supplies,East,Emily Watson,Vanguard Financial Solutions,25,421.32,10533.0,7837.25,2695.75,25.59
ORD-2026-12363,2024-08-05,Keychron Q3 Mechanical Keyboard,Technology,South,David Rodriguez,Nexus Logistics Group,6,165.5,993.0,651.36,341.64,34.4
ORD-2025-12092,2024-08-06,Electric Dual-Motor Standing Desk,Furniture,South,Amina Patel,Titan Cloud Infrastructure,3,687.64,2062.92,1531.35,531.57,25.77
ORD-2025-10502,2024-08-06,Samsung 2TB Portable NVMe SSD,Technology,North,Sarah Jenkins,Bluebird Creative Labs,2,204.57,409.14,292.88,116.26,28.42
ORD-2025-12380,2024-08-07,Cloud Analytics Pro License (Annual),Enterprise Software,North,Michael Chang,Vanguard Financial Solutions,7,1155.09,8085.63,2302.93,5782.7,71.52
ORD-2026-11841,2024-08-07,Automated CRM Collaboration Seat,Enterprise Software,East,Emily Watson,Pinnacle Healthcare Systems,7,762.49,5337.43,1774.71,3562.72,66.75
ORD-2026-11118,2024-08-07,Herman Miller Ergonomic Chair,Furniture,South,David Rodriguez,Bluebird Creative Labs,9,1189.77,10707.93,8841.06,1866.87,17.43
ORD-2025-10079,2024-08-08,Steel Storage Lateral Filing Cabinet,Furniture,North,Sarah Jenkins,Titan Cloud Infrastructure,9,328.24,2954.16,2004.21,949.95,32.16
ORD-2025-11588,2024-08-08,Keychron Q3 Mechanical Keyboard,Technology,East,James Wilson,Nexus Logistics Group,10,162.59,1625.9,1090.9,535.0,32.9
ORD-2026-12192,2024-08-10,Cloud Data Backup & Recovery License,Enterprise Software,East,Emily Watson,Titan Cloud Infrastructure,8,524.27,4194.16,1005.52,3188.64,76.03
ORD-2025-12452,2024-08-10,Electric Dual-Motor Standing Desk,Furniture,North,Michael Chang,Silverline Manufacturing,7,649.41,4545.87,3236.1,1309.77,28.81
ORD-2025-11732,2024-08-11,Magnetic Glass Dry-Erase Board,Office Supplies,North,Sarah Jenkins,Horizon Retail Partners,17,218.62,3716.54,2180.25,1536.29,41.34
ORD-2026-10299,2024-08-11,Heavy-Duty Cross-Cut Paper Shredder,Office Supplies,North,Sarah Jenkins,Silverline Manufacturing,2,157.32,314.64,176.72,137.92,43.83
ORD-2024-11005,2024-08-11,HP LaserJet Pro Multi-function Printer,Office Supplies,South,David Rodriguez,Nexus Logistics Group,14,402.26,5631.64,4452.56,1179.08,20.94
ORD-2024-10267,2024-08-11,"Dell UltraSharp 27"" 4K Monitor",Technology,West,Priya Sharma,Summit Media Works,6,584.33,3505.98,2348.58,1157.4,33.01
ORD-2024-12397,2024-08-11,Heavy-Duty Cross-Cut Paper Shredder,Office Supplies,South,Amina Patel,Evergreen Renewable Energy,13,152.98,1988.74,1140.88,847.86,42.63
ORD-2024-11185,2024-08-11,Samsung 2TB Portable NVMe SSD,Technology,North,Michael Chang,Vanguard Financial Solutions,4,183.53,734.12,470.0,264.12,35.98
ORD-2026-11055,2024-08-12,HP LaserJet Pro Multi-function Printer,Office Supplies,North,Michael Chang,Metro Education Foundation,19,413.47,7855.93,5877.08,1978.85,25.19
ORD-2024-11353,2024-08-12,Cloud Data Backup & Recovery License,Enterprise Software,North,Michael Chang,Bluebird Creative Labs,5,520.38,2601.9,903.45,1698.45,65.28
ORD-2025-10265,2024-08-13,High-Yield Toner Cartridge Pack,Office Supplies,East,James Wilson,Beacon Legal Consulting,4,121.11,484.44,241.96,242.48,50.05
ORD-2024-11962,2024-08-13,Cloud Data Backup & Recovery License,Enterprise Software,West,Robert Martinez,Vanguard Financial Solutions,2,561.23,1122.46,348.18,774.28,68.98
ORD-2026-10623,2024-08-13,Magnetic Glass Dry-Erase Board,Office Supplies,East,James Wilson,Nexus Logistics Group,14,225.79,3161.06,1852.76,1308.3,41.39
ORD-2025-11852,2024-08-14,Cloud Analytics Pro License (Annual),Enterprise Software,Central,Jessica Taylor,Pinnacle Healthcare Systems,7,1278.94,8952.58,2181.97,6770.61,75.63
ORD-2024-11539,2024-08-14,Heavy-Duty Cross-Cut Paper Shredder,Office Supplies,East,James Wilson,Evergreen Renewable Energy,6,150.64,903.84,528.54,375.3,41.52
ORD-2026-10311,2024-08-15,Herman Miller Ergonomic Chair,Furniture,West,Priya Sharma,Horizon Retail Partners,10,1228.98,12289.8,8809.6,3480.2,28.32
ORD-2024-11917,2024-08-15,HP LaserJet Pro Multi-function Printer,Office Supplies,South,Amina Patel,Horizon Retail Partners,3,406.63,1219.89,929.31,290.58,23.82
ORD-2024-11986,2024-08-16,Premium Recycled Copy Paper (Carton),Office Supplies,North,Sarah Jenkins,Nexus Logistics Group,3,51.42,154.26,102.33,51.93,33.66
ORD-2026-11139,2024-08-17,Cloud Data Backup & Recovery License,Enterprise Software,North,Sarah Jenkins,Silverline Manufacturing,3,532.91,1598.73,1616.79,-18.06,-1.13
ORD-2024-11911,2024-08-17,HP LaserJet Pro Multi-function Printer,Office Supplies,West,Priya Sharma,Evergreen Renewable Energy,6,404.54,2427.24,1660.56,766.68,31.59
ORD-2024-11902,2024-08-18,Executive Teakwood Conference Table,Furniture,South,David Rodriguez,Zenith Dynamics Ltd,6,1716.37,10298.22,7678.86,2619.36,25.44
ORD-2025-10583,2024-08-18,"Dell UltraSharp 27"" 4K Monitor",Technology,East,Emily Watson,Horizon Retail Partners,5,576.11,2880.55,1859.9,1020.65,35.43
ORD-2025-12170,2024-08-18,High-Yield Toner Cartridge Pack,Office Supplies,West,Robert Martinez,Summit Media Works,7,117.24,820.68,388.36,432.32,52.68
ORD-2025-11744,2024-08-19,Sony WH-1000XM5 Headphones,Technology,North,Sarah Jenkins,Summit Media Works,12,395.4,4744.8,2837.88,1906.92,40.19
ORD-2026-11313,2024-08-19,Steel Storage Lateral Filing Cabinet,Furniture,East,Emily Watson,Metro Education Foundation,6,352.37,2114.22,1463.46,650.76,30.78
ORD-2025-12023,2024-08-19,Automated CRM Collaboration Seat,Enterprise Software,West,Robert Martinez,Metro Education Foundation,7,674.9,4724.3,1492.05,3232.25,68.42
ORD-2026-11397,2024-08-20,Sony WH-1000XM5 Headphones,Technology,South,Amina Patel,Metro Education Foundation,3,378.87,1136.61,674.01,462.6,40.7
ORD-2026-11547,2024-08-20,Keychron Q3 Mechanical Keyboard,Technology,West,Robert Martinez,Bluebird Creative Labs,8,168.56,1348.48,823.76,524.72,38.91
ORD-2025-11342,2024-08-20,Cybersecurity Endpoint Protection Suite,Enterprise Software,East,Emily Watson,Zenith Dynamics Ltd,8,903.19,7225.52,1874.16,5351.36,74.06
ORD-2024-10441,2024-08-20,Herman Miller Ergonomic Chair,Furniture,West,Robert Martinez,Cascade BioSciences,4,1081.18,4324.72,3198.24,1126.48,26.05
ORD-2024-11194,2024-08-21,Cybersecurity Endpoint Protection Suite,Enterprise Software,West,Robert Martinez,Zenith Dynamics Ltd,8,991.05,7928.4,2814.88,5113.52,64.5
ORD-2026-12411,2024-08-21,Cybersecurity Endpoint Protection Suite,Enterprise Software,North,Sarah Jenkins,Metro Education Foundation,7,972.26,6805.82,2319.17,4486.65,65.92
ORD-2024-11488,2024-08-22,Premium Recycled Copy Paper (Carton),Office Supplies,Central,Daniel Kim,Nexus Logistics Group,8,49.31,394.48,260.0,134.48,34.09
ORD-2024-12019,2024-08-23,Cloud Data Backup & Recovery License,Enterprise Software,North,Michael Chang,Vanguard Financial Solutions,6,522.38,3134.28,1051.44,2082.84,66.45
ORD-2024-12367,2024-08-23,Automated CRM Collaboration Seat,Enterprise Software,East,Emily Watson,Silverline Manufacturing,3,759.85,2279.55,783.18,1496.37,65.64
ORD-2024-12436,2024-08-23,Premium Recycled Copy Paper (Carton),Office Supplies,North,Michael Chang,Apollo Industrial Equipment,3,44.98,134.94,86.55,48.39,35.86
ORD-2025-10067,2024-08-24,High-Yield Toner Cartridge Pack,Office Supplies,East,James Wilson,Silverline Manufacturing,7,132.53,927.71,458.43,469.28,50.58
ORD-2024-10774,2024-08-24,Cybersecurity Endpoint Protection Suite,Enterprise Software,East,Emily Watson,Titan Cloud Infrastructure,2,963.81,1927.62,632.7,1294.92,67.18
ORD-2025-10373,2024-08-26,Cloud Data Backup & Recovery License,Enterprise Software,South,Amina Patel,Cascade BioSciences,3,521.64,1564.92,456.51,1108.41,70.83
ORD-2024-10258,2024-08-26,HP LaserJet Pro Multi-function Printer,Office Supplies,Central,Daniel Kim,Apollo Industrial Equipment,12,431.28,5175.36,4179.36,996.0,19.25
ORD-2024-11731,2024-08-26,Acoustic Fabric Office Partition,Furniture,East,James Wilson,Nexus Logistics Group,8,266.66,2133.28,1492.16,641.12,30.05
ORD-2025-10739,2024-08-26,Automated CRM Collaboration Seat,Enterprise Software,East,James Wilson,Pinnacle Healthcare Systems,4,715.34,2861.36,942.2,1919.16,67.07
ORD-2024-12133,2024-08-27,Electric Dual-Motor Standing Desk,Furniture,Central,Daniel Kim,Summit Media Works,6,666.9,4001.4,2820.78,1180.62,29.51
ORD-2026-10401,2024-08-27,Logitech MX Master 3S Mouse,Technology,West,Priya Sharma,Metro Education Foundation,6,98.76,592.56,317.7,274.86,46.39
ORD-2024-10864,2024-08-28,"Dell UltraSharp 27"" 4K Monitor",Technology,South,Amina Patel,Zenith Dynamics Ltd,1,551.37,551.37,392.16,159.21,28.88
ORD-2026-11814,2024-08-28,Executive Teakwood Conference Table,Furniture,East,James Wilson,Cascade BioSciences,4,1855.65,7422.6,5359.04,2063.56,27.8
ORD-2025-11942,2024-08-29,Logitech MX Master 3S Mouse,Technology,North,Michael Chang,Nexus Logistics Group,12,106.69,1280.28,820.68,459.6,35.9
ORD-2026-11229,2024-08-30,Automated CRM Collaboration Seat,Enterprise Software,West,Priya Sharma,Cascade BioSciences,3,746.38,2239.14,722.19,1516.95,67.75
ORD-2025-11543,2024-08-30,Logitech MX Master 3S Mouse,Technology,North,Michael Chang,Horizon Retail Partners,11,103.78,1141.58,685.85,455.73,39.92
ORD-2024-12403,2024-08-31,Premium Recycled Copy Paper (Carton),Office Supplies,North,Michael Chang,Vanguard Financial Solutions,4,46.39,185.56,111.72,73.84,39.79
ORD-2024-10963,2024-08-31,HP LaserJet Pro Multi-function Printer,Office Supplies,East,Emily Watson,Evergreen Renewable Energy,7,410.22,2871.54,2000.95,870.59,30.32
ORD-2024-11038,2024-08-31,Samsung 2TB Portable NVMe SSD,Technology,Central,Jessica Taylor,Cascade BioSciences,10,179.1,1791.0,1344.6,446.4,24.92
ORD-2024-10237,2024-08-31,Keychron Q3 Mechanical Keyboard,Technology,North,Michael Chang,Acme Global Technologies,1,167.18,167.18,172.17,-4.99,-2.98
ORD-2024-10033,2024-08-31,Keychron Q3 Mechanical Keyboard,Technology,North,Sarah Jenkins,Horizon Retail Partners,4,175.51,702.04,425.2,276.84,39.43
ORD-2026-11802,2024-08-31,Sony WH-1000XM5 Headphones,Technology,West,Robert Martinez,Evergreen Renewable Energy,1,402.43,402.43,248.63,153.8,38.22
ORD-2025-10805,2024-08-31,Herman Miller Ergonomic Chair,Furniture,East,Emily Watson,Cascade BioSciences,3,1169.68,3509.04,2796.93,712.11,20.29
ORD-2024-12427,2024-09-01,Cloud Data Backup & Recovery License,Enterprise Software,East,James Wilson,Summit Media Works,3,554.9,1664.7,509.28,1155.42,69.41
ORD-2026-12159,2024-09-01,Electric Dual-Motor Standing Desk,Furniture,North,Michael Chang,Apollo Industrial Equipment,6,677.3,4063.8,2925.0,1138.8,28.02
ORD-2026-10269,2024-09-01,Premium Recycled Copy Paper (Carton),Office Supplies,West,Robert Martinez,Apollo Industrial Equipment,22,44.3,974.6,669.9,304.7,31.26
ORD-2024-10747,2024-09-02,Sony WH-1000XM5 Headphones,Technology,East,Emily Watson,Zenith Dynamics Ltd,9,373.57,3362.13,2086.2,1275.93,37.95
ORD-2024-12286,2024-09-02,Magnetic Glass Dry-Erase Board,Office Supplies,North,Sarah Jenkins,Evergreen Renewable Energy,6,216.44,1298.64,743.64,555.0,42.74
ORD-2024-10408,2024-09-02,"Dell UltraSharp 27"" 4K Monitor",Technology,North,Michael Chang,Vanguard Financial Solutions,11,616.23,6778.53,4420.13,2358.4,34.79
ORD-2024-10996,2024-09-02,Executive Teakwood Conference Table,Furniture,East,Emily Watson,Cascade BioSciences,6,1969.98,11819.88,8246.58,3573.3,30.23
ORD-2026-11850,2024-09-02,"Dell UltraSharp 27"" 4K Monitor",Technology,West,Priya Sharma,Beacon Legal Consulting,2,538.91,1077.82,754.36,323.46,30.01
ORD-2024-10360,2024-09-02,Samsung 2TB Portable NVMe SSD,Technology,Central,Jessica Taylor,Apollo Industrial Equipment,12,195.92,2351.04,1552.08,798.96,33.98
ORD-2026-12084,2024-09-03,Samsung 2TB Portable NVMe SSD,Technology,West,Priya Sharma,Horizon Retail Partners,10,203.02,2030.2,1383.2,647.0,31.87
ORD-2025-10454,2024-09-03,Acoustic Fabric Office Partition,Furniture,North,Sarah Jenkins,Zenith Dynamics Ltd,9,273.6,2462.4,1583.91,878.49,35.68
ORD-2025-11141,2024-09-04,Magnetic Glass Dry-Erase Board,Office Supplies,East,James Wilson,Zenith Dynamics Ltd,19,225.08,4276.52,2442.07,1834.45,42.9
ORD-2024-10456,2024-09-04,Executive Teakwood Conference Table,Furniture,West,Priya Sharma,Metro Education Foundation,7,1982.36,13876.52,10276.7,3599.82,25.94
ORD-2024-10012,2024-09-04,"Dell UltraSharp 27"" 4K Monitor",Technology,North,Michael Chang,Pinnacle Healthcare Systems,11,543.61,5979.71,4286.37,1693.34,28.32
ORD-2025-12131,2024-09-04,Executive Teakwood Conference Table,Furniture,West,Priya Sharma,Acme Global Technologies,5,1925.51,9627.55,7518.25,2109.3,21.91
ORD-2025-12494,2024-09-04,Acoustic Fabric Office Partition,Furniture,South,David Rodriguez,Cascade BioSciences,9,280.11,2520.99,1796.94,724.05,28.72
ORD-2025-10967,2024-09-05,Cloud Analytics Pro License (Annual),Enterprise Software,South,David Rodriguez,Vanguard Financial Solutions,6,1238.01,7428.06,2280.06,5148.0,69.3
ORD-2025-12266,2024-09-05,Anker 10-in-1 USB-C Docking Hub,Technology,South,Amina Patel,Titan Cloud Infrastructure,10,135.7,1357.0,691.3,665.7,49.06
ORD-2024-12475,2024-09-06,Cybersecurity Endpoint Protection Suite,Enterprise Software,East,Emily Watson,Vanguard Financial Solutions,3,903.21,2709.63,2620.53,89.1,3.29
ORD-2026-10143,2024-09-06,Anker 10-in-1 USB-C Docking Hub,Technology,West,Priya Sharma,Bluebird Creative Labs,5,130.86,654.3,362.35,291.95,44.62
ORD-2025-11174,2024-09-06,High-Yield Toner Cartridge Pack,Office Supplies,West,Robert Martinez,Apollo Industrial Equipment,13,116.45,1513.85,784.42,729.43,48.18
ORD-2025-10688,2024-09-06,Herman Miller Ergonomic Chair,Furniture,Central,Daniel Kim,Zenith Dynamics Ltd,9,1237.51,11137.59,7933.14,3204.45,28.77
ORD-2026-10977,2024-09-06,Cybersecurity Endpoint Protection Suite,Enterprise Software,East,Emily Watson,Zenith Dynamics Ltd,3,925.25,2775.75,951.48,1824.27,65.72
ORD-2026-10200,2024-09-06,Premium Recycled Copy Paper (Carton),Office Supplies,East,James Wilson,Horizon Retail Partners,9,50.63,455.67,309.87,145.8,32.0
ORD-2025-10337,2024-09-07,ThinkPad X1 Carbon Laptop,Technology,South,David Rodriguez,Bluebird Creative Labs,1,1450.14,1450.14,1074.84,375.3,25.88
ORD-2025-11228,2024-09-07,Anker 10-in-1 USB-C Docking Hub,Technology,North,Sarah Jenkins,Bluebird Creative Labs,6,132.23,793.38,401.04,392.34,49.45
ORD-2024-11416,2024-09-07,Sony WH-1000XM5 Headphones,Technology,West,Robert Martinez,Evergreen Renewable Energy,5,400.23,2001.15,1227.85,773.3,38.64
ORD-2025-11087,2024-09-08,ThinkPad X1 Carbon Laptop,Technology,West,Priya Sharma,Titan Cloud Infrastructure,11,1550.48,17055.28,12513.27,4542.01,26.63
ORD-2026-10545,2024-09-08,High-Yield Toner Cartridge Pack,Office Supplies,North,Michael Chang,Beacon Legal Consulting,3,117.54,352.62,171.78,180.84,51.28
ORD-2024-11437,2024-09-08,Premium Recycled Copy Paper (Carton),Office Supplies,East,James Wilson,Nexus Logistics Group,25,51.45,1286.25,767.75,518.5,40.31
ORD-2024-12304,2024-09-09,Heavy-Duty Cross-Cut Paper Shredder,Office Supplies,East,James Wilson,Bluebird Creative Labs,5,158.01,790.05,492.3,297.75,37.69
ORD-2025-10559,2024-09-09,Premium Recycled Copy Paper (Carton),Office Supplies,North,Michael Chang,Titan Cloud Infrastructure,17,44.33,753.61,461.55,292.06,38.75
ORD-2026-10950,2024-09-09,Steel Storage Lateral Filing Cabinet,Furniture,South,Amina Patel,Vanguard Financial Solutions,3,325.7,977.1,713.91,263.19,26.94
ORD-2025-10283,2024-09-09,ThinkPad X1 Carbon Laptop,Technology,South,David Rodriguez,Silverline Manufacturing,5,1362.08,6810.4,4489.05,2321.35,34.09
ORD-2026-11505,2024-09-10,Premium Recycled Copy Paper (Carton),Office Supplies,West,Priya Sharma,Titan Cloud Infrastructure,2,47.01,94.02,62.96,31.06,33.04
ORD-2026-10743,2024-09-10,Anker 10-in-1 USB-C Docking Hub,Technology,West,Priya Sharma,Apollo Industrial Equipment,5,121.66,608.3,354.7,253.6,41.69
ORD-2024-10288,2024-09-10,Acoustic Fabric Office Partition,Furniture,South,David Rodriguez,Titan Cloud Infrastructure,10,272.02,2720.2,1903.6,816.6,30.02
ORD-2026-11262,2024-09-11,Executive Teakwood Conference Table,Furniture,East,Emily Watson,Pinnacle Healthcare Systems,3,1991.86,5975.58,4105.65,1869.93,31.29
ORD-2025-11912,2024-09-11,Heavy-Duty Cross-Cut Paper Shredder,Office Supplies,Central,Jessica Taylor,Beacon Legal Consulting,8,158.34,1266.72,790.96,475.76,37.56
ORD-2025-11504,2024-09-11,Logitech MX Master 3S Mouse,Technology,South,Amina Patel,Horizon Retail Partners,12,99.97,1199.64,633.12,566.52,47.22
ORD-2026-10449,2024-09-12,Cloud Data Backup & Recovery License,Enterprise Software,East,James Wilson,Apollo Industrial Equipment,3,583.16,1749.48,561.66,1187.82,67.9
ORD-2026-11607,2024-09-13,Anker 10-in-1 USB-C Docking Hub,Technology,North,Michael Chang,Nexus Logistics Group,8,138.46,1107.68,616.08,491.6,44.38
ORD-2025-11945,2024-09-13,ThinkPad X1 Carbon Laptop,Technology,West,Robert Martinez,Nexus Logistics Group,10,1415.03,14150.3,10595.6,3554.7,25.12
ORD-2024-10918,2024-09-13,Samsung 2TB Portable NVMe SSD,Technology,North,Sarah Jenkins,Cascade BioSciences,6,194.4,1166.4,858.3,308.1,26.41
ORD-2026-11400,2024-09-14,High-Yield Toner Cartridge Pack,Office Supplies,North,Michael Chang,Silverline Manufacturing,9,126.62,1139.58,635.67,503.91,44.22
ORD-2025-10748,2024-09-15,Cloud Analytics Pro License (Annual),Enterprise Software,West,Robert Martinez,Titan Cloud Infrastructure,6,1263.73,7582.38,2635.86,4946.52,65.24
ORD-2026-11214,2024-09-15,Anker 10-in-1 USB-C Docking Hub,Technology,West,Priya Sharma,Zenith Dynamics Ltd,11,131.14,1442.54,698.83,743.71,51.56
ORD-2025-11675,2024-09-15,Electric Dual-Motor Standing Desk,Furniture,West,Priya Sharma,Titan Cloud Infrastructure,7,643.45,4504.15,3612.49,891.66,19.8
ORD-2025-10838,2024-09-16,Cloud Analytics Pro License (Annual),Enterprise Software,Central,Daniel Kim,Bluebird Creative Labs,5,1164.07,5820.35,1615.3,4205.05,72.25
ORD-2024-11599,2024-09-16,Electric Dual-Motor Standing Desk,Furniture,North,Sarah Jenkins,Titan Cloud Infrastructure,4,645.84,2583.36,1947.96,635.4,24.6
ORD-2026-12054,2024-09-16,Anker 10-in-1 USB-C Docking Hub,Technology,Central,Daniel Kim,Vanguard Financial Solutions,7,128.27,897.89,527.66,370.23,41.23
ORD-2025-11657,2024-09-16,Acoustic Fabric Office Partition,Furniture,South,Amina Patel,Nexus Logistics Group,8,256.31,2050.48,1417.2,633.28,30.88
ORD-2025-12086,2024-09-17,Cybersecurity Endpoint Protection Suite,Enterprise Software,East,James Wilson,Evergreen Renewable Energy,8,923.38,7387.04,2493.28,4893.76,66.25
ORD-2024-11701,2024-09-18,Cybersecurity Endpoint Protection Suite,Enterprise Software,West,Priya Sharma,Pinnacle Healthcare Systems,5,918.41,4592.05,4694.4,-102.35,-2.23
ORD-2024-11530,2024-09-18,Steel Storage Lateral Filing Cabinet,Furniture,West,Priya Sharma,Bluebird Creative Labs,6,349.8,2098.8,1561.62,537.18,25.59
ORD-2025-11927,2024-09-19,"Dell UltraSharp 27"" 4K Monitor",Technology,North,Sarah Jenkins,Pinnacle Healthcare Systems,10,542.48,5424.8,3722.3,1702.5,31.38
ORD-2026-11385,2024-09-20,Magnetic Glass Dry-Erase Board,Office Supplies,Central,Jessica Taylor,Evergreen Renewable Energy,18,193.48,3482.64,1967.94,1514.7,43.49
ORD-2025-12194,2024-09-20,High-Yield Toner Cartridge Pack,Office Supplies,South,Amina Patel,Evergreen Renewable Energy,7,116.14,812.98,397.88,415.1,51.06
ORD-2025-11807,2024-09-20,ThinkPad X1 Carbon Laptop,Technology,West,Priya Sharma,Horizon Retail Partners,11,1395.51,15350.61,11061.82,4288.79,27.94
ORD-2024-11809,2024-09-21,ThinkPad X1 Carbon Laptop,Technology,South,Amina Patel,Nexus Logistics Group,10,1480.06,14800.6,11292.7,3507.9,23.7
ORD-2025-10478,2024-09-21,Logitech MX Master 3S Mouse,Technology,East,James Wilson,Silverline Manufacturing,6,93.74,562.44,333.72,228.72,40.67
ORD-2026-10167,2024-09-21,Steel Storage Lateral Filing Cabinet,Furniture,South,David Rodriguez,Nexus Logistics Group,1,360.17,360.17,256.32,103.85,28.83
ORD-2024-11221,2024-09-21,HP LaserJet Pro Multi-function Printer,Office Supplies,East,Emily Watson,Silverline Manufacturing,7,431.61,3021.27,2508.59,512.68,16.97
ORD-2024-11935,2024-09-22,Sony WH-1000XM5 Headphones,Technology,West,Robert Martinez,Cascade BioSciences,7,403.46,2824.22,1854.02,970.2,34.35
ORD-2025-11363,2024-09-22,Magnetic Glass Dry-Erase Board,Office Supplies,East,James Wilson,Pinnacle Healthcare Systems,4,214.76,859.04,465.2,393.84,45.85
ORD-2024-10753,2024-09-22,Sony WH-1000XM5 Headphones,Technology,West,Robert Martinez,Beacon Legal Consulting,5,352.78,1763.9,1281.6,482.3,27.34
ORD-2025-10310,2024-09-23,"Dell UltraSharp 27"" 4K Monitor",Technology,North,Michael Chang,Titan Cloud Infrastructure,11,540.37,5944.07,4041.18,1902.89,32.01
ORD-2025-10205,2024-09-23,Premium Recycled Copy Paper (Carton),Office Supplies,Central,Jessica Taylor,Nexus Logistics Group,16,49.08,785.28,511.2,274.08,34.9
ORD-2025-11789,2024-09-23,ThinkPad X1 Carbon Laptop,Technology,East,James Wilson,Nexus Logistics Group,1,1453.74,1453.74,1117.8,335.94,23.11
ORD-2025-11609,2024-09-23,Cloud Data Backup & Recovery License,Enterprise Software,North,Michael Chang,Zenith Dynamics Ltd,6,534.51,3207.06,1039.2,2167.86,67.6
ORD-2024-12466,2024-09-24,Samsung 2TB Portable NVMe SSD,Technology,South,Amina Patel,Bluebird Creative Labs,1,180.21,180.21,127.41,52.8,29.3
ORD-2024-12193,2024-09-24,Cloud Analytics Pro License (Annual),Enterprise Software,East,James Wilson,Evergreen Renewable Energy,1,1132.49,1132.49,363.3,769.19,67.92
ORD-2024-11356,2024-09-24,Anker 10-in-1 USB-C Docking Hub,Technology,East,James Wilson,Beacon Legal Consulting,12,136.29,1635.48,857.4,778.08,47.58
ORD-2024-11395,2024-09-25,Premium Recycled Copy Paper (Carton),Office Supplies,Central,Daniel Kim,Nexus Logistics Group,5,51.33,256.65,167.35,89.3,34.79
ORD-2025-11261,2024-09-25,Steel Storage Lateral Filing Cabinet,Furniture,North,Sarah Jenkins,Zenith Dynamics Ltd,8,338.43,2707.44,1877.2,830.24,30.67
ORD-2025-10604,2024-09-25,High-Yield Toner Cartridge Pack,Office Supplies,South,David Rodriguez,Vanguard Financial Solutions,2,128.68,257.36,145.26,112.1,43.56
ORD-2024-12220,2024-09-25,Electric Dual-Motor Standing Desk,Furniture,South,David Rodriguez,Evergreen Renewable Energy,5,671.05,3355.25,2609.95,745.3,22.21
ORD-2024-11824,2024-09-26,Executive Teakwood Conference Table,Furniture,East,James Wilson,Zenith Dynamics Ltd,7,1711.67,11981.69,9053.87,2927.82,24.44
ORD-2024-10186,2024-09-26,Sony WH-1000XM5 Headphones,Technology,West,Robert Martinez,Beacon Legal Consulting,11,366.18,4027.98,2776.51,1251.47,31.07
ORD-2025-12167,2024-09-27,Magnetic Glass Dry-Erase Board,Office Supplies,West,Priya Sharma,Apollo Industrial Equipment,11,196.07,2156.77,1289.09,867.68,40.23
ORD-2024-11494,2024-09-27,Steel Storage Lateral Filing Cabinet,Furniture,West,Robert Martinez,Bluebird Creative Labs,10,314.93,3149.3,2224.9,924.4,29.35
ORD-2025-12401,2024-09-27,"Dell UltraSharp 27"" 4K Monitor",Technology,North,Michael Chang,Beacon Legal Consulting,3,540.87,1622.61,1617.0,5.61,0.35
ORD-2025-11291,2024-09-27,"Dell UltraSharp 27"" 4K Monitor",Technology,East,Emily Watson,Vanguard Financial Solutions,1,596.6,596.6,410.16,186.44,31.25
ORD-2025-10319,2024-09-28,"Dell UltraSharp 27"" 4K Monitor",Technology,Central,Jessica Taylor,Apollo Industrial Equipment,3,541.89,1625.67,1109.73,515.94,31.74
ORD-2026-10020,2024-09-28,Herman Miller Ergonomic Chair,Furniture,West,Robert Martinez,Apollo Industrial Equipment,2,1125.67,2251.34,1620.8,630.54,28.01
ORD-2024-11224,2024-09-29,"Dell UltraSharp 27"" 4K Monitor",Technology,Central,Jessica Taylor,Metro Education Foundation,9,539.21,4852.89,3556.17,1296.72,26.72
ORD-2026-10656,2024-09-29,Logitech MX Master 3S Mouse,Technology,South,David Rodriguez,Bluebird Creative Labs,5,105.14,525.7,311.35,214.35,40.77
ORD-2024-10597,2024-09-29,Keychron Q3 Mechanical Keyboard,Technology,West,Robert Martinez,Nexus Logistics Group,4,179.07,716.28,725.0,-8.72,-1.22
ORD-2026-11766,2024-09-29,ThinkPad X1 Carbon Laptop,Technology,South,Amina Patel,Metro Education Foundation,1,1432.47,1432.47,1073.47,359.0,25.06
ORD-2026-11049,2024-09-30,Magnetic Glass Dry-Erase Board,Office Supplies,South,Amina Patel,Metro Education Foundation,16,210.46,3367.36,1940.64,1426.72,42.37
ORD-2024-10402,2024-10-01,Cloud Analytics Pro License (Annual),Enterprise Software,East,Emily Watson,Cascade BioSciences,1,1118.53,1118.53,326.5,792.03,70.81
ORD-2026-10278,2024-10-01,Cloud Analytics Pro License (Annual),Enterprise Software,East,Emily Watson,Evergreen Renewable Energy,5,1105.06,5525.3,1379.1,4146.2,75.04
ORD-2025-11765,2024-10-01,Samsung 2TB Portable NVMe SSD,Technology,North,Michael Chang,Cascade BioSciences,1,200.9,200.9,142.45,58.45,29.09
ORD-2026-10557,2024-10-02,Logitech MX Master 3S Mouse,Technology,North,Sarah Jenkins,Zenith Dynamics Ltd,5,98.94,494.7,237.25,257.45,52.04
ORD-2025-10010,2024-10-02,Heavy-Duty Cross-Cut Paper Shredder,Office Supplies,North,Sarah Jenkins,Acme Global Technologies,6,155.16,930.96,559.5,371.46,39.9
ORD-2024-10609,2024-10-02,Heavy-Duty Cross-Cut Paper Shredder,Office Supplies,South,Amina Patel,Metro Education Foundation,5,159.1,795.5,501.4,294.1,36.97
ORD-2026-10056,2024-10-02,ThinkPad X1 Carbon Laptop,Technology,East,Emily Watson,Cascade BioSciences,2,1432.42,2864.84,2087.14,777.7,27.15
ORD-2025-11693,2024-10-02,High-Yield Toner Cartridge Pack,Office Supplies,East,Emily Watson,Pinnacle Healthcare Systems,2,116.48,232.96,136.18,96.78,41.54
ORD-2026-11916,2024-10-02,Electric Dual-Motor Standing Desk,Furniture,North,Sarah Jenkins,Cascade BioSciences,7,709.83,4968.81,3418.38,1550.43,31.2
ORD-2024-11449,2024-10-03,"Dell UltraSharp 27"" 4K Monitor",Technology,Central,Jessica Taylor,Zenith Dynamics Ltd,7,625.92,4381.44,2919.77,1461.67,33.36
ORD-2025-11957,2024-10-03,Executive Teakwood Conference Table,Furniture,North,Michael Chang,Bluebird Creative Labs,9,1896.61,17069.49,13398.12,3671.37,21.51
ORD-2026-11334,2024-10-03,Automated CRM Collaboration Seat,Enterprise Software,West,Priya Sharma,Cascade BioSciences,6,722.89,4337.34,1621.74,2715.6,62.61
ORD-2025-11699,2024-10-04,Keychron Q3 Mechanical Keyboard,Technology,North,Sarah Jenkins,Nexus Logistics Group,2,175.45,350.9,213.12,137.78,39.26
ORD-2026-12345,2024-10-05,Herman Miller Ergonomic Chair,Furniture,South,David Rodriguez,Evergreen Renewable Energy,7,1221.79,8552.53,5792.36,2760.17,32.27
ORD-2025-12020,2024-10-05,Logitech MX Master 3S Mouse,Technology,East,Emily Watson,Silverline Manufacturing,11,94.87,1043.57,554.07,489.5,46.91
ORD-2024-10474,2024-10-05,Sony WH-1000XM5 Headphones,Technology,East,James Wilson,Nexus Logistics Group,4,393.06,1572.24,1083.72,488.52,31.07
ORD-2025-10538,2024-10-05,Herman Miller Ergonomic Chair,Furniture,North,Sarah Jenkins,Acme Global Technologies,5,1208.97,6044.85,4454.85,1590.0,26.3
ORD-2024-11128,2024-10-05,Samsung 2TB Portable NVMe SSD,Technology,East,Emily Watson,Zenith Dynamics Ltd,11,187.2,2059.2,1327.92,731.28,35.51
ORD-2026-10593,2024-10-06,Cybersecurity Endpoint Protection Suite,Enterprise Software,North,Sarah Jenkins,Silverline Manufacturing,7,884.72,6193.04,1910.3,4282.74,69.15
ORD-2026-11586,2024-10-06,Anker 10-in-1 USB-C Docking Hub,Technology,East,Emily Watson,Titan Cloud Infrastructure,12,139.14,1669.68,917.04,752.64,45.08
ORD-2026-10074,2024-10-06,Premium Recycled Copy Paper (Carton),Office Supplies,North,Michael Chang,Zenith Dynamics Ltd,16,46.29,740.64,503.2,237.44,32.06
ORD-2026-11121,2024-10-06,Executive Teakwood Conference Table,Furniture,South,Amina Patel,Horizon Retail Partners,2,1986.68,3973.36,2817.04,1156.32,29.1
ORD-2026-10131,2024-10-07,Executive Teakwood Conference Table,Furniture,Central,Jessica Taylor,Bluebird Creative Labs,3,1840.35,5521.05,4488.75,1032.3,18.7
ORD-2024-12121,2024-10-08,High-Yield Toner Cartridge Pack,Office Supplies,West,Priya Sharma,Apollo Industrial Equipment,11,126.22,1388.42,712.58,675.84,48.68
ORD-2026-10431,2024-10-08,Logitech MX Master 3S Mouse,Technology,West,Robert Martinez,Acme Global Technologies,6,92.07,552.42,318.78,233.64,42.29
ORD-2026-11295,2024-10-09,Anker 10-in-1 USB-C Docking Hub,Technology,South,Amina Patel,Vanguard Financial Solutions,9,122.91,1106.19,697.32,408.87,36.96
ORD-2024-10594,2024-10-09,Sony WH-1000XM5 Headphones,Technology,South,Amina Patel,Pinnacle Healthcare Systems,12,401.87,4822.44,3084.96,1737.48,36.03
ORD-2025-11165,2024-10-10,Herman Miller Ergonomic Chair,Furniture,South,Amina Patel,Nexus Logistics Group,7,1171.01,8197.07,6140.4,2056.67,25.09
ORD-2026-11196,2024-10-10,Cybersecurity Endpoint Protection Suite,Enterprise Software,West,Priya Sharma,Silverline Manufacturing,8,987.43,7899.44,2716.48,5182.96,65.61
ORD-2024-11455,2024-10-10,Anker 10-in-1 USB-C Docking Hub,Technology,South,David Rodriguez,Bluebird Creative Labs,9,136.08,1224.72,659.16,565.56,46.18
ORD-2025-11477,2024-10-11,Executive Teakwood Conference Table,Furniture,West,Robert Martinez,Cascade BioSciences,4,1836.18,7344.72,6093.0,1251.72,17.04
ORD-2026-11457,2024-10-11,Herman Miller Ergonomic Chair,Furniture,Central,Jessica Taylor,Cascade BioSciences,1,1205.77,1205.77,812.24,393.53,32.64
ORD-2026-10683,2024-10-11,High-Yield Toner Cartridge Pack,Office Supplies,East,James Wilson,Horizon Retail Partners,13,117.67,1529.71,826.02,703.69,46.0
ORD-2026-10788,2024-10-12,Heavy-Duty Cross-Cut Paper Shredder,Office Supplies,West,Priya Sharma,Beacon Legal Consulting,10,154.36,1543.6,1030.3,513.3,33.25
ORD-2026-11076,2024-10-13,Keychron Q3 Mechanical Keyboard,Technology,East,James Wilson,Titan Cloud Infrastructure,7,161.55,1130.85,688.66,442.19,39.1
ORD-2025-12425,2024-10-13,Sony WH-1000XM5 Headphones,Technology,East,Emily Watson,Beacon Legal Consulting,1,379.48,379.48,226.98,152.5,40.19
ORD-2024-10813,2024-10-13,Premium Recycled Copy Paper (Carton),Office Supplies,South,Amina Patel,Bluebird Creative Labs,10,51.23,512.3,314.0,198.3,38.71
ORD-2024-11251,2024-10-14,Samsung 2TB Portable NVMe SSD,Technology,South,Amina Patel,Horizon Retail Partners,7,194.26,1359.82,843.85,515.97,37.94
ORD-2025-11159,2024-10-14,Cybersecurity Endpoint Protection Suite,Enterprise Software,South,Amina Patel,Titan Cloud Infrastructure,2,919.04,1838.08,655.06,1183.02,64.36
ORD-2025-10490,2024-10-14,ThinkPad X1 Carbon Laptop,Technology,Central,Jessica Taylor,Nexus Logistics Group,3,1420.94,4262.82,3243.36,1019.46,23.92
ORD-2024-10579,2024-10-14,Herman Miller Ergonomic Chair,Furniture,North,Sarah Jenkins,Titan Cloud Infrastructure,1,1234.9,1234.9,873.56,361.34,29.26
ORD-2026-11265,2024-10-14,Sony WH-1000XM5 Headphones,Technology,Central,Daniel Kim,Apollo Industrial Equipment,8,399.49,3195.92,2094.16,1101.76,34.47
ORD-2026-11823,2024-10-14,ThinkPad X1 Carbon Laptop,Technology,North,Michael Chang,Acme Global Technologies,5,1458.67,7293.35,7470.85,-177.5,-2.43
ORD-2025-11351,2024-10-15,Heavy-Duty Cross-Cut Paper Shredder,Office Supplies,South,David Rodriguez,Evergreen Renewable Energy,12,160.32,1923.84,1206.12,717.72,37.31
ORD-2024-10711,2024-10-15,High-Yield Toner Cartridge Pack,Office Supplies,East,Emily Watson,Acme Global Technologies,15,121.21,1818.15,935.85,882.3,48.53
ORD-2025-10943,2024-10-15,Acoustic Fabric Office Partition,Furniture,West,Priya Sharma,Pinnacle Healthcare Systems,2,270.5,541.0,344.56,196.44,36.31
ORD-2025-11393,2024-10-15,Anker 10-in-1 USB-C Docking Hub,Technology,North,Michael Chang,Cascade BioSciences,9,121.9,1097.1,671.22,425.88,38.82
ORD-2024-10651,2024-10-16,Automated CRM Collaboration Seat,Enterprise Software,West,Priya Sharma,Pinnacle Healthcare Systems,2,726.65,1453.3,521.28,932.02,64.13
ORD-2026-10137,2024-10-16,"Dell UltraSharp 27"" 4K Monitor",Technology,North,Sarah Jenkins,Silverline Manufacturing,5,612.59,3062.95,2509.25,553.7,18.08
ORD-2024-12283,2024-10-16,Premium Recycled Copy Paper (Carton),Office Supplies,West,Priya Sharma,Vanguard Financial Solutions,4,45.01,180.04,137.32,42.72,23.73
ORD-2026-11190,2024-10-17,High-Yield Toner Cartridge Pack,Office Supplies,South,Amina Patel,Metro Education Foundation,17,122.66,2085.22,1089.53,995.69,47.75
ORD-2025-10556,2024-10-18,Herman Miller Ergonomic Chair,Furniture,East,James Wilson,Nexus Logistics Group,3,1147.82,3443.46,2637.42,806.04,23.41
ORD-2024-10324,2024-10-19,Cybersecurity Endpoint Protection Suite,Enterprise Software,West,Robert Martinez,Cascade BioSciences,3,906.79,2720.37,994.44,1725.93,63.44
ORD-2024-11095,2024-10-20,HP LaserJet Pro Multi-function Printer,Office Supplies,West,Priya Sharma,Acme Global Technologies,4,445.03,1780.12,1355.4,424.72,23.86
ORD-2026-10944,2024-10-20,Premium Recycled Copy Paper (Carton),Office Supplies,East,James Wilson,Acme Global Technologies,9,50.13,451.17,299.7,151.47,33.57
ORD-2026-10419,2024-10-20,Sony WH-1000XM5 Headphones,Technology,West,Robert Martinez,Bluebird Creative Labs,5,384.02,1920.1,1165.0,755.1,39.33
ORD-2026-11310,2024-10-20,HP LaserJet Pro Multi-function Printer,Office Supplies,North,Michael Chang,Bluebird Creative Labs,2,398.6,797.2,591.58,205.62,25.79
ORD-2024-12472,2024-10-21,Premium Recycled Copy Paper (Carton),Office Supplies,East,James Wilson,Pinnacle Healthcare Systems,4,45.96,183.84,117.6,66.24,36.03
ORD-2024-10921,2024-10-22,Executive Teakwood Conference Table,Furniture,West,Priya Sharma,Horizon Retail Partners,2,1894.63,3789.26,3193.76,595.5,15.72
ORD-2026-12477,2024-10-22,Steel Storage Lateral Filing Cabinet,Furniture,North,Michael Chang,Silverline Manufacturing,3,316.61,949.83,624.21,325.62,34.28
ORD-2026-10992,2024-10-22,Sony WH-1000XM5 Headphones,Technology,East,James Wilson,Bluebird Creative Labs,10,388.01,3880.1,2524.1,1356.0,34.95
ORD-2026-12456,2024-10-23,Cloud Data Backup & Recovery License,Enterprise Software,Central,Daniel Kim,Horizon Retail Partners,1,516.6,516.6,169.37,347.23,67.21
ORD-2026-10794,2024-10-24,Automated CRM Collaboration Seat,Enterprise Software,East,Emily Watson,Apollo Industrial Equipment,7,675.62,4729.34,1639.26,3090.08,65.34
ORD-2025-12173,2024-10-24,Sony WH-1000XM5 Headphones,Technology,West,Robert Martinez,Cascade BioSciences,7,406.19,2843.33,1873.69,969.64,34.1
ORD-2026-10509,2024-10-24,Sony WH-1000XM5 Headphones,Technology,South,Amina Patel,Vanguard Financial Solutions,4,381.55,1526.2,955.2,571.0,37.41
ORD-2026-12003,2024-10-24,Heavy-Duty Cross-Cut Paper Shredder,Office Supplies,South,Amina Patel,Summit Media Works,7,169.15,1184.05,759.78,424.27,35.83
ORD-2025-10031,2024-10-24,Cybersecurity Endpoint Protection Suite,Enterprise Software,East,James Wilson,Vanguard Financial Solutions,5,1020.93,5104.65,1806.4,3298.25,64.61
ORD-2026-10407,2024-10-25,Premium Recycled Copy Paper (Carton),Office Supplies,West,Priya Sharma,Vanguard Financial Solutions,16,49.93,798.88,555.84,243.04,30.42
ORD-2024-12043,2024-10-26,Herman Miller Ergonomic Chair,Furniture,East,Emily Watson,Titan Cloud Infrastructure,2,1158.22,2316.44,1568.48,747.96,32.29
ORD-2026-12426,2024-10-28,Anker 10-in-1 USB-C Docking Hub,Technology,West,Priya Sharma,Apollo Industrial Equipment,10,138.95,1389.5,700.7,688.8,49.57
ORD-2026-12177,2024-10-28,Acoustic Fabric Office Partition,Furniture,East,James Wilson,Horizon Retail Partners,10,244.18,2441.8,1593.7,848.1,34.73
ORD-2024-10537,2024-10-28,Electric Dual-Motor Standing Desk,Furniture,North,Michael Chang,Horizon Retail Partners,8,690.82,5526.56,4163.04,1363.52,24.67
ORD-2026-11151,2024-10-28,Cloud Data Backup & Recovery License,Enterprise Software,East,Emily Watson,Nexus Logistics Group,6,564.26,3385.56,905.16,2480.4,73.26
ORD-2026-10521,2024-10-29,Anker 10-in-1 USB-C Docking Hub,Technology,North,Michael Chang,Nexus Logistics Group,3,131.78,395.34,241.92,153.42,38.81
ORD-2026-10740,2024-10-29,HP LaserJet Pro Multi-function Printer,Office Supplies,West,Robert Martinez,Horizon Retail Partners,3,419.01,1257.03,1007.94,249.09,19.82
ORD-2026-12045,2024-10-30,Heavy-Duty Cross-Cut Paper Shredder,Office Supplies,North,Sarah Jenkins,Bluebird Creative Labs,14,161.97,2267.58,1444.38,823.2,36.3
ORD-2024-10948,2024-10-30,Electric Dual-Motor Standing Desk,Furniture,East,Emily Watson,Horizon Retail Partners,6,670.69,4024.14,3069.96,954.18,23.71
ORD-2024-12154,2024-10-31,Electric Dual-Motor Standing Desk,Furniture,East,Emily Watson,Nexus Logistics Group,8,697.57,5580.56,3980.4,1600.16,28.67
ORD-2024-12400,2024-10-31,HP LaserJet Pro Multi-function Printer,Office Supplies,North,Sarah Jenkins,Titan Cloud Infrastructure,13,423.09,5500.17,3939.26,1560.91,28.38
ORD-2026-10335,2024-11-01,Automated CRM Collaboration Seat,Enterprise Software,East,James Wilson,Evergreen Renewable Energy,7,707.12,4949.84,1964.13,2985.71,60.32
ORD-2024-10720,2024-11-01,Magnetic Glass Dry-Erase Board,Office Supplies,Central,Jessica Taylor,Evergreen Renewable Energy,16,209.14,3346.24,1823.68,1522.56,45.5
ORD-2024-10195,2024-11-01,Executive Teakwood Conference Table,Furniture,North,Michael Chang,Titan Cloud Infrastructure,2,1966.68,3933.36,3159.54,773.82,19.67
ORD-2025-11474,2024-11-01,Cloud Data Backup & Recovery License,Enterprise Software,West,Robert Martinez,Vanguard Financial Solutions,2,511.88,1023.76,358.3,665.46,65.0
ORD-2024-11830,2024-11-01,Heavy-Duty Cross-Cut Paper Shredder,Office Supplies,East,James Wilson,Bluebird Creative Labs,18,165.52,2979.36,1966.5,1012.86,34.0
ORD-2025-10592,2024-11-01,Heavy-Duty Cross-Cut Paper Shredder,Office Supplies,Central,Daniel Kim,Vanguard Financial Solutions,6,148.74,892.44,608.4,284.04,31.83
ORD-2025-12350,2024-11-03,ThinkPad X1 Carbon Laptop,Technology,West,Priya Sharma,Titan Cloud Infrastructure,8,1562.61,12500.88,9862.24,2638.64,21.11
ORD-2025-10520,2024-11-03,Automated CRM Collaboration Seat,Enterprise Software,North,Michael Chang,Pinnacle Healthcare Systems,2,717.52,1435.04,516.04,919.0,64.04
ORD-2026-12333,2024-11-03,Premium Recycled Copy Paper (Carton),Office Supplies,Central,Jessica Taylor,Nexus Logistics Group,13,44.36,576.68,392.6,184.08,31.92
ORD-2024-10273,2024-11-04,Magnetic Glass Dry-Erase Board,Office Supplies,North,Sarah Jenkins,Bluebird Creative Labs,19,196.35,3730.65,2092.85,1637.8,43.9
ORD-2024-10867,2024-11-05,Anker 10-in-1 USB-C Docking Hub,Technology,East,James Wilson,Nexus Logistics Group,10,131.8,1318.0,660.4,657.6,49.89
ORD-2026-10845,2024-11-05,Heavy-Duty Cross-Cut Paper Shredder,Office Supplies,Central,Daniel Kim,Zenith Dynamics Ltd,2,163.43,326.86,228.5,98.36,30.09
ORD-2024-11983,2024-11-06,Premium Recycled Copy Paper (Carton),Office Supplies,West,Robert Martinez,Bluebird Creative Labs,23,45.9,1055.7,658.95,396.75,37.58
ORD-2026-10059,2024-11-07,Samsung 2TB Portable NVMe SSD,Technology,East,James Wilson,Acme Global Technologies,3,204.27,612.81,373.17,239.64,39.11
ORD-2024-10303,2024-11-07,Logitech MX Master 3S Mouse,Technology,East,James Wilson,Silverline Manufacturing,2,106.22,212.44,126.08,86.36,40.65
ORD-2025-11264,2024-11-07,Acoustic Fabric Office Partition,Furniture,East,James Wilson,Beacon Legal Consulting,10,239.5,2395.0,1495.4,899.6,37.56
ORD-2024-11314,2024-11-08,Keychron Q3 Mechanical Keyboard,Technology,Central,Daniel Kim,Summit Media Works,6,163.69,982.14,539.4,442.74,45.08
ORD-2026-11046,2024-11-08,Acoustic Fabric Office Partition,Furniture,East,Emily Watson,Zenith Dynamics Ltd,10,245.72,2457.2,1526.8,930.4,37.86
ORD-2026-10767,2024-11-09,Cloud Analytics Pro License (Annual),Enterprise Software,North,Sarah Jenkins,Horizon Retail Partners,5,1257.3,6286.5,1986.9,4299.6,68.39
ORD-2026-11925,2024-11-09,Sony WH-1000XM5 Headphones,Technology,Central,Daniel Kim,Nexus Logistics Group,2,372.47,744.94,506.84,238.1,31.96
ORD-2024-11473,2024-11-09,Anker 10-in-1 USB-C Docking Hub,Technology,Central,Jessica Taylor,Acme Global Technologies,12,139.56,1674.72,870.72,804.0,48.01
ORD-2025-10379,2024-11-09,Sony WH-1000XM5 Headphones,Technology,East,Emily Watson,Evergreen Renewable Energy,10,365.33,3653.3,2129.5,1523.8,41.71
ORD-2026-11004,2024-11-10,Anker 10-in-1 USB-C Docking Hub,Technology,North,Michael Chang,Vanguard Financial Solutions,8,136.57,1092.56,615.2,477.36,43.69
ORD-2024-11152,2024-11-10,Heavy-Duty Cross-Cut Paper Shredder,Office Supplies,South,David Rodriguez,Vanguard Financial Solutions,7,162.0,1134.0,694.05,439.95,38.8
ORD-2024-12049,2024-11-11,Cybersecurity Endpoint Protection Suite,Enterprise Software,Central,Daniel Kim,Metro Education Foundation,5,907.17,4535.85,1444.55,3091.3,68.15
ORD-2026-10665,2024-11-11,Automated CRM Collaboration Seat,Enterprise Software,East,James Wilson,Cascade BioSciences,5,762.39,3811.95,1302.05,2509.9,65.84
ORD-2024-10468,2024-11-11,Cloud Data Backup & Recovery License,Enterprise Software,North,Sarah Jenkins,Metro Education Foundation,8,511.71,4093.68,1262.88,2830.8,69.15
ORD-2025-11243,2024-11-11,Sony WH-1000XM5 Headphones,Technology,North,Sarah Jenkins,Zenith Dynamics Ltd,2,399.52,799.04,528.8,270.24,33.82
ORD-2026-10686,2024-11-11,Automated CRM Collaboration Seat,Enterprise Software,West,Robert Martinez,Zenith Dynamics Ltd,1,675.36,675.36,220.56,454.8,67.34
ORD-2026-11952,2024-11-12,"Dell UltraSharp 27"" 4K Monitor",Technology,East,James Wilson,Zenith Dynamics Ltd,5,559.01,2795.05,2020.3,774.75,27.72
ORD-2024-12052,2024-11-12,Executive Teakwood Conference Table,Furniture,East,James Wilson,Summit Media Works,2,1939.86,3879.72,3003.96,875.76,22.57
ORD-2025-10523,2024-11-12,"Dell UltraSharp 27"" 4K Monitor",Technology,East,Emily Watson,Evergreen Renewable Energy,8,576.86,4614.88,3027.6,1587.28,34.39
ORD-2026-10032,2024-11-13,Cloud Data Backup & Recovery License,Enterprise Software,Central,Jessica Taylor,Bluebird Creative Labs,2,556.94,1113.88,357.02,756.86,67.95
ORD-2024-12328,2024-11-13,Cybersecurity Endpoint Protection Suite,Enterprise Software,North,Michael Chang,Summit Media Works,6,913.43,5480.58,1482.66,3997.92,72.95
ORD-2025-10568,2024-11-13,Samsung 2TB Portable NVMe SSD,Technology,East,James Wilson,Metro Education Foundation,7,184.29,1290.03,819.28,470.75,36.49
ORD-2026-10839,2024-11-14,Sony WH-1000XM5 Headphones,Technology,East,Emily Watson,Apollo Industrial Equipment,6,398.22,2389.32,1584.36,804.96,33.69
ORD-2025-10820,2024-11-14,"Dell UltraSharp 27"" 4K Monitor",Technology,West,Priya Sharma,Zenith Dynamics Ltd,7,597.23,4180.61,2909.83,1270.78,30.4
ORD-2026-11226,2024-11-14,Keychron Q3 Mechanical Keyboard,Technology,North,Sarah Jenkins,Metro Education Foundation,10,183.84,1838.4,1282.1,556.3,30.26
ORD-2025-11318,2024-11-14,ThinkPad X1 Carbon Laptop,Technology,North,Michael Chang,Titan Cloud Infrastructure,6,1379.28,8275.68,5800.2,2475.48,29.91
ORD-2025-10979,2024-11-16,Anker 10-in-1 USB-C Docking Hub,Technology,Central,Jessica Taylor,Zenith Dynamics Ltd,11,125.4,1379.4,791.78,587.62,42.6
ORD-2026-10719,2024-11-16,"Dell UltraSharp 27"" 4K Monitor",Technology,North,Michael Chang,Metro Education Foundation,8,567.12,4536.96,3168.72,1368.24,30.16
ORD-2026-11412,2024-11-16,ThinkPad X1 Carbon Laptop,Technology,South,Amina Patel,Cascade BioSciences,9,1460.1,13140.9,9644.13,3496.77,26.61
ORD-2024-10852,2024-11-16,Samsung 2TB Portable NVMe SSD,Technology,Central,Jessica Taylor,Bluebird Creative Labs,9,176.27,1586.43,1061.82,524.61,33.07
ORD-2025-12215,2024-11-16,Acoustic Fabric Office Partition,Furniture,Central,Jessica Taylor,Horizon Retail Partners,1,263.54,263.54,184.63,78.91,29.94
ORD-2026-12420,2024-11-16,Premium Recycled Copy Paper (Carton),Office Supplies,South,Amina Patel,Cascade BioSciences,3,47.19,141.57,88.71,52.86,37.34
ORD-2024-12289,2024-11-16,Keychron Q3 Mechanical Keyboard,Technology,East,Emily Watson,Cascade BioSciences,8,188.05,1504.4,941.6,562.8,37.41
ORD-2025-12071,2024-11-16,Keychron Q3 Mechanical Keyboard,Technology,North,Michael Chang,Titan Cloud Infrastructure,12,187.68,2252.16,1412.16,840.0,37.3
ORD-2024-12223,2024-11-17,Herman Miller Ergonomic Chair,Furniture,East,James Wilson,Titan Cloud Infrastructure,3,1191.16,3573.48,3082.5,490.98,13.74
ORD-2026-12027,2024-11-17,Sony WH-1000XM5 Headphones,Technology,North,Michael Chang,Beacon Legal Consulting,7,396.0,2772.0,1785.91,986.09,35.57
ORD-2025-11012,2024-11-17,Executive Teakwood Conference Table,Furniture,West,Priya Sharma,Metro Education Foundation,8,1936.64,15493.12,12720.56,2772.56,17.9
ORD-2026-11988,2024-11-18,Anker 10-in-1 USB-C Docking Hub,Technology,East,James Wilson,Pinnacle Healthcare Systems,11,125.9,1384.9,750.64,634.26,45.8
ORD-2025-12257,2024-11-18,Herman Miller Ergonomic Chair,Furniture,West,Robert Martinez,Zenith Dynamics Ltd,6,1121.64,6729.84,5104.14,1625.7,24.16
ORD-2026-10035,2024-11-18,Keychron Q3 Mechanical Keyboard,Technology,East,Emily Watson,Metro Education Foundation,4,180.66,722.64,441.32,281.32,38.93
ORD-2026-10479,2024-11-18,Heavy-Duty Cross-Cut Paper Shredder,Office Supplies,West,Priya Sharma,Evergreen Renewable Energy,4,171.73,686.92,433.44,253.48,36.9
ORD-2025-10544,2024-11-18,Steel Storage Lateral Filing Cabinet,Furniture,North,Sarah Jenkins,Cascade BioSciences,10,315.2,3152.0,2184.3,967.7,30.7
ORD-2024-11335,2024-11-18,Magnetic Glass Dry-Erase Board,Office Supplies,East,Emily Watson,Horizon Retail Partners,3,211.47,634.41,385.23,249.18,39.28
ORD-2026-12093,2024-11-19,Sony WH-1000XM5 Headphones,Technology,East,Emily Watson,Pinnacle Healthcare Systems,9,355.86,3202.74,2056.05,1146.69,35.8
ORD-2026-12249,2024-11-19,Executive Teakwood Conference Table,Furniture,West,Robert Martinez,Cascade BioSciences,5,1851.53,9257.65,6362.8,2894.85,31.27
ORD-2024-10510,2024-11-20,Anker 10-in-1 USB-C Docking Hub,Technology,South,David Rodriguez,Bluebird Creative Labs,5,119.62,598.1,301.2,296.9,49.64
ORD-2025-11717,2024-11-20,Samsung 2TB Portable NVMe SSD,Technology,South,Amina Patel,Pinnacle Healthcare Systems,3,187.23,561.69,427.47,134.22,23.9
ORD-2026-11478,2024-11-20,Premium Recycled Copy Paper (Carton),Office Supplies,West,Robert Martinez,Evergreen Renewable Energy,5,45.39,226.95,136.85,90.1,39.7
ORD-2024-12070,2024-11-20,ThinkPad X1 Carbon Laptop,Technology,West,Robert Martinez,Vanguard Financial Solutions,3,1400.25,4200.75,3054.39,1146.36,27.29
ORD-2025-10754,2024-11-20,Cloud Analytics Pro License (Annual),Enterprise Software,West,Priya Sharma,Apollo Industrial Equipment,2,1165.29,2330.58,655.24,1675.34,71.89
ORD-2026-11103,2024-11-21,ThinkPad X1 Carbon Laptop,Technology,West,Robert Martinez,Beacon Legal Consulting,1,1483.35,1483.35,1191.47,291.88,19.68
ORD-2026-11271,2024-11-21,Keychron Q3 Mechanical Keyboard,Technology,West,Robert Martinez,Horizon Retail Partners,6,173.19,1039.14,614.22,424.92,40.89
ORD-2025-12284,2024-11-22,Steel Storage Lateral Filing Cabinet,Furniture,South,Amina Patel,Titan Cloud Infrastructure,1,342.76,342.76,244.61,98.15,28.64
ORD-2024-10264,2024-11-23,HP LaserJet Pro Multi-function Printer,Office Supplies,North,Sarah Jenkins,Titan Cloud Infrastructure,5,443.91,2219.55,1786.4,433.15,19.52
ORD-2025-12254,2024-11-23,Executive Teakwood Conference Table,Furniture,North,Sarah Jenkins,Beacon Legal Consulting,6,1766.53,10599.18,8249.82,2349.36,22.17
ORD-2026-10995,2024-11-23,Electric Dual-Motor Standing Desk,Furniture,Central,Jessica Taylor,Horizon Retail Partners,8,704.99,5639.92,4213.6,1426.32,25.29
ORD-2024-11143,2024-11-23,HP LaserJet Pro Multi-function Printer,Office Supplies,South,Amina Patel,Pinnacle Healthcare Systems,6,404.2,2425.2,1931.4,493.8,20.36
ORD-2024-11536,2024-11-23,Heavy-Duty Cross-Cut Paper Shredder,Office Supplies,East,James Wilson,Acme Global Technologies,11,147.61,1623.71,1117.05,506.66,31.2
ORD-2024-12298,2024-11-24,Cloud Data Backup & Recovery License,Enterprise Software,East,James Wilson,Pinnacle Healthcare Systems,4,522.28,2089.12,596.56,1492.56,71.44
ORD-2024-12349,2024-11-24,Cloud Data Backup & Recovery License,Enterprise Software,Central,Daniel Kim,Horizon Retail Partners,3,583.09,1749.27,513.09,1236.18,70.67
ORD-2025-11990,2024-11-24,"Dell UltraSharp 27"" 4K Monitor",Technology,Central,Daniel Kim,Nexus Logistics Group,10,601.95,6019.5,4207.4,1812.1,30.1
ORD-2026-10491,2024-11-25,Acoustic Fabric Office Partition,Furniture,West,Robert Martinez,Apollo Industrial Equipment,3,248.53,745.59,480.6,264.99,35.54
ORD-2026-12309,2024-11-25,Samsung 2TB Portable NVMe SSD,Technology,West,Priya Sharma,Apollo Industrial Equipment,8,193.95,1551.6,1095.44,456.16,29.4
ORD-2024-10054,2024-11-25,Samsung 2TB Portable NVMe SSD,Technology,West,Priya Sharma,Summit Media Works,9,185.47,1669.23,1127.52,541.71,32.45
ORD-2024-12373,2024-11-26,Logitech MX Master 3S Mouse,Technology,East,Emily Watson,Zenith Dynamics Ltd,7,99.12,693.84,438.83,255.01,36.75
ORD-2026-12318,2024-11-27,Keychron Q3 Mechanical Keyboard,Technology,South,David Rodriguez,Pinnacle Healthcare Systems,5,170.9,854.5,531.2,323.3,37.83
ORD-2025-11507,2024-11-27,ThinkPad X1 Carbon Laptop,Technology,West,Robert Martinez,Bluebird Creative Labs,11,1511.25,16623.75,12889.69,3734.06,22.46
ORD-2025-11357,2024-11-27,Premium Recycled Copy Paper (Carton),Office Supplies,West,Priya Sharma,Apollo Industrial Equipment,2,50.4,100.8,62.2,38.6,38.29
ORD-2026-10566,2024-11-27,"Dell UltraSharp 27"" 4K Monitor",Technology,East,Emily Watson,Titan Cloud Infrastructure,11,553.06,6083.66,3945.7,2137.96,35.14
ORD-2024-11230,2024-11-28,High-Yield Toner Cartridge Pack,Office Supplies,North,Sarah Jenkins,Evergreen Renewable Energy,3,119.8,359.4,197.67,161.73,45.0
ORD-2024-12061,2024-11-28,Heavy-Duty Cross-Cut Paper Shredder,Office Supplies,East,Emily Watson,Summit Media Works,2,162.34,324.68,206.76,117.92,36.32
ORD-2024-12343,2024-11-29,Electric Dual-Motor Standing Desk,Furniture,Central,Jessica Taylor,Horizon Retail Partners,4,657.84,2631.36,1822.6,808.76,30.74
ORD-2024-10975,2024-11-29,Electric Dual-Motor Standing Desk,Furniture,West,Priya Sharma,Bluebird Creative Labs,3,638.79,1916.37,1396.38,519.99,27.13
ORD-2024-11623,2024-11-29,Samsung 2TB Portable NVMe SSD,Technology,West,Priya Sharma,Acme Global Technologies,12,204.44,2453.28,1697.88,755.4,30.79
ORD-2026-10275,2024-11-29,Magnetic Glass Dry-Erase Board,Office Supplies,East,James Wilson,Bluebird Creative Labs,11,214.41,2358.51,1510.85,847.66,35.94
ORD-2026-10716,2024-11-30,HP LaserJet Pro Multi-function Printer,Office Supplies,North,Michael Chang,Evergreen Renewable Energy,3,406.52,1219.56,887.4,332.16,27.24
ORD-2026-11424,2024-11-30,Steel Storage Lateral Filing Cabinet,Furniture,East,James Wilson,Titan Cloud Infrastructure,5,319.91,1599.55,1144.45,455.1,28.45
ORD-2025-10436,2024-12-01,Samsung 2TB Portable NVMe SSD,Technology,North,Michael Chang,Metro Education Foundation,7,177.32,1241.24,964.11,277.13,22.33
ORD-2025-11096,2024-12-01,Steel Storage Lateral Filing Cabinet,Furniture,East,James Wilson,Zenith Dynamics Ltd,9,314.88,2833.92,1841.76,992.16,35.01
ORD-2024-12394,2024-12-01,Acoustic Fabric Office Partition,Furniture,West,Robert Martinez,Bluebird Creative Labs,4,253.26,1013.04,680.56,332.48,32.82
ORD-2025-10019,2024-12-03,Acoustic Fabric Office Partition,Furniture,North,Michael Chang,Evergreen Renewable Energy,7,245.23,1716.61,1126.79,589.82,34.36
ORD-2026-12288,2024-12-03,Electric Dual-Motor Standing Desk,Furniture,East,Emily Watson,Pinnacle Healthcare Systems,6,692.1,4152.6,3004.14,1148.46,27.66
ORD-2026-12441,2024-12-03,Cybersecurity Endpoint Protection Suite,Enterprise Software,Central,Jessica Taylor,Beacon Legal Consulting,3,999.09,2997.27,2893.59,103.68,3.46
ORD-2026-10257,2024-12-03,Samsung 2TB Portable NVMe SSD,Technology,East,Emily Watson,Bluebird Creative Labs,6,193.51,1161.06,777.42,383.64,33.04
ORD-2024-12370,2024-12-04,"Dell UltraSharp 27"" 4K Monitor",Technology,South,David Rodriguez,Cascade BioSciences,4,568.86,2275.44,1484.04,791.4,34.78
ORD-2024-12493,2024-12-04,Cloud Analytics Pro License (Annual),Enterprise Software,South,David Rodriguez,Silverline Manufacturing,2,1171.24,2342.48,592.74,1749.74,74.7
ORD-2025-11216,2024-12-05,Executive Teakwood Conference Table,Furniture,West,Priya Sharma,Titan Cloud Infrastructure,8,1731.67,13853.36,10272.24,3581.12,25.85
ORD-2026-11727,2024-12-05,HP LaserJet Pro Multi-function Printer,Office Supplies,South,Amina Patel,Apollo Industrial Equipment,6,408.14,2448.84,1855.26,593.58,24.24
ORD-2024-12139,2024-12-05,Heavy-Duty Cross-Cut Paper Shredder,Office Supplies,North,Michael Chang,Metro Education Foundation,3,149.95,449.85,282.33,167.52,37.24
ORD-2025-10451,2024-12-06,Logitech MX Master 3S Mouse,Technology,East,Emily Watson,Nexus Logistics Group,12,104.37,1252.44,804.24,448.2,35.79
ORD-2025-11336,2024-12-06,Cloud Data Backup & Recovery License,Enterprise Software,West,Robert Martinez,Apollo Industrial Equipment,1,501.59,501.59,183.31,318.28,63.45
ORD-2026-10890,2024-12-06,Premium Recycled Copy Paper (Carton),Office Supplies,Central,Daniel Kim,Apollo Industrial Equipment,5,45.57,227.85,163.75,64.1,28.13
ORD-2025-12077,2024-12-07,Automated CRM Collaboration Seat,Enterprise Software,North,Michael Chang,Bluebird Creative Labs,1,764.88,764.88,255.08,509.8,66.65
ORD-2026-10440,2024-12-07,Premium Recycled Copy Paper (Carton),Office Supplies,East,James Wilson,Beacon Legal Consulting,7,50.6,354.2,231.28,122.92,34.7
ORD-2026-10371,2024-12-08,Heavy-Duty Cross-Cut Paper Shredder,Office Supplies,East,James Wilson,Bluebird Creative Labs,2,172.3,344.6,238.86,105.74,30.68
ORD-2025-12374,2024-12-09,HP LaserJet Pro Multi-function Printer,Office Supplies,East,James Wilson,Titan Cloud Infrastructure,15,439.21,6588.15,5337.75,1250.4,18.98
ORD-2025-11117,2024-12-09,Sony WH-1000XM5 Headphones,Technology,East,James Wilson,Summit Media Works,7,402.62,2818.34,1886.43,931.91,33.07
ORD-2024-12310,2024-12-09,Steel Storage Lateral Filing Cabinet,Furniture,South,David Rodriguez,Pinnacle Healthcare Systems,1,336.13,336.13,229.23,106.9,31.8
ORD-2026-12315,2024-12-10,Keychron Q3 Mechanical Keyboard,Technology,South,David Rodriguez,Apollo Industrial Equipment,9,174.75,1572.75,977.49,595.26,37.85
ORD-2025-11183,2024-12-11,Anker 10-in-1 USB-C Docking Hub,Technology,North,Sarah Jenkins,Metro Education Foundation,1,139.08,139.08,80.56,58.52,42.08
ORD-2025-10622,2024-12-12,Automated CRM Collaboration Seat,Enterprise Software,West,Robert Martinez,Bluebird Creative Labs,7,676.37,4734.59,1598.17,3136.42,66.24
ORD-2026-10287,2024-12-12,Acoustic Fabric Office Partition,Furniture,South,Amina Patel,Vanguard Financial Solutions,8,269.53,2156.24,1361.04,795.2,36.88
ORD-2024-10957,2024-12-12,Magnetic Glass Dry-Erase Board,Office Supplies,South,Amina Patel,Horizon Retail Partners,3,205.9,617.7,339.21,278.49,45.08
ORD-2025-11831,2024-12-12,Cloud Data Backup & Recovery License,Enterprise Software,West,Priya Sharma,Acme Global Technologies,4,572.62,2290.48,709.56,1580.92,69.02
ORD-2024-12094,2024-12-13,Samsung 2TB Portable NVMe SSD,Technology,South,David Rodriguez,Evergreen Renewable Energy,1,190.89,190.89,132.56,58.33,30.56
ORD-2026-11958,2024-12-14,ThinkPad X1 Carbon Laptop,Technology,East,James Wilson,Summit Media Works,6,1425.29,8551.74,6444.36,2107.38,24.64
ORD-2024-12217,2024-12-14,HP LaserJet Pro Multi-function Printer,Office Supplies,East,James Wilson,Horizon Retail Partners,8,408.46,3267.68,2405.92,861.76,26.37
ORD-2024-10222,2024-12-15,Cloud Data Backup & Recovery License,Enterprise Software,South,David Rodriguez,Horizon Retail Partners,2,581.47,1162.94,281.18,881.76,75.82
ORD-2024-11563,2024-12-15,ThinkPad X1 Carbon Laptop,Technology,North,Sarah Jenkins,Horizon Retail Partners,9,1470.57,13235.13,9916.56,3318.57,25.07
ORD-2026-10599,2024-12-15,Heavy-Duty Cross-Cut Paper Shredder,Office Supplies,West,Robert Martinez,Cascade BioSciences,23,149.98,3449.54,2226.17,1223.37,35.46
ORD-2025-11603,2024-12-15,Logitech MX Master 3S Mouse,Technology,North,Michael Chang,Zenith Dynamics Ltd,8,104.08,832.64,454.0,378.64,45.47
ORD-2025-12233,2024-12-15,Herman Miller Ergonomic Chair,Furniture,South,David Rodriguez,Titan Cloud Infrastructure,6,1091.84,6551.04,4459.32,2091.72,31.93
ORD-2026-10158,2024-12-15,Magnetic Glass Dry-Erase Board,Office Supplies,Central,Jessica Taylor,Apollo Industrial Equipment,10,194.95,1949.5,1097.6,851.9,43.7
ORD-2024-11071,2024-12-15,Steel Storage Lateral Filing Cabinet,Furniture,South,David Rodriguez,Evergreen Renewable Energy,7,359.9,2519.3,1844.71,674.59,26.78
ORD-2026-11889,2024-12-16,Cloud Data Backup & Recovery License,Enterprise Software,West,Priya Sharma,Cascade BioSciences,2,498.78,997.56,302.3,695.26,69.7
ORD-2025-10574,2024-12-16,"Dell UltraSharp 27"" 4K Monitor",Technology,West,Priya Sharma,Pinnacle Healthcare Systems,6,608.95,3653.7,2434.74,1218.96,33.36
ORD-2024-11080,2024-12-16,Anker 10-in-1 USB-C Docking Hub,Technology,North,Michael Chang,Evergreen Renewable Energy,12,122.53,1470.36,837.84,632.52,43.02
ORD-2024-10480,2024-12-17,HP LaserJet Pro Multi-function Printer,Office Supplies,East,Emily Watson,Silverline Manufacturing,14,415.19,5812.66,4548.18,1264.48,21.75
ORD-2026-12126,2024-12-17,Automated CRM Collaboration Seat,Enterprise Software,North,Sarah Jenkins,Cascade BioSciences,7,776.4,5434.8,1704.92,3729.88,68.63
ORD-2024-11575,2024-12-17,High-Yield Toner Cartridge Pack,Office Supplies,South,Amina Patel,Acme Global Technologies,6,123.35,740.1,366.3,373.8,50.51
ORD-2026-10233,2024-12-18,Cloud Analytics Pro License (Annual),Enterprise Software,West,Priya Sharma,Silverline Manufacturing,1,1104.62,1104.62,376.7,727.92,65.9
ORD-2024-12103,2024-12-18,Sony WH-1000XM5 Headphones,Technology,East,Emily Watson,Vanguard Financial Solutions,1,391.98,391.98,237.37,154.61,39.44
ORD-2024-12391,2024-12-19,Cloud Data Backup & Recovery License,Enterprise Software,South,Amina Patel,Nexus Logistics Group,7,572.36,4006.52,1199.1,2807.42,70.07
ORD-2024-10225,2024-12-19,Cloud Analytics Pro License (Annual),Enterprise Software,West,Priya Sharma,Metro Education Foundation,5,1269.38,6346.9,1570.05,4776.85,75.26
ORD-2024-10828,2024-12-20,HP LaserJet Pro Multi-function Printer,Office Supplies,North,Michael Chang,Cascade BioSciences,13,402.0,5226.0,3912.35,1313.65,25.14
ORD-2026-10893,2024-12-20,Acoustic Fabric Office Partition,Furniture,North,Michael Chang,Titan Cloud Infrastructure,8,261.83,2094.64,1405.52,689.12,32.9
ORD-2025-12305,2024-12-20,Magnetic Glass Dry-Erase Board,Office Supplies,North,Sarah Jenkins,Pinnacle Healthcare Systems,3,209.75,629.25,392.25,237.0,37.66
ORD-2025-11150,2024-12-21,Electric Dual-Motor Standing Desk,Furniture,East,Emily Watson,Cascade BioSciences,1,715.93,715.93,552.92,163.01,22.77
ORD-2025-12098,2024-12-21,Anker 10-in-1 USB-C Docking Hub,Technology,South,Amina Patel,Evergreen Renewable Energy,6,124.2,745.2,447.96,297.24,39.89
ORD-2026-11496,2024-12-22,Keychron Q3 Mechanical Keyboard,Technology,East,Emily Watson,Nexus Logistics Group,12,175.29,2103.48,1137.48,966.0,45.92
ORD-2026-11181,2024-12-23,"Dell UltraSharp 27"" 4K Monitor",Technology,North,Michael Chang,Nexus Logistics Group,5,574.63,2873.15,1934.25,938.9,32.68
ORD-2025-11762,2024-12-23,Premium Recycled Copy Paper (Carton),Office Supplies,North,Michael Chang,Apollo Industrial Equipment,11,44.47,489.17,323.29,165.88,33.91
ORD-2024-11272,2024-12-24,Steel Storage Lateral Filing Cabinet,Furniture,West,Priya Sharma,Titan Cloud Infrastructure,5,364.9,1824.5,1848.25,-23.75,-1.3
ORD-2024-11656,2024-12-24,High-Yield Toner Cartridge Pack,Office Supplies,East,James Wilson,Horizon Retail Partners,21,124.9,2622.9,1274.49,1348.41,51.41
ORD-2026-12348,2024-12-25,Logitech MX Master 3S Mouse,Technology,East,James Wilson,Cascade BioSciences,3,94.0,282.0,160.56,121.44,43.06
ORD-2025-11492,2024-12-25,ThinkPad X1 Carbon Laptop,Technology,North,Michael Chang,Nexus Logistics Group,9,1424.87,12823.83,9424.26,3399.57,26.51
ORD-2024-12364,2024-12-25,Keychron Q3 Mechanical Keyboard,Technology,North,Michael Chang,Cascade BioSciences,5,170.45,852.25,832.8,19.45,2.28
ORD-2025-10955,2024-12-25,Magnetic Glass Dry-Erase Board,Office Supplies,West,Robert Martinez,Nexus Logistics Group,8,197.51,1580.08,1028.0,552.08,34.94
ORD-2025-11702,2024-12-25,Cloud Analytics Pro License (Annual),Enterprise Software,North,Sarah Jenkins,Zenith Dynamics Ltd,3,1288.92,3866.76,1137.54,2729.22,70.58
ORD-2026-11733,2024-12-26,ThinkPad X1 Carbon Laptop,Technology,North,Michael Chang,Pinnacle Healthcare Systems,1,1355.48,1355.48,995.56,359.92,26.55
ORD-2026-10725,2024-12-27,Samsung 2TB Portable NVMe SSD,Technology,South,Amina Patel,Evergreen Renewable Energy,7,201.16,1408.12,961.73,446.39,31.7
ORD-2024-10291,2024-12-27,Cloud Analytics Pro License (Annual),Enterprise Software,East,James Wilson,Nexus Logistics Group,7,1169.4,8185.8,2341.36,5844.44,71.4
ORD-2025-10685,2024-12-27,Herman Miller Ergonomic Chair,Furniture,North,Sarah Jenkins,Titan Cloud Infrastructure,6,1105.38,6632.28,5082.0,1550.28,23.37
ORD-2024-11161,2024-12-27,Cybersecurity Endpoint Protection Suite,Enterprise Software,South,David Rodriguez,Evergreen Renewable Energy,6,922.44,5534.64,1303.68,4230.96,76.45
ORD-2024-10192,2024-12-29,"Dell UltraSharp 27"" 4K Monitor",Technology,East,James Wilson,Nexus Logistics Group,11,589.94,6489.34,4446.42,2042.92,31.48
ORD-2024-10945,2024-12-30,Heavy-Duty Cross-Cut Paper Shredder,Office Supplies,West,Robert Martinez,Cascade BioSciences,15,155.96,2339.4,1404.0,935.4,39.98
ORD-2025-10418,2024-12-30,Premium Recycled Copy Paper (Carton),Office Supplies,Central,Daniel Kim,Vanguard Financial Solutions,2,46.01,92.02,57.56,34.46,37.45
ORD-2026-10356,2024-12-30,Sony WH-1000XM5 Headphones,Technology,West,Robert Martinez,Vanguard Financial Solutions,7,409.48,2866.36,1993.32,873.04,30.46
ORD-2025-12329,2024-12-30,Electric Dual-Motor Standing Desk,Furniture,West,Priya Sharma,Beacon Legal Consulting,8,699.83,5598.64,5434.4,164.24,2.93
ORD-2026-11580,2024-12-30,Steel Storage Lateral Filing Cabinet,Furniture,West,Robert Martinez,Cascade BioSciences,2,360.78,721.56,524.18,197.38,27.35
ORD-2025-10727,2024-12-31,Premium Recycled Copy Paper (Carton),Office Supplies,East,Emily Watson,Apollo Industrial Equipment,11,49.68,546.48,352.44,194.04,35.51
ORD-2025-11888,2024-12-31,Cloud Analytics Pro License (Annual),Enterprise Software,East,James Wilson,Summit Media Works,2,1243.14,2486.28,844.86,1641.42,66.02
ORD-2026-11787,2025-01-01,Cloud Analytics Pro License (Annual),Enterprise Software,South,David Rodriguez,Beacon Legal Consulting,8,1265.53,10124.24,2354.88,7769.36,76.74
ORD-2024-11770,2025-01-01,Premium Recycled Copy Paper (Carton),Office Supplies,North,Sarah Jenkins,Apollo Industrial Equipment,7,50.78,355.46,234.22,121.24,34.11
ORD-2026-11808,2025-01-01,Electric Dual-Motor Standing Desk,Furniture,West,Priya Sharma,Metro Education Foundation,1,706.09,706.09,480.54,225.55,31.94
ORD-2026-12390,2025-01-02,"Dell UltraSharp 27"" 4K Monitor",Technology,East,Emily Watson,Nexus Logistics Group,2,560.65,1121.3,797.34,323.96,28.89
ORD-2025-10229,2025-01-02,Automated CRM Collaboration Seat,Enterprise Software,East,Emily Watson,Titan Cloud Infrastructure,1,663.48,663.48,214.35,449.13,67.69
ORD-2026-12117,2025-01-02,Cloud Analytics Pro License (Annual),Enterprise Software,West,Priya Sharma,Vanguard Financial Solutions,1,1138.03,1138.03,347.05,790.98,69.5
ORD-2025-10481,2025-01-03,High-Yield Toner Cartridge Pack,Office Supplies,West,Robert Martinez,Beacon Legal Consulting,7,123.63,865.41,456.47,408.94,47.25
ORD-2024-10093,2025-01-04,Keychron Q3 Mechanical Keyboard,Technology,West,Robert Martinez,Summit Media Works,2,164.57,329.14,210.78,118.36,35.96
ORD-2025-10214,2025-01-04,HP LaserJet Pro Multi-function Printer,Office Supplies,East,James Wilson,Bluebird Creative Labs,3,443.14,1329.42,1073.79,255.63,19.23
ORD-2024-10369,2025-01-04,HP LaserJet Pro Multi-function Printer,Office Supplies,East,James Wilson,Horizon Retail Partners,6,432.46,2594.76,1988.22,606.54,23.38
ORD-2026-10410,2025-01-04,Premium Recycled Copy Paper (Carton),Office Supplies,North,Sarah Jenkins,Beacon Legal Consulting,5,46.57,232.85,153.4,79.45,34.12
ORD-2026-10326,2025-01-05,Heavy-Duty Cross-Cut Paper Shredder,Office Supplies,South,David Rodriguez,Cascade BioSciences,2,156.62,313.24,192.48,120.76,38.55
ORD-2024-10642,2025-01-05,Anker 10-in-1 USB-C Docking Hub,Technology,Central,Daniel Kim,Pinnacle Healthcare Systems,8,125.33,1002.64,534.72,467.92,46.67
ORD-2025-10811,2025-01-05,ThinkPad X1 Carbon Laptop,Technology,West,Priya Sharma,Metro Education Foundation,3,1354.1,4062.3,2895.75,1166.55,28.72
ORD-2026-12096,2025-01-05,Electric Dual-Motor Standing Desk,Furniture,West,Priya Sharma,Cascade BioSciences,7,704.65,4932.55,3505.81,1426.74,28.92
ORD-2024-11446,2025-01-05,Cybersecurity Endpoint Protection Suite,Enterprise Software,East,Emily Watson,Nexus Logistics Group,5,919.0,4595.0,1665.8,2929.2,63.75
ORD-2026-11775,2025-01-06,Electric Dual-Motor Standing Desk,Furniture,South,Amina Patel,Vanguard Financial Solutions,5,727.05,3635.25,3794.15,-158.9,-4.37
ORD-2024-12166,2025-01-06,Electric Dual-Motor Standing Desk,Furniture,East,Emily Watson,Summit Media Works,10,687.56,6875.6,5248.2,1627.4,23.67
ORD-2026-10938,2025-01-07,"Dell UltraSharp 27"" 4K Monitor",Technology,Central,Jessica Taylor,Titan Cloud Infrastructure,5,570.46,2852.3,2742.65,109.65,3.84
ORD-2024-12259,2025-01-07,Cloud Analytics Pro License (Annual),Enterprise Software,South,Amina Patel,Metro Education Foundation,4,1129.55,4518.2,1559.84,2958.36,65.48
ORD-2024-11893,2025-01-07,Automated CRM Collaboration Seat,Enterprise Software,West,Robert Martinez,Nexus Logistics Group,8,758.76,6070.08,2284.4,3785.68,62.37
ORD-2025-12395,2025-01-07,Cybersecurity Endpoint Protection Suite,Enterprise Software,South,Amina Patel,Silverline Manufacturing,2,1009.58,2019.16,533.54,1485.62,73.58
ORD-2026-10116,2025-01-08,Automated CRM Collaboration Seat,Enterprise Software,South,David Rodriguez,Zenith Dynamics Ltd,6,695.66,4173.96,1236.96,2937.0,70.36
ORD-2026-10770,2025-01-08,Anker 10-in-1 USB-C Docking Hub,Technology,East,James Wilson,Beacon Legal Consulting,12,123.07,1476.84,794.28,682.56,46.22
ORD-2025-11381,2025-01-08,Cloud Data Backup & Recovery License,Enterprise Software,West,Robert Martinez,Summit Media Works,8,574.71,4597.68,1167.68,3430.0,74.6
ORD-2026-12252,2025-01-08,Anker 10-in-1 USB-C Docking Hub,Technology,Central,Daniel Kim,Titan Cloud Infrastructure,1,126.26,126.26,64.65,61.61,48.8
ORD-2026-10824,2025-01-08,Samsung 2TB Portable NVMe SSD,Technology,East,James Wilson,Evergreen Renewable Energy,11,194.73,2142.03,1455.3,686.73,32.06
ORD-2025-10244,2025-01-08,Herman Miller Ergonomic Chair,Furniture,South,David Rodriguez,Nexus Logistics Group,4,1197.73,4790.92,3635.56,1155.36,24.12
ORD-2026-12051,2025-01-09,Steel Storage Lateral Filing Cabinet,Furniture,West,Robert Martinez,Evergreen Renewable Energy,2,341.05,682.1,665.98,16.12,2.36
ORD-2025-12239,2025-01-09,Anker 10-in-1 USB-C Docking Hub,Technology,West,Priya Sharma,Pinnacle Healthcare Systems,9,121.66,1094.94,623.97,470.97,43.01
ORD-2026-11079,2025-01-09,Cloud Data Backup & Recovery License,Enterprise Software,East,James Wilson,Acme Global Technologies,6,545.74,3274.44,1047.24,2227.2,68.02
ORD-2025-11618,2025-01-10,HP LaserJet Pro Multi-function Printer,Office Supplies,Central,Jessica Taylor,Zenith Dynamics Ltd,6,420.55,2523.3,1716.84,806.46,31.96
ORD-2026-11322,2025-01-10,Electric Dual-Motor Standing Desk,Furniture,West,Priya Sharma,Pinnacle Healthcare Systems,10,672.79,6727.9,4965.6,1762.3,26.19
ORD-2026-11739,2025-01-10,Premium Recycled Copy Paper (Carton),Office Supplies,North,Sarah Jenkins,Evergreen Renewable Energy,22,44.56,980.32,642.18,338.14,34.49
ORD-2026-12141,2025-01-10,Keychron Q3 Mechanical Keyboard,Technology,South,Amina Patel,Metro Education Foundation,2,165.08,330.16,197.26,132.9,40.25
ORD-2026-11688,2025-01-11,Automated CRM Collaboration Seat,Enterprise Software,West,Robert Martinez,Nexus Logistics Group,6,672.16,4032.96,1271.88,2761.08,68.46
ORD-2026-11487,2025-01-11,Executive Teakwood Conference Table,Furniture,West,Robert Martinez,Nexus Logistics Group,1,1926.96,1926.96,1565.39,361.57,18.76
ORD-2024-11518,2025-01-11,Keychron Q3 Mechanical Keyboard,Technology,South,Amina Patel,Silverline Manufacturing,7,171.36,1199.52,720.65,478.87,39.92
ORD-2025-10850,2025-01-11,Samsung 2TB Portable NVMe SSD,Technology,North,Michael Chang,Titan Cloud Infrastructure,9,181.82,1636.38,1168.02,468.36,28.62
ORD-2024-11032,2025-01-12,Executive Teakwood Conference Table,Furniture,North,Sarah Jenkins,Horizon Retail Partners,4,1703.1,6812.4,5297.04,1515.36,22.24
ORD-2026-12078,2025-01-12,Cloud Analytics Pro License (Annual),Enterprise Software,East,Emily Watson,Summit Media Works,2,1262.84,2525.68,671.2,1854.48,73.42
ORD-2026-10923,2025-01-13,Herman Miller Ergonomic Chair,Furniture,East,Emily Watson,Nexus Logistics Group,1,1135.44,1135.44,983.27,152.17,13.4
ORD-2025-10022,2025-01-13,Automated CRM Collaboration Seat,Enterprise Software,East,James Wilson,Titan Cloud Infrastructure,1,682.49,682.49,248.85,433.64,63.54
ORD-2026-12402,2025-01-13,Herman Miller Ergonomic Chair,Furniture,West,Robert Martinez,Pinnacle Healthcare Systems,10,1204.9,12049.0,9597.7,2451.3,20.34
ORD-2026-11127,2025-01-13,ThinkPad X1 Carbon Laptop,Technology,South,David Rodriguez,Acme Global Technologies,6,1532.45,9194.7,6934.2,2260.5,24.58
ORD-2025-10325,2025-01-13,"Dell UltraSharp 27"" 4K Monitor",Technology,East,Emily Watson,Metro Education Foundation,5,602.14,3010.7,1917.8,1092.9,36.3
ORD-2026-11253,2025-01-13,Acoustic Fabric Office Partition,Furniture,North,Michael Chang,Horizon Retail Partners,7,260.88,1826.16,1165.92,660.24,36.15
ORD-2026-12273,2025-01-13,Logitech MX Master 3S Mouse,Technology,East,Emily Watson,Titan Cloud Infrastructure,7,98.42,688.94,368.62,320.32,46.49
ORD-2024-11866,2025-01-13,Executive Teakwood Conference Table,Furniture,West,Robert Martinez,Apollo Industrial Equipment,7,1782.37,12476.59,9990.68,2485.91,19.92
ORD-2024-11971,2025-01-14,Cybersecurity Endpoint Protection Suite,Enterprise Software,East,Emily Watson,Horizon Retail Partners,2,876.63,1753.26,493.62,1259.64,71.85
ORD-2024-12334,2025-01-14,Samsung 2TB Portable NVMe SSD,Technology,North,Sarah Jenkins,Horizon Retail Partners,7,180.94,1266.58,969.64,296.94,23.44
ORD-2025-10607,2025-01-14,Steel Storage Lateral Filing Cabinet,Furniture,East,Emily Watson,Beacon Legal Consulting,3,341.88,1025.64,650.1,375.54,36.62
ORD-2026-12207,2025-01-14,Anker 10-in-1 USB-C Docking Hub,Technology,West,Robert Martinez,Summit Media Works,5,137.83,689.15,403.15,286.0,41.5
ORD-2026-12138,2025-01-15,Keychron Q3 Mechanical Keyboard,Technology,East,Emily Watson,Apollo Industrial Equipment,4,177.97,711.88,420.92,290.96,40.87
ORD-2024-11212,2025-01-15,Steel Storage Lateral Filing Cabinet,Furniture,Central,Jessica Taylor,Bluebird Creative Labs,4,356.65,1426.6,1511.84,-85.24,-5.98
ORD-2026-11922,2025-01-15,Magnetic Glass Dry-Erase Board,Office Supplies,North,Michael Chang,Metro Education Foundation,2,206.94,413.88,253.78,160.1,38.68
ORD-2024-10309,2025-01-15,"Dell UltraSharp 27"" 4K Monitor",Technology,North,Michael Chang,Acme Global Technologies,11,622.23,6844.53,5172.75,1671.78,24.43
ORD-2025-10910,2025-01-16,"Dell UltraSharp 27"" 4K Monitor",Technology,North,Sarah Jenkins,Acme Global Technologies,12,589.67,7076.04,4621.32,2454.72,34.69
ORD-2026-11760,2025-01-17,High-Yield Toner Cartridge Pack,Office Supplies,West,Priya Sharma,Zenith Dynamics Ltd,16,131.73,2107.68,1206.24,901.44,42.77
ORD-2026-10266,2025-01-18,Premium Recycled Copy Paper (Carton),Office Supplies,South,Amina Patel,Beacon Legal Consulting,12,51.13,613.56,382.44,231.12,37.67
ORD-2025-11006,2025-01-18,High-Yield Toner Cartridge Pack,Office Supplies,West,Priya Sharma,Titan Cloud Infrastructure,6,122.9,737.4,361.74,375.66,50.94
ORD-2024-11533,2025-01-18,Sony WH-1000XM5 Headphones,Technology,West,Robert Martinez,Nexus Logistics Group,1,362.19,362.19,247.85,114.34,31.57
ORD-2024-10933,2025-01-19,Executive Teakwood Conference Table,Furniture,North,Sarah Jenkins,Apollo Industrial Equipment,3,1922.91,5768.73,4586.91,1181.82,20.49
ORD-2024-11512,2025-01-20,"Dell UltraSharp 27"" 4K Monitor",Technology,East,Emily Watson,Vanguard Financial Solutions,4,552.25,2209.0,1445.64,763.36,34.56
ORD-2024-10483,2025-01-20,Magnetic Glass Dry-Erase Board,Office Supplies,East,Emily Watson,Pinnacle Healthcare Systems,21,220.26,4625.46,2526.09,2099.37,45.39
ORD-2024-10162,2025-01-21,Keychron Q3 Mechanical Keyboard,Technology,Central,Jessica Taylor,Metro Education Foundation,8,188.29,1506.32,1001.84,504.48,33.49
ORD-2026-11931,2025-01-21,Cybersecurity Endpoint Protection Suite,Enterprise Software,Central,Jessica Taylor,Apollo Industrial Equipment,4,889.04,3556.16,1042.24,2513.92,70.69
ORD-2025-11204,2025-01-23,Herman Miller Ergonomic Chair,Furniture,East,James Wilson,Horizon Retail Partners,5,1229.18,6145.9,4764.6,1381.3,22.48
ORD-2025-10025,2025-01-23,Premium Recycled Copy Paper (Carton),Office Supplies,West,Robert Martinez,Metro Education Foundation,18,51.05,918.9,574.56,344.34,37.47
ORD-2025-11390,2025-01-24,Samsung 2TB Portable NVMe SSD,Technology,West,Priya Sharma,Beacon Legal Consulting,9,175.64,1580.76,1665.54,-84.78,-5.36
ORD-2026-10110,2025-01-24,Electric Dual-Motor Standing Desk,Furniture,South,Amina Patel,Nexus Logistics Group,2,693.51,1387.02,929.48,457.54,32.99
ORD-2024-12361,2025-01-24,High-Yield Toner Cartridge Pack,Office Supplies,North,Michael Chang,Titan Cloud Infrastructure,14,132.48,1854.72,908.18,946.54,51.03
ORD-2026-10011,2025-01-25,Sony WH-1000XM5 Headphones,Technology,North,Sarah Jenkins,Metro Education Foundation,8,392.97,3143.76,1998.0,1145.76,36.45
ORD-2024-11164,2025-01-25,HP LaserJet Pro Multi-function Printer,Office Supplies,Central,Jessica Taylor,Silverline Manufacturing,23,441.18,10147.14,7570.45,2576.69,25.39
ORD-2026-11697,2025-01-26,High-Yield Toner Cartridge Pack,Office Supplies,South,David Rodriguez,Beacon Legal Consulting,6,120.94,725.64,346.5,379.14,52.25
ORD-2024-11851,2025-01-27,Cloud Data Backup & Recovery License,Enterprise Software,East,Emily Watson,Summit Media Works,7,513.33,3593.31,958.02,2635.29,73.34
ORD-2024-12448,2025-01-27,Cloud Analytics Pro License (Annual),Enterprise Software,West,Robert Martinez,Horizon Retail Partners,2,1112.99,2225.98,670.0,1555.98,69.9
ORD-2026-10575,2025-01-27,Samsung 2TB Portable NVMe SSD,Technology,West,Robert Martinez,Beacon Legal Consulting,3,197.36,592.08,603.66,-11.58,-1.96
ORD-2025-11984,2025-01-28,Samsung 2TB Portable NVMe SSD,Technology,Central,Daniel Kim,Nexus Logistics Group,11,177.89,1956.79,1587.63,369.16,18.87
ORD-2025-10196,2025-01-28,Premium Recycled Copy Paper (Carton),Office Supplies,North,Michael Chang,Acme Global Technologies,5,50.31,251.55,165.5,86.05,34.21
ORD-2025-10499,2025-01-29,Samsung 2TB Portable NVMe SSD,Technology,South,Amina Patel,Titan Cloud Infrastructure,9,189.02,1701.18,1280.25,420.93,24.74
ORD-2024-12340,2025-01-29,Automated CRM Collaboration Seat,Enterprise Software,Central,Jessica Taylor,Acme Global Technologies,3,680.96,2042.88,853.68,1189.2,58.21
ORD-2026-10140,2025-01-29,Heavy-Duty Cross-Cut Paper Shredder,Office Supplies,West,Priya Sharma,Nexus Logistics Group,2,169.52,339.04,208.18,130.86,38.6
ORD-2026-11466,2025-01-29,"Dell UltraSharp 27"" 4K Monitor",Technology,East,Emily Watson,Cascade BioSciences,7,622.13,4354.91,2871.33,1483.58,34.07
ORD-2024-11521,2025-02-01,Keychron Q3 Mechanical Keyboard,Technology,West,Priya Sharma,Metro Education Foundation,10,184.17,1841.7,1129.6,712.1,38.67
ORD-2024-10492,2025-02-01,Acoustic Fabric Office Partition,Furniture,West,Priya Sharma,Pinnacle Healthcare Systems,3,242.67,728.01,513.87,214.14,29.41
ORD-2026-12465,2025-02-02,Anker 10-in-1 USB-C Docking Hub,Technology,West,Robert Martinez,Evergreen Renewable Energy,11,121.07,1331.77,681.45,650.32,48.83
ORD-2025-12197,2025-02-02,Premium Recycled Copy Paper (Carton),Office Supplies,South,David Rodriguez,Cascade BioSciences,4,50.17,200.68,125.0,75.68,37.71
ORD-2024-10078,2025-02-02,Logitech MX Master 3S Mouse,Technology,East,James Wilson,Apollo Industrial Equipment,11,103.58,1139.38,700.7,438.68,38.5
ORD-2024-11800,2025-02-02,Acoustic Fabric Office Partition,Furniture,Central,Jessica Taylor,Apollo Industrial Equipment,9,276.41,2487.69,1856.7,630.99,25.36
ORD-2025-11786,2025-02-02,Executive Teakwood Conference Table,Furniture,West,Robert Martinez,Zenith Dynamics Ltd,5,1954.47,9772.35,7705.3,2067.05,21.15
ORD-2025-11828,2025-02-03,Cloud Analytics Pro License (Annual),Enterprise Software,West,Priya Sharma,Nexus Logistics Group,4,1197.19,4788.76,1251.4,3537.36,73.87
ORD-2024-12487,2025-02-03,Samsung 2TB Portable NVMe SSD,Technology,South,Amina Patel,Apollo Industrial Equipment,8,181.35,1450.8,1532.24,-81.44,-5.61
ORD-2024-10207,2025-02-04,Samsung 2TB Portable NVMe SSD,Technology,Central,Daniel Kim,Titan Cloud Infrastructure,4,191.51,766.04,538.4,227.64,29.72
ORD-2025-10790,2025-02-04,Samsung 2TB Portable NVMe SSD,Technology,North,Sarah Jenkins,Beacon Legal Consulting,10,201.35,2013.5,1342.5,671.0,33.33
ORD-2025-11339,2025-02-05,Electric Dual-Motor Standing Desk,Furniture,East,James Wilson,Bluebird Creative Labs,2,717.23,1434.46,1097.84,336.62,23.47
ORD-2024-10603,2025-02-06,Anker 10-in-1 USB-C Docking Hub,Technology,North,Michael Chang,Beacon Legal Consulting,9,129.36,1164.24,574.92,589.32,50.62
ORD-2025-11540,2025-02-07,Samsung 2TB Portable NVMe SSD,Technology,East,James Wilson,Metro Education Foundation,12,201.59,2419.08,1557.6,861.48,35.61
ORD-2024-11149,2025-02-07,Samsung 2TB Portable NVMe SSD,Technology,North,Michael Chang,Summit Media Works,8,198.76,1590.08,1134.8,455.28,28.63
ORD-2026-11826,2025-02-08,High-Yield Toner Cartridge Pack,Office Supplies,Central,Daniel Kim,Apollo Industrial Equipment,9,125.7,1131.3,1109.16,22.14,1.96
ORD-2024-12316,2025-02-08,Keychron Q3 Mechanical Keyboard,Technology,East,Emily Watson,Silverline Manufacturing,9,167.99,1511.91,952.2,559.71,37.02
ORD-2025-10946,2025-02-08,Cloud Analytics Pro License (Annual),Enterprise Software,North,Michael Chang,Zenith Dynamics Ltd,4,1114.26,4457.04,1239.16,3217.88,72.2
ORD-2026-12114,2025-02-08,High-Yield Toner Cartridge Pack,Office Supplies,West,Robert Martinez,Horizon Retail Partners,3,134.07,402.21,240.18,162.03,40.28
ORD-2026-11232,2025-02-08,HP LaserJet Pro Multi-function Printer,Office Supplies,South,Amina Patel,Zenith Dynamics Ltd,3,424.21,1272.63,951.24,321.39,25.25
ORD-2025-10961,2025-02-09,Herman Miller Ergonomic Chair,Furniture,North,Sarah Jenkins,Summit Media Works,6,1080.64,6483.84,5022.6,1461.24,22.54
ORD-2025-10925,2025-02-09,HP LaserJet Pro Multi-function Printer,Office Supplies,West,Priya Sharma,Vanguard Financial Solutions,3,394.81,1184.43,1146.42,38.01,3.21
ORD-2025-11324,2025-02-09,Sony WH-1000XM5 Headphones,Technology,North,Sarah Jenkins,Acme Global Technologies,4,350.14,1400.56,856.48,544.08,38.85
ORD-2024-10405,2025-02-09,Magnetic Glass Dry-Erase Board,Office Supplies,North,Sarah Jenkins,Vanguard Financial Solutions,8,205.62,1644.96,927.92,717.04,43.59
ORD-2026-10029,2025-02-10,Samsung 2TB Portable NVMe SSD,Technology,West,Priya Sharma,Metro Education Foundation,9,190.08,1710.72,1215.63,495.09,28.94
ORD-2024-12418,2025-02-10,Executive Teakwood Conference Table,Furniture,East,James Wilson,Cascade BioSciences,3,1987.21,5961.63,4513.26,1448.37,24.29
ORD-2025-10931,2025-02-10,Magnetic Glass Dry-Erase Board,Office Supplies,East,Emily Watson,Apollo Industrial Equipment,8,214.39,1715.12,987.76,727.36,42.41
ORD-2025-10121,2025-02-10,Electric Dual-Motor Standing Desk,Furniture,West,Priya Sharma,Bluebird Creative Labs,8,697.28,5578.24,3989.68,1588.56,28.48
ORD-2024-11692,2025-02-10,"Dell UltraSharp 27"" 4K Monitor",Technology,South,Amina Patel,Vanguard Financial Solutions,5,578.92,2894.6,2065.0,829.6,28.66
ORD-2025-10364,2025-02-11,Automated CRM Collaboration Seat,Enterprise Software,Central,Jessica Taylor,Cascade BioSciences,3,668.35,2005.05,655.62,1349.43,67.3
ORD-2025-12416,2025-02-11,Cybersecurity Endpoint Protection Suite,Enterprise Software,East,Emily Watson,Metro Education Foundation,7,940.43,6583.01,2108.47,4474.54,67.97
ORD-2024-12409,2025-02-11,Logitech MX Master 3S Mouse,Technology,North,Sarah Jenkins,Nexus Logistics Group,2,97.86,195.72,110.72,85.0,43.43
ORD-2026-12087,2025-02-12,Keychron Q3 Mechanical Keyboard,Technology,North,Michael Chang,Horizon Retail Partners,9,188.36,1695.24,1055.34,639.9,37.75
ORD-2025-10235,2025-02-12,Samsung 2TB Portable NVMe SSD,Technology,East,James Wilson,Zenith Dynamics Ltd,9,199.27,1793.43,1199.52,593.91,33.12
ORD-2025-11309,2025-02-13,Logitech MX Master 3S Mouse,Technology,North,Michael Chang,Apollo Industrial Equipment,10,94.97,949.7,601.2,348.5,36.7
ORD-2024-10981,2025-02-13,Automated CRM Collaboration Seat,Enterprise Software,North,Sarah Jenkins,Silverline Manufacturing,4,694.07,2776.28,980.32,1795.96,64.69
ORD-2026-10182,2025-02-13,Electric Dual-Motor Standing Desk,Furniture,West,Priya Sharma,Metro Education Foundation,7,682.08,4774.56,3524.43,1250.13,26.18
ORD-2024-11959,2025-02-13,Acoustic Fabric Office Partition,Furniture,East,James Wilson,Cascade BioSciences,8,269.03,2152.24,1407.52,744.72,34.6
ORD-2024-10513,2025-02-13,Samsung 2TB Portable NVMe SSD,Technology,West,Priya Sharma,Titan Cloud Infrastructure,12,198.51,2382.12,1754.76,627.36,26.34
ORD-2024-12331,2025-02-13,Automated CRM Collaboration Seat,Enterprise Software,South,Amina Patel,Cascade BioSciences,3,740.41,2221.23,697.95,1523.28,68.58
ORD-2025-11519,2025-02-14,Electric Dual-Motor Standing Desk,Furniture,Central,Jessica Taylor,Titan Cloud Infrastructure,1,659.65,659.65,482.91,176.74,26.79
ORD-2026-11862,2025-02-14,HP LaserJet Pro Multi-function Printer,Office Supplies,East,Emily Watson,Horizon Retail Partners,17,422.65,7185.05,5428.1,1756.95,24.45
ORD-2025-10691,2025-02-14,Cloud Analytics Pro License (Annual),Enterprise Software,North,Michael Chang,Metro Education Foundation,5,1290.73,6453.65,1897.6,4556.05,70.6
ORD-2024-10138,2025-02-14,ThinkPad X1 Carbon Laptop,Technology,East,Emily Watson,Vanguard Financial Solutions,3,1395.95,4187.85,4250.46,-62.61,-1.5
ORD-2024-10486,2025-02-15,Logitech MX Master 3S Mouse,Technology,East,Emily Watson,Horizon Retail Partners,2,100.62,201.24,118.52,82.72,41.11
ORD-2026-11481,2025-02-15,HP LaserJet Pro Multi-function Printer,Office Supplies,East,Emily Watson,Cascade BioSciences,22,396.42,8721.24,6338.86,2382.38,27.32
ORD-2026-10548,2025-02-16,Automated CRM Collaboration Seat,Enterprise Software,South,Amina Patel,Silverline Manufacturing,7,689.69,4827.83,1569.89,3257.94,67.48
ORD-2026-12243,2025-02-16,Herman Miller Ergonomic Chair,Furniture,Central,Daniel Kim,Summit Media Works,10,1210.47,12104.7,8530.4,3574.3,29.53
ORD-2024-12379,2025-02-16,Sony WH-1000XM5 Headphones,Technology,East,Emily Watson,Horizon Retail Partners,2,384.93,769.86,514.74,255.12,33.14
ORD-2025-10100,2025-02-16,Acoustic Fabric Office Partition,Furniture,North,Sarah Jenkins,Cascade BioSciences,1,258.02,258.02,181.32,76.7,29.73
ORD-2025-10178,2025-02-16,Executive Teakwood Conference Table,Furniture,East,Emily Watson,Vanguard Financial Solutions,8,1920.58,15364.64,12134.48,3230.16,21.02
ORD-2025-10985,2025-02-17,Automated CRM Collaboration Seat,Enterprise Software,East,James Wilson,Silverline Manufacturing,7,767.05,5369.35,1813.42,3555.93,66.23
ORD-2025-11672,2025-02-17,Premium Recycled Copy Paper (Carton),Office Supplies,West,Robert Martinez,Horizon Retail Partners,9,49.1,441.9,273.06,168.84,38.21
ORD-2026-12222,2025-02-17,Cloud Analytics Pro License (Annual),Enterprise Software,West,Robert Martinez,Silverline Manufacturing,7,1220.81,8545.67,2323.23,6222.44,72.81
ORD-2025-11846,2025-02-17,ThinkPad X1 Carbon Laptop,Technology,East,James Wilson,Nexus Logistics Group,9,1423.02,12807.18,9389.25,3417.93,26.69
ORD-2025-11690,2025-02-18,Electric Dual-Motor Standing Desk,Furniture,West,Priya Sharma,Beacon Legal Consulting,10,626.86,6268.6,4520.9,1747.7,27.88
ORD-2025-11009,2025-02-19,"Dell UltraSharp 27"" 4K Monitor",Technology,North,Sarah Jenkins,Acme Global Technologies,3,585.36,1756.08,1185.06,571.02,32.52
ORD-2025-10571,2025-02-19,Steel Storage Lateral Filing Cabinet,Furniture,North,Sarah Jenkins,Bluebird Creative Labs,2,326.32,652.64,431.0,221.64,33.96
ORD-2026-11115,2025-02-20,Keychron Q3 Mechanical Keyboard,Technology,North,Sarah Jenkins,Acme Global Technologies,12,170.46,2045.52,1207.56,837.96,40.97
ORD-2026-11859,2025-02-20,Acoustic Fabric Office Partition,Furniture,East,Emily Watson,Beacon Legal Consulting,2,279.93,559.86,435.74,124.12,22.17
ORD-2024-11245,2025-02-20,ThinkPad X1 Carbon Laptop,Technology,East,Emily Watson,Nexus Logistics Group,7,1341.39,9389.73,7074.27,2315.46,24.66
ORD-2024-11320,2025-02-20,HP LaserJet Pro Multi-function Printer,Office Supplies,North,Michael Chang,Metro Education Foundation,6,436.84,2621.04,1947.48,673.56,25.7
ORD-2024-10090,2025-02-21,Cloud Data Backup & Recovery License,Enterprise Software,East,James Wilson,Silverline Manufacturing,8,575.12,4600.96,1543.12,3057.84,66.46
ORD-2024-10837,2025-02-21,Automated CRM Collaboration Seat,Enterprise Software,West,Priya Sharma,Horizon Retail Partners,4,697.36,2789.44,936.68,1852.76,66.42
ORD-2026-10773,2025-02-21,Acoustic Fabric Office Partition,Furniture,East,James Wilson,Vanguard Financial Solutions,3,280.03,840.09,572.64,267.45,31.84
ORD-2025-11402,2025-02-21,High-Yield Toner Cartridge Pack,Office Supplies,North,Michael Chang,Horizon Retail Partners,2,128.47,256.94,132.42,124.52,48.46
ORD-2024-11227,2025-02-22,Herman Miller Ergonomic Chair,Furniture,West,Robert Martinez,Zenith Dynamics Ltd,2,1232.19,2464.38,1832.54,631.84,25.64
ORD-2024-11842,2025-02-23,Logitech MX Master 3S Mouse,Technology,North,Michael Chang,Metro Education Foundation,8,98.14,785.12,427.52,357.6,45.55
ORD-2024-10924,2025-02-23,Acoustic Fabric Office Partition,Furniture,South,David Rodriguez,Beacon Legal Consulting,10,253.21,2532.1,1586.2,945.9,37.36
ORD-2024-10171,2025-02-23,Magnetic Glass Dry-Erase Board,Office Supplies,West,Priya Sharma,Beacon Legal Consulting,18,212.87,3831.66,2338.74,1492.92,38.96
ORD-2026-12228,2025-02-23,"Dell UltraSharp 27"" 4K Monitor",Technology,East,James Wilson,Summit Media Works,4,552.42,2209.68,1411.68,798.0,36.11
ORD-2025-10253,2025-02-23,Logitech MX Master 3S Mouse,Technology,East,James Wilson,Apollo Industrial Equipment,8,92.75,742.0,432.64,309.36,41.69
ORD-2025-10232,2025-02-23,Executive Teakwood Conference Table,Furniture,West,Robert Martinez,Zenith Dynamics Ltd,3,1996.91,5990.73,4868.58,1122.15,18.73
ORD-2024-10951,2025-02-24,Herman Miller Ergonomic Chair,Furniture,Central,Daniel Kim,Bluebird Creative Labs,9,1058.98,9530.82,7163.46,2367.36,24.84
ORD-2026-12219,2025-02-24,Premium Recycled Copy Paper (Carton),Office Supplies,East,James Wilson,Silverline Manufacturing,2,48.25,96.5,66.84,29.66,30.74
ORD-2025-10526,2025-02-25,HP LaserJet Pro Multi-function Printer,Office Supplies,South,David Rodriguez,Nexus Logistics Group,6,390.57,2343.42,1872.78,470.64,20.08
ORD-2026-11472,2025-02-25,High-Yield Toner Cartridge Pack,Office Supplies,South,David Rodriguez,Silverline Manufacturing,9,130.47,1174.23,672.21,502.02,42.75
ORD-2025-12242,2025-02-26,Steel Storage Lateral Filing Cabinet,Furniture,South,David Rodriguez,Beacon Legal Consulting,7,315.13,2205.91,1578.85,627.06,28.43
ORD-2026-10134,2025-02-26,Steel Storage Lateral Filing Cabinet,Furniture,North,Sarah Jenkins,Nexus Logistics Group,10,324.98,3249.8,2213.6,1036.2,31.89
ORD-2024-10660,2025-02-27,Heavy-Duty Cross-Cut Paper Shredder,Office Supplies,West,Priya Sharma,Summit Media Works,25,165.97,4149.25,2601.75,1547.5,37.3
ORD-2025-12188,2025-02-27,Anker 10-in-1 USB-C Docking Hub,Technology,West,Robert Martinez,Zenith Dynamics Ltd,1,128.06,128.06,66.96,61.1,47.71
ORD-2025-11795,2025-02-28,Magnetic Glass Dry-Erase Board,Office Supplies,West,Priya Sharma,Evergreen Renewable Energy,2,198.94,397.88,238.8,159.08,39.98
ORD-2026-12075,2025-02-28,Heavy-Duty Cross-Cut Paper Shredder,Office Supplies,North,Michael Chang,Nexus Logistics Group,9,156.55,1408.95,841.59,567.36,40.27
ORD-2025-10529,2025-03-01,High-Yield Toner Cartridge Pack,Office Supplies,East,James Wilson,Horizon Retail Partners,10,127.04,1270.4,746.1,524.3,41.27
ORD-2024-11527,2025-03-01,Logitech MX Master 3S Mouse,Technology,East,James Wilson,Vanguard Financial Solutions,10,106.89,1068.9,666.5,402.4,37.65
ORD-2024-10927,2025-03-01,Steel Storage Lateral Filing Cabinet,Furniture,South,Amina Patel,Horizon Retail Partners,6,340.32,2041.92,1484.76,557.16,27.29
ORD-2024-10120,2025-03-01,"Dell UltraSharp 27"" 4K Monitor",Technology,South,David Rodriguez,Apollo Industrial Equipment,2,542.1,1084.2,740.48,343.72,31.7
ORD-2025-11045,2025-03-01,Herman Miller Ergonomic Chair,Furniture,West,Robert Martinez,Acme Global Technologies,2,1116.75,2233.5,1771.58,461.92,20.68
ORD-2024-10717,2025-03-02,Herman Miller Ergonomic Chair,Furniture,East,Emily Watson,Apollo Industrial Equipment,10,1134.57,11345.7,8810.1,2535.6,22.35
ORD-2025-11345,2025-03-03,Heavy-Duty Cross-Cut Paper Shredder,Office Supplies,East,James Wilson,Bluebird Creative Labs,19,156.26,2968.94,1799.87,1169.07,39.38
ORD-2025-10859,2025-03-03,Automated CRM Collaboration Seat,Enterprise Software,East,James Wilson,Horizon Retail Partners,8,716.64,5733.12,1907.76,3825.36,66.72
ORD-2026-12354,2025-03-03,Executive Teakwood Conference Table,Furniture,North,Michael Chang,Vanguard Financial Solutions,4,1919.03,7676.12,6332.68,1343.44,17.5
ORD-2024-11869,2025-03-03,Acoustic Fabric Office Partition,Furniture,North,Sarah Jenkins,Beacon Legal Consulting,1,239.22,239.22,175.68,63.54,26.56
ORD-2024-10618,2025-03-03,Cloud Data Backup & Recovery License,Enterprise Software,North,Michael Chang,Vanguard Financial Solutions,5,574.34,2871.7,901.65,1970.05,68.6
ORD-2026-11220,2025-03-04,Keychron Q3 Mechanical Keyboard,Technology,West,Priya Sharma,Acme Global Technologies,11,181.98,2001.78,1321.21,680.57,34.0
ORD-2026-11904,2025-03-04,ThinkPad X1 Carbon Laptop,Technology,West,Robert Martinez,Bluebird Creative Labs,9,1547.14,13924.26,9992.16,3932.1,28.24
ORD-2024-10432,2025-03-05,Herman Miller Ergonomic Chair,Furniture,West,Priya Sharma,Beacon Legal Consulting,9,1230.59,11075.31,8397.72,2677.59,24.18
ORD-2024-10909,2025-03-06,Heavy-Duty Cross-Cut Paper Shredder,Office Supplies,West,Priya Sharma,Nexus Logistics Group,7,159.49,1116.43,593.81,522.62,46.81
ORD-2024-10141,2025-03-07,"Dell UltraSharp 27"" 4K Monitor",Technology,North,Sarah Jenkins,Zenith Dynamics Ltd,11,609.51,6704.61,4551.47,2153.14,32.11
ORD-2024-11560,2025-03-07,Premium Recycled Copy Paper (Carton),Office Supplies,South,David Rodriguez,Cascade BioSciences,4,45.38,181.52,113.48,68.04,37.48
ORD-2024-10681,2025-03-07,Automated CRM Collaboration Seat,Enterprise Software,West,Robert Martinez,Nexus Logistics Group,5,750.85,3754.25,1267.8,2486.45,66.23
ORD-2024-11269,2025-03-08,Herman Miller Ergonomic Chair,Furniture,East,James Wilson,Horizon Retail Partners,4,1122.49,4489.96,3465.24,1024.72,22.82
ORD-2024-12187,2025-03-08,Acoustic Fabric Office Partition,Furniture,East,James Wilson,Evergreen Renewable Energy,9,253.92,2285.28,1439.28,846.0,37.02
ORD-2026-11613,2025-03-08,Logitech MX Master 3S Mouse,Technology,West,Priya Sharma,Evergreen Renewable Energy,7,103.15,722.05,417.55,304.5,42.17
ORD-2024-10210,2025-03-08,Samsung 2TB Portable NVMe SSD,Technology,East,Emily Watson,Pinnacle Healthcare Systems,4,205.1,820.4,559.96,260.44,31.75
ORD-2026-12396,2025-03-08,Cloud Analytics Pro License (Annual),Enterprise Software,West,Priya Sharma,Summit Media Works,4,1191.33,4765.32,849.16,3916.16,82.18
ORD-2026-10263,2025-03-08,Anker 10-in-1 USB-C Docking Hub,Technology,East,Emily Watson,Cascade BioSciences,12,139.97,1679.64,984.48,695.16,41.39
ORD-2024-12229,2025-03-09,Heavy-Duty Cross-Cut Paper Shredder,Office Supplies,South,Amina Patel,Pinnacle Healthcare Systems,3,169.66,508.98,531.42,-22.44,-4.41
ORD-2026-11376,2025-03-09,Logitech MX Master 3S Mouse,Technology,South,David Rodriguez,Bluebird Creative Labs,10,97.93,979.3,598.5,380.8,38.88
ORD-2025-11939,2025-03-09,Magnetic Glass Dry-Erase Board,Office Supplies,West,Robert Martinez,Bluebird Creative Labs,20,212.57,4251.4,2391.6,1859.8,43.75
ORD-2024-12097,2025-03-09,Sony WH-1000XM5 Headphones,Technology,Central,Daniel Kim,Evergreen Renewable Energy,6,389.18,2335.08,1391.64,943.44,40.4
ORD-2026-10005,2025-03-09,Herman Miller Ergonomic Chair,Furniture,North,Sarah Jenkins,Bluebird Creative Labs,3,1149.11,3447.33,2472.06,975.27,28.29
ORD-2026-12063,2025-03-11,Sony WH-1000XM5 Headphones,Technology,South,David Rodriguez,Horizon Retail Partners,11,372.46,4097.06,2566.3,1530.76,37.36
ORD-2024-11206,2025-03-11,Cloud Data Backup & Recovery License,Enterprise Software,South,David Rodriguez,Evergreen Renewable Energy,5,563.96,2819.8,839.85,1979.95,70.22
ORD-2025-11897,2025-03-11,High-Yield Toner Cartridge Pack,Office Supplies,Central,Daniel Kim,Evergreen Renewable Energy,7,128.77,901.39,462.28,439.11,48.71
ORD-2024-11017,2025-03-11,Premium Recycled Copy Paper (Carton),Office Supplies,Central,Jessica Taylor,Bluebird Creative Labs,2,49.48,98.96,62.04,36.92,37.31
ORD-2026-12291,2025-03-11,Heavy-Duty Cross-Cut Paper Shredder,Office Supplies,West,Robert Martinez,Silverline Manufacturing,8,160.4,1283.2,926.96,356.24,27.76
ORD-2024-10057,2025-03-11,"Dell UltraSharp 27"" 4K Monitor",Technology,North,Sarah Jenkins,Summit Media Works,12,544.51,6534.12,4110.96,2423.16,37.08
ORD-2026-12489,2025-03-11,Herman Miller Ergonomic Chair,Furniture,East,Emily Watson,Titan Cloud Infrastructure,8,1150.14,9201.12,6597.52,2603.6,28.3
ORD-2026-10707,2025-03-12,Cloud Analytics Pro License (Annual),Enterprise Software,East,Emily Watson,Bluebird Creative Labs,7,1256.75,8797.25,2865.66,5931.59,67.43
ORD-2024-10756,2025-03-13,Cloud Analytics Pro License (Annual),Enterprise Software,East,James Wilson,Zenith Dynamics Ltd,7,1113.99,7797.93,2167.69,5630.24,72.2
ORD-2025-12398,2025-03-13,Acoustic Fabric Office Partition,Furniture,Central,Jessica Taylor,Beacon Legal Consulting,10,262.99,2629.9,1802.8,827.1,31.45
ORD-2026-10149,2025-03-13,ThinkPad X1 Carbon Laptop,Technology,North,Michael Chang,Horizon Retail Partners,3,1341.22,4023.66,3098.46,925.2,22.99
ORD-2025-12356,2025-03-14,Steel Storage Lateral Filing Cabinet,Furniture,East,James Wilson,Zenith Dynamics Ltd,1,366.91,366.91,238.56,128.35,34.98
ORD-2026-10581,2025-03-14,Logitech MX Master 3S Mouse,Technology,East,James Wilson,Nexus Logistics Group,1,98.06,98.06,56.82,41.24,42.06
ORD-2026-10302,2025-03-14,Heavy-Duty Cross-Cut Paper Shredder,Office Supplies,South,Amina Patel,Bluebird Creative Labs,15,152.4,2286.0,1367.4,918.6,40.18
ORD-2024-11836,2025-03-15,Cloud Data Backup & Recovery License,Enterprise Software,North,Michael Chang,Bluebird Creative Labs,3,555.81,1667.43,417.69,1249.74,74.95
ORD-2025-12224,2025-03-15,Acoustic Fabric Office Partition,Furniture,West,Priya Sharma,Cascade BioSciences,4,248.67,994.68,678.24,316.44,31.81
ORD-2024-10564,2025-03-16,HP LaserJet Pro Multi-function Printer,Office Supplies,Central,Daniel Kim,Pinnacle Healthcare Systems,5,434.79,2173.95,1552.5,621.45,28.59
ORD-2026-10542,2025-03-16,Keychron Q3 Mechanical Keyboard,Technology,North,Sarah Jenkins,Apollo Industrial Equipment,11,172.14,1893.54,1215.5,678.04,35.81
ORD-2026-11844,2025-03-16,Logitech MX Master 3S Mouse,Technology,North,Sarah Jenkins,Evergreen Renewable Energy,7,92.66,648.62,402.29,246.33,37.98
ORD-2025-11093,2025-03-17,Electric Dual-Motor Standing Desk,Furniture,East,Emily Watson,Pinnacle Healthcare Systems,8,633.77,5070.16,3683.04,1387.12,27.36
ORD-2025-10589,2025-03-17,ThinkPad X1 Carbon Laptop,Technology,West,Priya Sharma,Zenith Dynamics Ltd,6,1356.59,8139.54,6389.76,1749.78,21.5
ORD-2024-11821,2025-03-18,Sony WH-1000XM5 Headphones,Technology,North,Sarah Jenkins,Titan Cloud Infrastructure,4,384.82,1539.28,1150.96,388.32,25.23
ORD-2025-11711,2025-03-18,HP LaserJet Pro Multi-function Printer,Office Supplies,North,Sarah Jenkins,Summit Media Works,6,426.7,2560.2,1920.66,639.54,24.98
ORD-2026-11742,2025-03-18,Executive Teakwood Conference Table,Furniture,North,Sarah Jenkins,Zenith Dynamics Ltd,4,1910.65,7642.6,5902.36,1740.24,22.77
ORD-2024-10423,2025-03-18,Cybersecurity Endpoint Protection Suite,Enterprise Software,North,Michael Chang,Silverline Manufacturing,6,943.12,5658.72,1610.4,4048.32,71.54
ORD-2025-12158,2025-03-18,Anker 10-in-1 USB-C Docking Hub,Technology,West,Priya Sharma,Metro Education Foundation,4,135.75,543.0,273.12,269.88,49.7
ORD-2026-11790,2025-03-19,Acoustic Fabric Office Partition,Furniture,East,Emily Watson,Zenith Dynamics Ltd,3,246.88,740.64,479.28,261.36,35.29
ORD-2024-10606,2025-03-19,Cloud Analytics Pro License (Annual),Enterprise Software,East,James Wilson,Metro Education Foundation,3,1127.66,3382.98,883.23,2499.75,73.89
ORD-2025-12230,2025-03-19,Steel Storage Lateral Filing Cabinet,Furniture,North,Sarah Jenkins,Bluebird Creative Labs,4,362.52,1450.08,930.92,519.16,35.8
ORD-2025-11138,2025-03-20,"Dell UltraSharp 27"" 4K Monitor",Technology,East,James Wilson,Apollo Industrial Equipment,10,595.19,5951.9,3698.3,2253.6,37.86
ORD-2026-12201,2025-03-20,HP LaserJet Pro Multi-function Printer,Office Supplies,Central,Jessica Taylor,Pinnacle Healthcare Systems,22,391.55,8614.1,6384.84,2229.26,25.88
ORD-2026-10866,2025-03-20,Keychron Q3 Mechanical Keyboard,Technology,North,Michael Chang,Horizon Retail Partners,5,188.56,942.8,535.45,407.35,43.21
ORD-2026-11088,2025-03-20,Electric Dual-Motor Standing Desk,Furniture,East,Emily Watson,Summit Media Works,9,639.13,5752.17,4148.55,1603.62,27.88
ORD-2024-12388,2025-03-20,Cloud Analytics Pro License (Annual),Enterprise Software,Central,Jessica Taylor,Acme Global Technologies,3,1217.23,3651.69,767.4,2884.29,78.99
ORD-2024-10834,2025-03-20,Sony WH-1000XM5 Headphones,Technology,West,Robert Martinez,Pinnacle Healthcare Systems,7,404.67,2832.69,1880.62,952.07,33.61
ORD-2024-11470,2025-03-21,"Dell UltraSharp 27"" 4K Monitor",Technology,South,Amina Patel,Bluebird Creative Labs,8,588.28,4706.24,4638.88,67.36,1.43
ORD-2025-10295,2025-03-21,Magnetic Glass Dry-Erase Board,Office Supplies,East,James Wilson,Metro Education Foundation,23,220.98,5082.54,3002.88,2079.66,40.92
ORD-2026-10284,2025-03-21,Cloud Data Backup & Recovery License,Enterprise Software,East,James Wilson,Evergreen Renewable Energy,8,555.44,4443.52,1448.56,2994.96,67.4
ORD-2024-11698,2025-03-21,Automated CRM Collaboration Seat,Enterprise Software,South,Amina Patel,Zenith Dynamics Ltd,7,733.6,5135.2,1492.61,3642.59,70.93
ORD-2026-12303,2025-03-21,Anker 10-in-1 USB-C Docking Hub,Technology,West,Priya Sharma,Evergreen Renewable Energy,3,139.73,419.19,227.19,192.0,45.8
ORD-2026-12312,2025-03-23,Logitech MX Master 3S Mouse,Technology,West,Robert Martinez,Beacon Legal Consulting,8,92.51,740.08,430.8,309.28,41.79
ORD-2024-12313,2025-03-23,Premium Recycled Copy Paper (Carton),Office Supplies,East,Emily Watson,Metro Education Foundation,17,46.71,794.07,545.02,249.05,31.36
ORD-2024-10771,2025-03-23,Cybersecurity Endpoint Protection Suite,Enterprise Software,North,Sarah Jenkins,Apollo Industrial Equipment,2,925.3,1850.6,595.98,1254.62,67.8
ORD-2024-10228,2025-03-23,Logitech MX Master 3S Mouse,Technology,East,James Wilson,Titan Cloud Infrastructure,9,95.79,862.11,437.58,424.53,49.24
ORD-2025-10172,2025-03-24,Anker 10-in-1 USB-C Docking Hub,Technology,North,Sarah Jenkins,Titan Cloud Infrastructure,11,122.14,1343.54,775.94,567.6,42.25
ORD-2024-11362,2025-03-24,ThinkPad X1 Carbon Laptop,Technology,West,Priya Sharma,Horizon Retail Partners,9,1511.86,13606.74,13415.58,191.16,1.4
ORD-2025-11429,2025-03-25,Cloud Analytics Pro License (Annual),Enterprise Software,South,Amina Patel,Titan Cloud Infrastructure,2,1221.83,2443.66,717.94,1725.72,70.62
ORD-2026-11541,2025-03-25,Cloud Analytics Pro License (Annual),Enterprise Software,West,Priya Sharma,Bluebird Creative Labs,6,1243.16,7458.96,2002.02,5456.94,73.16
ORD-2025-12059,2025-03-26,Cloud Data Backup & Recovery License,Enterprise Software,North,Michael Chang,Metro Education Foundation,7,525.49,3678.43,990.57,2687.86,73.07
ORD-2025-10667,2025-03-26,Cloud Analytics Pro License (Annual),Enterprise Software,East,Emily Watson,Beacon Legal Consulting,4,1165.63,4662.52,1359.92,3302.6,70.83
ORD-2025-10073,2025-03-26,Logitech MX Master 3S Mouse,Technology,East,James Wilson,Acme Global Technologies,6,94.35,566.1,327.06,239.04,42.23
ORD-2025-12212,2025-03-27,Executive Teakwood Conference Table,Furniture,West,Robert Martinez,Evergreen Renewable Energy,4,1834.88,7339.52,5364.08,1975.44,26.92
ORD-2024-11920,2025-03-29,Cloud Analytics Pro License (Annual),Enterprise Software,Central,Jessica Taylor,Bluebird Creative Labs,6,1126.64,6759.84,1682.22,5077.62,75.11
ORD-2026-10062,2025-03-29,Steel Storage Lateral Filing Cabinet,Furniture,North,Michael Chang,Titan Cloud Infrastructure,3,362.35,1087.05,728.67,358.38,32.97
ORD-2025-11471,2025-03-29,Automated CRM Collaboration Seat,Enterprise Software,North,Michael Chang,Beacon Legal Consulting,4,680.32,2721.28,994.0,1727.28,63.47
ORD-2025-10307,2025-03-29,HP LaserJet Pro Multi-function Printer,Office Supplies,West,Priya Sharma,Summit Media Works,15,430.65,6459.75,4818.6,1641.15,25.41
ORD-2026-11508,2025-03-29,High-Yield Toner Cartridge Pack,Office Supplies,East,Emily Watson,Bluebird Creative Labs,8,134.77,1078.16,539.76,538.4,49.94
ORD-2024-11743,2025-03-30,Logitech MX Master 3S Mouse,Technology,West,Priya Sharma,Bluebird Creative Labs,11,105.15,1156.65,752.73,403.92,34.92
ORD-2025-10457,2025-03-30,Cybersecurity Endpoint Protection Suite,Enterprise Software,Central,Daniel Kim,Evergreen Renewable Energy,3,875.56,2626.68,736.38,1890.3,71.97
ORD-2025-10553,2025-03-30,Sony WH-1000XM5 Headphones,Technology,East,Emily Watson,Vanguard Financial Solutions,7,375.04,2625.28,1829.73,795.55,30.3
ORD-2026-10386,2025-03-31,Sony WH-1000XM5 Headphones,Technology,West,Priya Sharma,Evergreen Renewable Energy,6,367.38,2204.28,1466.94,737.34,33.45
ORD-2025-10160,2025-03-31,Samsung 2TB Portable NVMe SSD,Technology,North,Sarah Jenkins,Metro Education Foundation,7,176.63,1236.41,757.54,478.87,38.73
ORD-2026-11970,2025-03-31,HP LaserJet Pro Multi-function Printer,Office Supplies,South,David Rodriguez,Horizon Retail Partners,23,445.52,10246.96,8796.12,1450.84,14.16
ORD-2025-11840,2025-03-31,Cloud Analytics Pro License (Annual),Enterprise Software,South,Amina Patel,Titan Cloud Infrastructure,4,1229.64,4918.56,1337.72,3580.84,72.8
ORD-2025-11021,2025-04-01,Heavy-Duty Cross-Cut Paper Shredder,Office Supplies,North,Michael Chang,Summit Media Works,4,165.02,660.08,441.32,218.76,33.14
ORD-2026-12498,2025-04-01,Cybersecurity Endpoint Protection Suite,Enterprise Software,South,Amina Patel,Apollo Industrial Equipment,2,877.47,1754.94,551.76,1203.18,68.56
ORD-2025-11462,2025-04-01,Acoustic Fabric Office Partition,Furniture,North,Michael Chang,Cascade BioSciences,9,243.3,2189.7,1508.67,681.03,31.1
ORD-2024-12010,2025-04-01,Cybersecurity Endpoint Protection Suite,Enterprise Software,East,Emily Watson,Nexus Logistics Group,7,913.19,6392.33,1861.37,4530.96,70.88
ORD-2025-12290,2025-04-01,Magnetic Glass Dry-Erase Board,Office Supplies,West,Priya Sharma,Vanguard Financial Solutions,3,213.97,641.91,402.99,238.92,37.22
ORD-2025-11822,2025-04-02,Keychron Q3 Mechanical Keyboard,Technology,Central,Daniel Kim,Vanguard Financial Solutions,10,180.16,1801.6,1125.2,676.4,37.54
ORD-2026-11094,2025-04-02,Steel Storage Lateral Filing Cabinet,Furniture,East,James Wilson,Silverline Manufacturing,3,347.51,1042.53,697.38,345.15,33.11
ORD-2025-11621,2025-04-02,Executive Teakwood Conference Table,Furniture,West,Robert Martinez,Beacon Legal Consulting,3,1967.57,5902.71,5053.62,849.09,14.38
ORD-2025-11708,2025-04-02,Heavy-Duty Cross-Cut Paper Shredder,Office Supplies,Central,Daniel Kim,Cascade BioSciences,8,149.2,1193.6,718.96,474.64,39.77
ORD-2024-12250,2025-04-03,Premium Recycled Copy Paper (Carton),Office Supplies,South,David Rodriguez,Silverline Manufacturing,18,46.22,831.96,534.96,297.0,35.7
ORD-2025-11303,2025-04-03,Executive Teakwood Conference Table,Furniture,West,Robert Martinez,Summit Media Works,6,1743.46,10460.76,8646.96,1813.8,17.34
ORD-2026-11778,2025-04-03,HP LaserJet Pro Multi-function Printer,Office Supplies,East,Emily Watson,Evergreen Renewable Energy,2,452.42,904.84,631.64,273.2,30.19
ORD-2025-11384,2025-04-04,Magnetic Glass Dry-Erase Board,Office Supplies,North,Michael Chang,Cascade BioSciences,6,197.86,1187.16,677.46,509.7,42.93
ORD-2026-10929,2025-04-04,"Dell UltraSharp 27"" 4K Monitor",Technology,West,Robert Martinez,Metro Education Foundation,9,606.82,5461.38,4051.17,1410.21,25.82
ORD-2025-10784,2025-04-04,Heavy-Duty Cross-Cut Paper Shredder,Office Supplies,North,Sarah Jenkins,Beacon Legal Consulting,2,160.47,320.94,201.74,119.2,37.14
ORD-2025-12068,2025-04-04,Samsung 2TB Portable NVMe SSD,Technology,East,James Wilson,Pinnacle Healthcare Systems,5,204.37,1021.85,780.8,241.05,23.59
ORD-2025-10130,2025-04-05,Cloud Data Backup & Recovery License,Enterprise Software,Central,Jessica Taylor,Evergreen Renewable Energy,2,533.76,1067.52,254.04,813.48,76.2
ORD-2026-11649,2025-04-05,Heavy-Duty Cross-Cut Paper Shredder,Office Supplies,North,Michael Chang,Nexus Logistics Group,17,157.97,2685.49,1573.35,1112.14,41.41
ORD-2025-11678,2025-04-06,Magnetic Glass Dry-Erase Board,Office Supplies,West,Priya Sharma,Summit Media Works,9,218.12,1963.08,1255.68,707.4,36.04
ORD-2024-11569,2025-04-07,Executive Teakwood Conference Table,Furniture,West,Priya Sharma,Pinnacle Healthcare Systems,3,1742.31,5226.93,3742.68,1484.25,28.4
ORD-2024-11626,2025-04-07,Electric Dual-Motor Standing Desk,Furniture,South,Amina Patel,Bluebird Creative Labs,3,698.3,2094.9,1456.77,638.13,30.46
ORD-2026-12351,2025-04-08,Executive Teakwood Conference Table,Furniture,North,Michael Chang,Apollo Industrial Equipment,1,1801.75,1801.75,1547.41,254.34,14.12
ORD-2026-11976,2025-04-08,Sony WH-1000XM5 Headphones,Technology,West,Priya Sharma,Apollo Industrial Equipment,2,391.99,783.98,492.72,291.26,37.15
ORD-2025-10274,2025-04-08,Cloud Data Backup & Recovery License,Enterprise Software,South,Amina Patel,Summit Media Works,4,534.35,2137.4,411.44,1725.96,80.75
ORD-2025-11486,2025-04-08,Heavy-Duty Cross-Cut Paper Shredder,Office Supplies,North,Sarah Jenkins,Titan Cloud Infrastructure,14,150.04,2100.56,1278.62,821.94,39.13
ORD-2025-11738,2025-04-08,Cybersecurity Endpoint Protection Suite,Enterprise Software,West,Robert Martinez,Beacon Legal Consulting,8,990.54,7924.32,2378.16,5546.16,69.99
ORD-2024-11431,2025-04-09,ThinkPad X1 Carbon Laptop,Technology,East,James Wilson,Summit Media Works,3,1351.16,4053.48,2831.37,1222.11,30.15
ORD-2024-12013,2025-04-09,ThinkPad X1 Carbon Laptop,Technology,South,Amina Patel,Cascade BioSciences,12,1370.39,16444.68,12225.72,4218.96,25.66
ORD-2026-11148,2025-04-10,Cloud Analytics Pro License (Annual),Enterprise Software,West,Robert Martinez,Beacon Legal Consulting,6,1269.87,7619.22,1849.44,5769.78,75.73
ORD-2025-10151,2025-04-10,Sony WH-1000XM5 Headphones,Technology,North,Sarah Jenkins,Bluebird Creative Labs,6,405.59,2433.54,1460.22,973.32,40.0
ORD-2025-11099,2025-04-10,Automated CRM Collaboration Seat,Enterprise Software,West,Robert Martinez,Nexus Logistics Group,7,769.63,5387.41,1791.72,3595.69,66.74
ORD-2026-12330,2025-04-10,ThinkPad X1 Carbon Laptop,Technology,North,Michael Chang,Bluebird Creative Labs,7,1400.85,9805.95,7448.56,2357.39,24.04
ORD-2025-10157,2025-04-10,Cybersecurity Endpoint Protection Suite,Enterprise Software,North,Sarah Jenkins,Bluebird Creative Labs,8,960.27,7682.16,2154.4,5527.76,71.96
ORD-2024-11629,2025-04-13,Logitech MX Master 3S Mouse,Technology,East,Emily Watson,Nexus Logistics Group,2,91.1,182.2,113.6,68.6,37.65
ORD-2026-10803,2025-04-14,"Dell UltraSharp 27"" 4K Monitor",Technology,Central,Jessica Taylor,Bluebird Creative Labs,11,548.05,6028.55,4208.05,1820.5,30.2
ORD-2024-10819,2025-04-14,Anker 10-in-1 USB-C Docking Hub,Technology,West,Robert Martinez,Apollo Industrial Equipment,4,129.89,519.56,303.28,216.28,41.63
ORD-2025-11726,2025-04-14,Executive Teakwood Conference Table,Furniture,East,James Wilson,Vanguard Financial Solutions,5,1775.81,8879.05,7172.9,1706.15,19.22
ORD-2025-11759,2025-04-14,Acoustic Fabric Office Partition,Furniture,West,Robert Martinez,Pinnacle Healthcare Systems,7,267.2,1870.4,1249.85,620.55,33.18
ORD-2024-10477,2025-04-15,Cybersecurity Endpoint Protection Suite,Enterprise Software,East,Emily Watson,Nexus Logistics Group,6,974.04,5844.24,1908.84,3935.4,67.34
ORD-2026-10896,2025-04-15,Logitech MX Master 3S Mouse,Technology,East,Emily Watson,Nexus Logistics Group,4,91.88,367.52,217.0,150.52,40.96
ORD-2025-12125,2025-04-16,Logitech MX Master 3S Mouse,Technology,West,Priya Sharma,Titan Cloud Infrastructure,5,95.35,476.75,250.35,226.4,47.49
ORD-2026-10776,2025-04-16,Heavy-Duty Cross-Cut Paper Shredder,Office Supplies,Central,Daniel Kim,Summit Media Works,3,158.78,476.34,301.08,175.26,36.79
ORD-2025-11321,2025-04-17,Automated CRM Collaboration Seat,Enterprise Software,North,Sarah Jenkins,Vanguard Financial Solutions,5,754.02,3770.1,1139.15,2630.95,69.78
ORD-2024-12301,2025-04-17,Heavy-Duty Cross-Cut Paper Shredder,Office Supplies,West,Priya Sharma,Horizon Retail Partners,15,152.49,2287.35,1417.8,869.55,38.02
ORD-2026-10179,2025-04-17,Heavy-Duty Cross-Cut Paper Shredder,Office Supplies,West,Robert Martinez,Cascade BioSciences,16,158.35,2533.6,1563.68,969.92,38.28
ORD-2026-12216,2025-04-19,ThinkPad X1 Carbon Laptop,Technology,Central,Daniel Kim,Beacon Legal Consulting,3,1535.57,4606.71,3266.1,1340.61,29.1
ORD-2026-10974,2025-04-19,"Dell UltraSharp 27"" 4K Monitor",Technology,West,Robert Martinez,Zenith Dynamics Ltd,7,571.92,4003.44,2516.64,1486.8,37.14
ORD-2024-10810,2025-04-19,"Dell UltraSharp 27"" 4K Monitor",Technology,North,Sarah Jenkins,Vanguard Financial Solutions,2,599.19,1198.38,1207.64,-9.26,-0.77
ORD-2025-11222,2025-04-20,Sony WH-1000XM5 Headphones,Technology,West,Robert Martinez,Apollo Industrial Equipment,11,390.15,4291.65,2707.43,1584.22,36.91
ORD-2024-11941,2025-04-20,Executive Teakwood Conference Table,Furniture,North,Michael Chang,Apollo Industrial Equipment,1,1788.26,1788.26,1362.52,425.74,23.81
ORD-2026-11847,2025-04-21,Heavy-Duty Cross-Cut Paper Shredder,Office Supplies,South,David Rodriguez,Pinnacle Healthcare Systems,12,152.99,1835.88,1154.4,681.48,37.12
ORD-2026-10161,2025-04-21,Anker 10-in-1 USB-C Docking Hub,Technology,Central,Jessica Taylor,Metro Education Foundation,5,126.61,633.05,334.95,298.1,47.09
ORD-2026-12069,2025-04-21,"Dell UltraSharp 27"" 4K Monitor",Technology,West,Priya Sharma,Pinnacle Healthcare Systems,3,598.94,1796.82,1050.45,746.37,41.54
ORD-2024-12481,2025-04-21,Keychron Q3 Mechanical Keyboard,Technology,West,Robert Martinez,Apollo Industrial Equipment,1,175.62,175.62,89.57,86.05,49.0
ORD-2025-10322,2025-04-21,Steel Storage Lateral Filing Cabinet,Furniture,East,James Wilson,Apollo Industrial Equipment,10,336.34,3363.4,2414.9,948.5,28.2
ORD-2024-12100,2025-04-22,Samsung 2TB Portable NVMe SSD,Technology,South,Amina Patel,Evergreen Renewable Energy,10,204.84,2048.4,1427.0,621.4,30.34
ORD-2024-11398,2025-04-22,Herman Miller Ergonomic Chair,Furniture,East,James Wilson,Silverline Manufacturing,3,1170.62,3511.86,2730.12,781.74,22.26
ORD-2025-10802,2025-04-22,HP LaserJet Pro Multi-function Printer,Office Supplies,West,Robert Martinez,Zenith Dynamics Ltd,15,389.92,5848.8,4353.3,1495.5,25.57
ORD-2026-12414,2025-04-23,Acoustic Fabric Office Partition,Furniture,North,Sarah Jenkins,Silverline Manufacturing,4,273.5,1094.0,809.88,284.12,25.97
ORD-2024-11872,2025-04-24,Cloud Data Backup & Recovery License,Enterprise Software,Central,Jessica Taylor,Zenith Dynamics Ltd,1,515.68,515.68,182.98,332.7,64.52
ORD-2026-11544,2025-04-24,Acoustic Fabric Office Partition,Furniture,South,David Rodriguez,Horizon Retail Partners,1,247.87,247.87,159.84,88.03,35.51
ORD-2025-11600,2025-04-24,Electric Dual-Motor Standing Desk,Furniture,East,James Wilson,Evergreen Renewable Energy,4,684.06,2736.24,1989.16,747.08,27.3
ORD-2025-11564,2025-04-25,Executive Teakwood Conference Table,Furniture,East,James Wilson,Zenith Dynamics Ltd,4,1757.22,7028.88,5560.2,1468.68,20.89
ORD-2024-11794,2025-04-25,Heavy-Duty Cross-Cut Paper Shredder,Office Supplies,North,Sarah Jenkins,Silverline Manufacturing,3,160.98,482.94,270.0,212.94,44.09
ORD-2025-11453,2025-04-25,HP LaserJet Pro Multi-function Printer,Office Supplies,North,Sarah Jenkins,Zenith Dynamics Ltd,15,425.96,6389.4,4848.0,1541.4,24.12
ORD-2025-10511,2025-04-26,Samsung 2TB Portable NVMe SSD,Technology,East,James Wilson,Bluebird Creative Labs,2,175.29,350.58,258.1,92.48,26.38
ORD-2026-11394,2025-04-26,Logitech MX Master 3S Mouse,Technology,East,Emily Watson,Evergreen Renewable Energy,8,103.09,824.72,522.4,302.32,36.66
ORD-2025-11645,2025-04-27,Samsung 2TB Portable NVMe SSD,Technology,West,Robert Martinez,Vanguard Financial Solutions,11,199.03,2189.33,1573.44,615.89,28.13
ORD-2025-10202,2025-04-27,High-Yield Toner Cartridge Pack,Office Supplies,Central,Jessica Taylor,Acme Global Technologies,6,126.08,756.48,426.78,329.7,43.58
ORD-2024-10621,2025-04-27,"Dell UltraSharp 27"" 4K Monitor",Technology,East,James Wilson,Vanguard Financial Solutions,3,574.0,1722.0,1300.23,421.77,24.49
ORD-2026-11523,2025-04-27,Acoustic Fabric Office Partition,Furniture,Central,Daniel Kim,Apollo Industrial Equipment,6,245.14,1470.84,965.76,505.08,34.34
ORD-2025-11936,2025-04-27,Herman Miller Ergonomic Chair,Furniture,West,Robert Martinez,Silverline Manufacturing,5,1126.6,5633.0,3961.4,1671.6,29.68
ORD-2024-11404,2025-04-28,Acoustic Fabric Office Partition,Furniture,North,Michael Chang,Cascade BioSciences,6,257.67,1546.02,956.76,589.26,38.11
ORD-2024-10021,2025-04-28,Premium Recycled Copy Paper (Carton),Office Supplies,West,Robert Martinez,Silverline Manufacturing,4,46.62,186.48,120.48,66.0,35.39
ORD-2026-10809,2025-04-28,Heavy-Duty Cross-Cut Paper Shredder,Office Supplies,East,James Wilson,Pinnacle Healthcare Systems,8,157.09,1256.72,854.32,402.4,32.02
ORD-2024-10231,2025-04-28,Anker 10-in-1 USB-C Docking Hub,Technology,West,Priya Sharma,Nexus Logistics Group,1,131.13,131.13,69.79,61.34,46.78
ORD-2025-11834,2025-04-28,Cybersecurity Endpoint Protection Suite,Enterprise Software,South,David Rodriguez,Pinnacle Healthcare Systems,2,989.64,1979.28,732.44,1246.84,62.99
ORD-2024-11380,2025-04-28,Premium Recycled Copy Paper (Carton),Office Supplies,East,James Wilson,Vanguard Financial Solutions,15,45.6,684.0,685.65,-1.65,-0.24
ORD-2024-11671,2025-04-29,High-Yield Toner Cartridge Pack,Office Supplies,East,Emily Watson,Vanguard Financial Solutions,13,127.26,1654.38,1060.02,594.36,35.93
ORD-2025-12119,2025-04-29,Logitech MX Master 3S Mouse,Technology,North,Michael Chang,Metro Education Foundation,5,94.59,472.95,322.7,150.25,31.77
ORD-2024-11140,2025-04-29,ThinkPad X1 Carbon Laptop,Technology,West,Robert Martinez,Acme Global Technologies,12,1475.74,17708.88,13008.12,4700.76,26.54
ORD-2026-11721,2025-04-29,Cloud Analytics Pro License (Annual),Enterprise Software,North,Michael Chang,Vanguard Financial Solutions,8,1208.75,9670.0,2644.4,7025.6,72.65
ORD-2026-11367,2025-04-29,Magnetic Glass Dry-Erase Board,Office Supplies,West,Priya Sharma,Metro Education Foundation,4,224.85,899.4,516.8,382.6,42.54
ORD-2025-12446,2025-04-29,Executive Teakwood Conference Table,Furniture,East,James Wilson,Evergreen Renewable Energy,3,1953.52,5860.56,4847.76,1012.8,17.28
ORD-2024-11818,2025-04-29,Herman Miller Ergonomic Chair,Furniture,East,James Wilson,Metro Education Foundation,6,1080.68,6484.08,4787.04,1697.04,26.17
ORD-2024-10672,2025-04-29,Cloud Data Backup & Recovery License,Enterprise Software,North,Michael Chang,Zenith Dynamics Ltd,3,521.83,1565.49,565.29,1000.2,63.89
ORD-2026-10689,2025-04-29,HP LaserJet Pro Multi-function Printer,Office Supplies,Central,Daniel Kim,Vanguard Financial Solutions,8,447.67,3581.36,2738.32,843.04,23.54
ORD-2025-10358,2025-04-30,"Dell UltraSharp 27"" 4K Monitor",Technology,South,Amina Patel,Evergreen Renewable Energy,9,589.42,5304.78,3584.88,1719.9,32.42
ORD-2024-10999,2025-04-30,Herman Miller Ergonomic Chair,Furniture,North,Sarah Jenkins,Zenith Dynamics Ltd,3,1081.36,3244.08,2538.69,705.39,21.74
ORD-2026-11205,2025-04-30,Cloud Analytics Pro License (Annual),Enterprise Software,West,Priya Sharma,Bluebird Creative Labs,4,1224.04,4896.16,1001.96,3894.2,79.54
ORD-2025-12101,2025-04-30,Automated CRM Collaboration Seat,Enterprise Software,Central,Daniel Kim,Pinnacle Healthcare Systems,8,731.11,5848.88,1843.52,4005.36,68.48
ORD-2026-12120,2025-04-30,Cybersecurity Endpoint Protection Suite,Enterprise Software,South,Amina Patel,Apollo Industrial Equipment,1,950.29,950.29,354.2,596.09,62.73
ORD-2025-10139,2025-05-01,Sony WH-1000XM5 Headphones,Technology,West,Priya Sharma,Summit Media Works,12,392.67,4712.04,2968.08,1743.96,37.01
ORD-2025-12389,2025-05-01,Keychron Q3 Mechanical Keyboard,Technology,North,Sarah Jenkins,Apollo Industrial Equipment,12,179.63,2155.56,1309.44,846.12,39.25
ORD-2025-10778,2025-05-01,"Dell UltraSharp 27"" 4K Monitor",Technology,West,Priya Sharma,Titan Cloud Infrastructure,6,569.08,3414.48,2123.46,1291.02,37.81
ORD-2025-11450,2025-05-01,Cloud Analytics Pro License (Annual),Enterprise Software,East,James Wilson,Zenith Dynamics Ltd,1,1213.38,1213.38,359.46,853.92,70.38
ORD-2026-11433,2025-05-02,Sony WH-1000XM5 Headphones,Technology,West,Priya Sharma,Acme Global Technologies,2,391.44,782.88,521.76,261.12,33.35
ORD-2024-10567,2025-05-02,Steel Storage Lateral Filing Cabinet,Furniture,West,Robert Martinez,Titan Cloud Infrastructure,3,354.46,1063.38,786.3,277.08,26.06
ORD-2026-11142,2025-05-02,Premium Recycled Copy Paper (Carton),Office Supplies,South,Amina Patel,Pinnacle Healthcare Systems,17,47.96,815.32,475.32,340.0,41.7
ORD-2025-10424,2025-05-02,Cybersecurity Endpoint Protection Suite,Enterprise Software,North,Sarah Jenkins,Titan Cloud Infrastructure,1,950.05,950.05,261.72,688.33,72.45
ORD-2024-10015,2025-05-03,HP LaserJet Pro Multi-function Printer,Office Supplies,East,James Wilson,Metro Education Foundation,19,440.66,8372.54,6598.32,1774.22,21.19
ORD-2024-11995,2025-05-04,Anker 10-in-1 USB-C Docking Hub,Technology,North,Sarah Jenkins,Pinnacle Healthcare Systems,11,138.49,1523.39,796.4,726.99,47.72
ORD-2026-12399,2025-05-04,Automated CRM Collaboration Seat,Enterprise Software,North,Michael Chang,Silverline Manufacturing,7,699.25,4894.75,1692.46,3202.29,65.42
ORD-2025-12302,2025-05-04,Keychron Q3 Mechanical Keyboard,Technology,North,Sarah Jenkins,Silverline Manufacturing,5,187.18,935.9,909.7,26.2,2.8
ORD-2025-10940,2025-05-04,Sony WH-1000XM5 Headphones,Technology,East,Emily Watson,Nexus Logistics Group,3,369.4,1108.2,702.63,405.57,36.6
ORD-2025-10721,2025-05-04,Samsung 2TB Portable NVMe SSD,Technology,East,Emily Watson,Acme Global Technologies,11,187.49,2062.39,1366.31,696.08,33.75
ORD-2024-11308,2025-05-05,Cloud Data Backup & Recovery License,Enterprise Software,Central,Jessica Taylor,Cascade BioSciences,2,534.13,1068.26,270.7,797.56,74.66
ORD-2025-12074,2025-05-05,"Dell UltraSharp 27"" 4K Monitor",Technology,South,Amina Patel,Apollo Industrial Equipment,6,548.8,3292.8,2450.34,842.46,25.58
ORD-2026-10461,2025-05-06,Logitech MX Master 3S Mouse,Technology,West,Robert Martinez,Summit Media Works,6,103.07,618.42,342.96,275.46,44.54
ORD-2025-12263,2025-05-06,ThinkPad X1 Carbon Laptop,Technology,North,Sarah Jenkins,Beacon Legal Consulting,7,1420.48,9943.36,7348.53,2594.83,26.1
ORD-2025-12365,2025-05-07,Logitech MX Master 3S Mouse,Technology,South,Amina Patel,Acme Global Technologies,3,91.5,274.5,157.44,117.06,42.64
ORD-2025-11057,2025-05-07,"Dell UltraSharp 27"" 4K Monitor",Technology,West,Robert Martinez,Titan Cloud Infrastructure,8,556.79,4454.32,2873.52,1580.8,35.49
ORD-2024-10624,2025-05-09,ThinkPad X1 Carbon Laptop,Technology,East,James Wilson,Horizon Retail Partners,5,1478.62,7393.1,5396.75,1996.35,27.0
ORD-2026-10617,2025-05-09,Logitech MX Master 3S Mouse,Technology,West,Priya Sharma,Beacon Legal Consulting,3,103.27,309.81,188.61,121.2,39.12
ORD-2024-11998,2025-05-09,Steel Storage Lateral Filing Cabinet,Furniture,West,Robert Martinez,Bluebird Creative Labs,3,325.99,977.97,991.95,-13.98,-1.43
ORD-2024-11026,2025-05-09,Premium Recycled Copy Paper (Carton),Office Supplies,North,Michael Chang,Cascade BioSciences,3,50.4,151.2,109.11,42.09,27.84
ORD-2025-10763,2025-05-10,Premium Recycled Copy Paper (Carton),Office Supplies,West,Robert Martinez,Pinnacle Healthcare Systems,6,50.21,301.26,183.84,117.42,38.98
ORD-2026-12276,2025-05-10,Automated CRM Collaboration Seat,Enterprise Software,North,Sarah Jenkins,Vanguard Financial Solutions,3,700.38,2101.14,700.26,1400.88,66.67
ORD-2025-12191,2025-05-10,Herman Miller Ergonomic Chair,Furniture,East,James Wilson,Beacon Legal Consulting,5,1111.59,5557.95,4361.9,1196.05,21.52
ORD-2025-11966,2025-05-11,ThinkPad X1 Carbon Laptop,Technology,Central,Jessica Taylor,Summit Media Works,8,1434.8,11478.4,7981.44,3496.96,30.47
ORD-2025-10112,2025-05-11,Executive Teakwood Conference Table,Furniture,South,Amina Patel,Horizon Retail Partners,2,1862.32,3724.64,3106.08,618.56,16.61
ORD-2025-10166,2025-05-11,Cybersecurity Endpoint Protection Suite,Enterprise Software,West,Robert Martinez,Bluebird Creative Labs,6,1012.17,6073.02,2077.02,3996.0,65.8
ORD-2024-11293,2025-05-11,Automated CRM Collaboration Seat,Enterprise Software,East,Emily Watson,Metro Education Foundation,5,711.69,3558.45,1336.7,2221.75,62.44
ORD-2025-11894,2025-05-11,Executive Teakwood Conference Table,Furniture,Central,Daniel Kim,Pinnacle Healthcare Systems,2,1756.21,3512.42,2789.62,722.8,20.58
ORD-2024-11116,2025-05-12,Cybersecurity Endpoint Protection Suite,Enterprise Software,North,Michael Chang,Acme Global Technologies,1,967.05,967.05,349.31,617.74,63.88
ORD-2026-10065,2025-05-12,High-Yield Toner Cartridge Pack,Office Supplies,West,Priya Sharma,Titan Cloud Infrastructure,8,119.95,959.6,551.52,408.08,42.53
ORD-2024-11452,2025-05-13,Keychron Q3 Mechanical Keyboard,Technology,North,Michael Chang,Acme Global Technologies,7,173.71,1215.97,763.0,452.97,37.25
ORD-2025-10823,2025-05-13,Executive Teakwood Conference Table,Furniture,North,Michael Chang,Apollo Industrial Equipment,5,1740.99,8704.95,6980.65,1724.3,19.81
ORD-2026-11829,2025-05-14,Premium Recycled Copy Paper (Carton),Office Supplies,Central,Daniel Kim,Silverline Manufacturing,8,44.54,356.32,257.76,98.56,27.66
ORD-2024-11428,2025-05-15,Keychron Q3 Mechanical Keyboard,Technology,East,Emily Watson,Evergreen Renewable Energy,6,187.01,1122.06,623.4,498.66,44.44
ORD-2025-10316,2025-05-15,Anker 10-in-1 USB-C Docking Hub,Technology,East,Emily Watson,Bluebird Creative Labs,8,120.57,964.56,487.28,477.28,49.48
ORD-2025-11948,2025-05-16,Anker 10-in-1 USB-C Docking Hub,Technology,North,Sarah Jenkins,Silverline Manufacturing,5,124.72,623.6,348.7,274.9,44.08
ORD-2026-12432,2025-05-16,Heavy-Duty Cross-Cut Paper Shredder,Office Supplies,Central,Daniel Kim,Metro Education Foundation,14,167.0,2338.0,1431.36,906.64,38.78
ORD-2025-10304,2025-05-16,ThinkPad X1 Carbon Laptop,Technology,West,Robert Martinez,Apollo Industrial Equipment,2,1541.2,3082.4,2146.14,936.26,30.37
ORD-2026-11994,2025-05-16,HP LaserJet Pro Multi-function Printer,Office Supplies,East,James Wilson,Metro Education Foundation,11,453.12,4984.32,3990.47,993.85,19.94
ORD-2024-11329,2025-05-16,Automated CRM Collaboration Seat,Enterprise Software,North,Michael Chang,Summit Media Works,3,704.26,2112.78,639.84,1472.94,69.72
ORD-2025-10997,2025-05-16,HP LaserJet Pro Multi-function Printer,Office Supplies,West,Robert Martinez,Evergreen Renewable Energy,9,438.17,3943.53,2927.88,1015.65,25.75
ORD-2024-11074,2025-05-16,Anker 10-in-1 USB-C Docking Hub,Technology,North,Sarah Jenkins,Beacon Legal Consulting,8,130.34,1042.72,623.2,419.52,40.23
ORD-2024-12238,2025-05-17,Magnetic Glass Dry-Erase Board,Office Supplies,East,James Wilson,Zenith Dynamics Ltd,10,196.51,1965.1,1894.6,70.5,3.59
ORD-2026-10383,2025-05-17,Sony WH-1000XM5 Headphones,Technology,North,Michael Chang,Silverline Manufacturing,5,387.1,1935.5,1190.8,744.7,38.48
ORD-2026-11769,2025-05-17,Anker 10-in-1 USB-C Docking Hub,Technology,Central,Daniel Kim,Metro Education Foundation,5,135.69,678.45,356.75,321.7,47.42
ORD-2026-10242,2025-05-18,Heavy-Duty Cross-Cut Paper Shredder,Office Supplies,West,Priya Sharma,Evergreen Renewable Energy,4,166.8,667.2,379.72,287.48,43.09
ORD-2026-12405,2025-05-18,Heavy-Duty Cross-Cut Paper Shredder,Office Supplies,South,David Rodriguez,Beacon Legal Consulting,10,170.05,1700.5,955.1,745.4,43.83
ORD-2025-12014,2025-05-19,Electric Dual-Motor Standing Desk,Furniture,East,Emily Watson,Beacon Legal Consulting,4,717.72,2870.88,2039.36,831.52,28.96
ORD-2025-11804,2025-05-19,Cybersecurity Endpoint Protection Suite,Enterprise Software,East,James Wilson,Horizon Retail Partners,5,991.33,4956.65,1866.0,3090.65,62.35
ORD-2025-12362,2025-05-19,Logitech MX Master 3S Mouse,Technology,East,James Wilson,Metro Education Foundation,12,100.28,1203.36,652.92,550.44,45.74
ORD-2026-12417,2025-05-19,Cloud Data Backup & Recovery License,Enterprise Software,South,David Rodriguez,Acme Global Technologies,5,543.16,2715.8,708.55,2007.25,73.91
ORD-2024-12076,2025-05-19,Heavy-Duty Cross-Cut Paper Shredder,Office Supplies,North,Michael Chang,Titan Cloud Infrastructure,22,156.13,3434.86,2166.56,1268.3,36.92
ORD-2024-11170,2025-05-20,Logitech MX Master 3S Mouse,Technology,North,Michael Chang,Apollo Industrial Equipment,5,98.38,491.9,282.3,209.6,42.61
ORD-2025-10550,2025-05-20,Herman Miller Ergonomic Chair,Furniture,East,James Wilson,Bluebird Creative Labs,8,1237.99,9903.92,7229.76,2674.16,27.0
ORD-2024-11029,2025-05-21,Electric Dual-Motor Standing Desk,Furniture,West,Priya Sharma,Beacon Legal Consulting,10,653.66,6536.6,4691.1,1845.5,28.23
ORD-2025-10433,2025-05-21,Executive Teakwood Conference Table,Furniture,South,Amina Patel,Acme Global Technologies,9,1731.89,15587.01,12597.3,2989.71,19.18
ORD-2025-12032,2025-05-21,ThinkPad X1 Carbon Laptop,Technology,West,Priya Sharma,Pinnacle Healthcare Systems,2,1492.68,2985.36,1890.64,1094.72,36.67
ORD-2024-11614,2025-05-21,Samsung 2TB Portable NVMe SSD,Technology,East,Emily Watson,Bluebird Creative Labs,6,192.83,1156.98,852.54,304.44,26.31
ORD-2025-12047,2025-05-22,Herman Miller Ergonomic Chair,Furniture,South,David Rodriguez,Evergreen Renewable Energy,1,1126.86,1126.86,784.48,342.38,30.38
ORD-2024-10414,2025-05-22,Steel Storage Lateral Filing Cabinet,Furniture,North,Sarah Jenkins,Apollo Industrial Equipment,9,317.61,2858.49,1929.42,929.07,32.5
ORD-2025-11624,2025-05-22,Logitech MX Master 3S Mouse,Technology,North,Michael Chang,Beacon Legal Consulting,3,100.28,300.84,153.3,147.54,49.04
ORD-2025-11684,2025-05-22,Acoustic Fabric Office Partition,Furniture,East,James Wilson,Nexus Logistics Group,9,252.85,2275.65,1566.18,709.47,31.18
ORD-2026-11484,2025-05-22,Cybersecurity Endpoint Protection Suite,Enterprise Software,East,James Wilson,Nexus Logistics Group,3,902.35,2707.05,847.23,1859.82,68.7
ORD-2025-12143,2025-05-22,ThinkPad X1 Carbon Laptop,Technology,South,Amina Patel,Acme Global Technologies,7,1540.36,10782.52,8117.41,2665.11,24.72
ORD-2026-12429,2025-05-22,Magnetic Glass Dry-Erase Board,Office Supplies,North,Michael Chang,Nexus Logistics Group,24,223.06,5353.44,3478.08,1875.36,35.03
ORD-2025-10712,2025-05-22,Electric Dual-Motor Standing Desk,Furniture,Central,Jessica Taylor,Metro Education Foundation,2,694.49,1388.98,1003.26,385.72,27.77
ORD-2024-11725,2025-05-23,Logitech MX Master 3S Mouse,Technology,West,Robert Martinez,Zenith Dynamics Ltd,1,105.26,105.26,56.58,48.68,46.25
ORD-2025-10631,2025-05-24,High-Yield Toner Cartridge Pack,Office Supplies,East,Emily Watson,Vanguard Financial Solutions,10,126.55,1265.5,738.1,527.4,41.68
ORD-2024-11578,2025-05-24,Cybersecurity Endpoint Protection Suite,Enterprise Software,North,Sarah Jenkins,Silverline Manufacturing,3,995.65,2986.95,829.68,2157.27,72.22
ORD-2026-10563,2025-05-24,"Dell UltraSharp 27"" 4K Monitor",Technology,North,Michael Chang,Nexus Logistics Group,7,547.87,3835.09,2624.3,1210.79,31.57
ORD-2025-11444,2025-05-25,Steel Storage Lateral Filing Cabinet,Furniture,North,Michael Chang,Zenith Dynamics Ltd,1,343.55,343.55,228.23,115.32,33.57
ORD-2026-11598,2025-05-25,"Dell UltraSharp 27"" 4K Monitor",Technology,West,Robert Martinez,Vanguard Financial Solutions,4,622.07,2488.28,1698.2,790.08,31.75
ORD-2026-10608,2025-05-26,Sony WH-1000XM5 Headphones,Technology,South,Amina Patel,Vanguard Financial Solutions,3,395.8,1187.4,753.69,433.71,36.53
ORD-2025-10496,2025-05-26,Keychron Q3 Mechanical Keyboard,Technology,South,David Rodriguez,Bluebird Creative Labs,1,167.44,167.44,105.99,61.45,36.7
ORD-2026-11418,2025-05-26,"Dell UltraSharp 27"" 4K Monitor",Technology,East,Emily Watson,Bluebird Creative Labs,12,589.92,7079.04,5044.32,2034.72,28.74
ORD-2025-11333,2025-05-26,Automated CRM Collaboration Seat,Enterprise Software,South,David Rodriguez,Metro Education Foundation,6,674.86,4049.16,1220.46,2828.7,69.86
ORD-2026-10434,2025-05-26,Magnetic Glass Dry-Erase Board,Office Supplies,Central,Daniel Kim,Apollo Industrial Equipment,5,207.98,1039.9,649.45,390.45,37.55
ORD-2026-10851,2025-05-26,Magnetic Glass Dry-Erase Board,Office Supplies,Central,Jessica Taylor,Horizon Retail Partners,4,199.94,799.76,507.08,292.68,36.6
ORD-2024-12091,2025-05-26,ThinkPad X1 Carbon Laptop,Technology,Central,Jessica Taylor,Horizon Retail Partners,7,1507.45,10552.15,7041.44,3510.71,33.27
ORD-2024-11782,2025-05-27,Samsung 2TB Portable NVMe SSD,Technology,East,Emily Watson,Vanguard Financial Solutions,10,179.33,1793.3,1306.8,486.5,27.13
ORD-2026-11346,2025-05-27,Cloud Data Backup & Recovery License,Enterprise Software,North,Sarah Jenkins,Horizon Retail Partners,6,530.56,3183.36,802.68,2380.68,74.79
ORD-2026-10722,2025-05-28,Herman Miller Ergonomic Chair,Furniture,East,James Wilson,Apollo Industrial Equipment,1,1087.9,1087.9,827.48,260.42,23.94
ORD-2025-10673,2025-05-28,Sony WH-1000XM5 Headphones,Technology,North,Sarah Jenkins,Silverline Manufacturing,11,371.89,4090.79,2610.96,1479.83,36.17
ORD-2024-11617,2025-05-28,ThinkPad X1 Carbon Laptop,Technology,North,Sarah Jenkins,Acme Global Technologies,11,1550.96,17060.56,12571.35,4489.21,26.31
ORD-2026-11022,2025-05-28,Anker 10-in-1 USB-C Docking Hub,Technology,East,James Wilson,Silverline Manufacturing,6,136.3,817.8,413.4,404.4,49.45
ORD-2025-12236,2025-05-29,"Dell UltraSharp 27"" 4K Monitor",Technology,North,Sarah Jenkins,Bluebird Creative Labs,5,588.35,2941.75,2100.85,840.9,28.59
ORD-2024-12214,2025-05-29,Cybersecurity Endpoint Protection Suite,Enterprise Software,East,James Wilson,Acme Global Technologies,8,936.85,7494.8,2649.04,4845.76,64.65
ORD-2025-10184,2025-05-29,Cloud Analytics Pro License (Annual),Enterprise Software,North,Sarah Jenkins,Titan Cloud Infrastructure,8,1141.59,9132.72,2649.44,6483.28,70.99
ORD-2024-11233,2025-05-29,Electric Dual-Motor Standing Desk,Furniture,West,Priya Sharma,Silverline Manufacturing,2,732.79,1465.58,1456.82,8.76,0.6
ORD-2025-10976,2025-05-29,Anker 10-in-1 USB-C Docking Hub,Technology,Central,Daniel Kim,Metro Education Foundation,12,125.02,1500.24,791.4,708.84,47.25
ORD-2025-11582,2025-05-30,"Dell UltraSharp 27"" 4K Monitor",Technology,North,Sarah Jenkins,Zenith Dynamics Ltd,2,541.39,1082.78,791.6,291.18,26.89
ORD-2026-11892,2025-05-30,Keychron Q3 Mechanical Keyboard,Technology,South,Amina Patel,Cascade BioSciences,11,169.23,1861.53,1140.59,720.94,38.73
ORD-2024-10735,2025-05-30,Sony WH-1000XM5 Headphones,Technology,North,Michael Chang,Evergreen Renewable Energy,9,387.45,3487.05,2337.48,1149.57,32.97
ORD-2024-10633,2025-05-31,Steel Storage Lateral Filing Cabinet,Furniture,East,Emily Watson,Nexus Logistics Group,9,354.02,3186.18,2410.83,775.35,24.33
ORD-2024-10690,2025-05-31,Acoustic Fabric Office Partition,Furniture,East,Emily Watson,Beacon Legal Consulting,10,258.71,2587.1,1542.1,1045.0,40.39
ORD-2025-11423,2025-06-01,ThinkPad X1 Carbon Laptop,Technology,West,Robert Martinez,Bluebird Creative Labs,6,1491.46,8948.76,6106.98,2841.78,31.76
ORD-2024-11659,2025-06-01,HP LaserJet Pro Multi-function Printer,Office Supplies,South,David Rodriguez,Pinnacle Healthcare Systems,16,411.59,6585.44,5139.52,1445.92,21.96
ORD-2026-11010,2025-06-01,Heavy-Duty Cross-Cut Paper Shredder,Office Supplies,North,Sarah Jenkins,Bluebird Creative Labs,19,149.7,2844.3,1741.54,1102.76,38.77
ORD-2026-10797,2025-06-01,Heavy-Duty Cross-Cut Paper Shredder,Office Supplies,West,Robert Martinez,Zenith Dynamics Ltd,16,164.04,2624.64,1672.64,952.0,36.27
ORD-2026-10632,2025-06-01,Electric Dual-Motor Standing Desk,Furniture,North,Sarah Jenkins,Beacon Legal Consulting,10,709.01,7090.1,5025.3,2064.8,29.12
ORD-2026-10227,2025-06-02,Samsung 2TB Portable NVMe SSD,Technology,North,Sarah Jenkins,Metro Education Foundation,9,190.18,1711.62,1242.72,468.9,27.4
ORD-2025-10898,2025-06-02,Samsung 2TB Portable NVMe SSD,Technology,North,Sarah Jenkins,Horizon Retail Partners,3,187.88,563.64,403.11,160.53,28.48
ORD-2025-10220,2025-06-02,Electric Dual-Motor Standing Desk,Furniture,West,Robert Martinez,Zenith Dynamics Ltd,7,654.44,4581.08,3187.1,1393.98,30.43
ORD-2025-11750,2025-06-03,Keychron Q3 Mechanical Keyboard,Technology,West,Robert Martinez,Beacon Legal Consulting,7,165.35,1157.45,748.23,409.22,35.36
ORD-2024-10216,2025-06-03,Automated CRM Collaboration Seat,Enterprise Software,South,David Rodriguez,Nexus Logistics Group,3,741.67,2225.01,921.09,1303.92,58.6
ORD-2026-10620,2025-06-03,ThinkPad X1 Carbon Laptop,Technology,North,Michael Chang,Pinnacle Healthcare Systems,7,1497.93,10485.51,6633.48,3852.03,36.74
ORD-2026-10899,2025-06-04,Electric Dual-Motor Standing Desk,Furniture,North,Michael Chang,Nexus Logistics Group,4,640.89,2563.56,1700.96,862.6,33.65
ORD-2026-10362,2025-06-04,High-Yield Toner Cartridge Pack,Office Supplies,South,Amina Patel,Summit Media Works,15,118.26,1773.9,916.2,857.7,48.35
ORD-2026-12108,2025-06-05,High-Yield Toner Cartridge Pack,Office Supplies,East,James Wilson,Titan Cloud Infrastructure,7,117.97,825.79,426.79,399.0,48.32
ORD-2024-11899,2025-06-05,Steel Storage Lateral Filing Cabinet,Furniture,North,Michael Chang,Zenith Dynamics Ltd,4,315.9,1263.6,916.92,346.68,27.44
ORD-2025-10970,2025-06-05,Sony WH-1000XM5 Headphones,Technology,North,Michael Chang,Evergreen Renewable Energy,11,377.4,4151.4,2899.71,1251.69,30.15
ORD-2026-10344,2025-06-06,Logitech MX Master 3S Mouse,Technology,East,James Wilson,Evergreen Renewable Energy,6,91.54,549.24,302.88,246.36,44.85
ORD-2024-10627,2025-06-06,Logitech MX Master 3S Mouse,Technology,Central,Daniel Kim,Apollo Industrial Equipment,9,91.27,821.43,494.37,327.06,39.82
ORD-2024-10804,2025-06-06,Keychron Q3 Mechanical Keyboard,Technology,North,Sarah Jenkins,Vanguard Financial Solutions,10,188.96,1889.6,1093.4,796.2,42.14
ORD-2025-11819,2025-06-06,ThinkPad X1 Carbon Laptop,Technology,East,Emily Watson,Summit Media Works,6,1362.79,8176.74,6315.78,1860.96,22.76
ORD-2024-11803,2025-06-07,Electric Dual-Motor Standing Desk,Furniture,East,Emily Watson,Horizon Retail Partners,2,675.35,1350.7,900.88,449.82,33.3
ORD-2026-12144,2025-06-07,Heavy-Duty Cross-Cut Paper Shredder,Office Supplies,West,Robert Martinez,Metro Education Foundation,8,154.92,1239.36,761.68,477.68,38.54
ORD-2026-10101,2025-06-07,Cybersecurity Endpoint Protection Suite,Enterprise Software,Central,Jessica Taylor,Pinnacle Healthcare Systems,1,929.08,929.08,228.59,700.49,75.4
ORD-2026-10098,2025-06-07,Logitech MX Master 3S Mouse,Technology,North,Sarah Jenkins,Bluebird Creative Labs,8,106.68,853.44,875.92,-22.48,-2.63
ORD-2026-10752,2025-06-08,Steel Storage Lateral Filing Cabinet,Furniture,North,Sarah Jenkins,Zenith Dynamics Ltd,2,351.39,702.78,493.54,209.24,29.77
ORD-2026-10791,2025-06-08,Keychron Q3 Mechanical Keyboard,Technology,North,Sarah Jenkins,Bluebird Creative Labs,10,170.86,1708.6,1080.2,628.4,36.78
ORD-2024-11854,2025-06-08,Acoustic Fabric Office Partition,Furniture,West,Robert Martinez,Evergreen Renewable Energy,7,274.59,1922.13,1132.67,789.46,41.07
ORD-2024-10201,2025-06-08,Herman Miller Ergonomic Chair,Furniture,West,Robert Martinez,Cascade BioSciences,8,1064.65,8517.2,6439.84,2077.36,24.39
ORD-2024-10330,2025-06-08,Cloud Analytics Pro License (Annual),Enterprise Software,South,David Rodriguez,Metro Education Foundation,1,1104.26,1104.26,240.77,863.49,78.2
ORD-2024-10144,2025-06-09,Steel Storage Lateral Filing Cabinet,Furniture,South,David Rodriguez,Apollo Industrial Equipment,2,351.32,702.64,480.36,222.28,31.63
ORD-2024-12064,2025-06-09,Anker 10-in-1 USB-C Docking Hub,Technology,West,Robert Martinez,Nexus Logistics Group,6,120.31,721.86,412.74,309.12,42.82
ORD-2026-11106,2025-06-09,HP LaserJet Pro Multi-function Printer,Office Supplies,East,Emily Watson,Titan Cloud Infrastructure,6,428.74,2572.44,1866.0,706.44,27.46
ORD-2024-10657,2025-06-09,Keychron Q3 Mechanical Keyboard,Technology,Central,Jessica Taylor,Titan Cloud Infrastructure,11,165.0,1815.0,1244.87,570.13,31.41
ORD-2024-10984,2025-06-10,Electric Dual-Motor Standing Desk,Furniture,North,Michael Chang,Bluebird Creative Labs,4,655.41,2621.64,1841.84,779.8,29.74
ORD-2024-10669,2025-06-10,Cloud Data Backup & Recovery License,Enterprise Software,Central,Jessica Taylor,Bluebird Creative Labs,1,532.32,532.32,172.18,360.14,67.65
ORD-2024-11113,2025-06-11,Electric Dual-Motor Standing Desk,Furniture,West,Robert Martinez,Beacon Legal Consulting,9,709.91,6389.19,4574.34,1814.85,28.41
ORD-2024-12376,2025-06-11,Cloud Data Backup & Recovery License,Enterprise Software,East,James Wilson,Evergreen Renewable Energy,4,533.31,2133.24,697.28,1435.96,67.31
ORD-2024-12226,2025-06-12,Heavy-Duty Cross-Cut Paper Shredder,Office Supplies,East,James Wilson,Silverline Manufacturing,6,151.46,908.76,519.6,389.16,42.82
ORD-2025-10700,2025-06-12,Cloud Analytics Pro License (Annual),Enterprise Software,West,Robert Martinez,Nexus Logistics Group,1,1239.03,1239.03,283.3,955.73,77.14
ORD-2025-10610,2025-06-13,ThinkPad X1 Carbon Laptop,Technology,Central,Jessica Taylor,Vanguard Financial Solutions,6,1437.21,8623.26,6966.24,1657.02,19.22
ORD-2025-11354,2025-06-13,Heavy-Duty Cross-Cut Paper Shredder,Office Supplies,South,David Rodriguez,Nexus Logistics Group,15,170.86,2562.9,1461.45,1101.45,42.98
ORD-2024-10549,2025-06-13,Premium Recycled Copy Paper (Carton),Office Supplies,South,Amina Patel,Summit Media Works,15,46.85,702.75,458.1,244.65,34.81
ORD-2024-10891,2025-06-14,Premium Recycled Copy Paper (Carton),Office Supplies,East,James Wilson,Summit Media Works,11,45.29,498.19,327.14,171.05,34.33
ORD-2026-11874,2025-06-14,Logitech MX Master 3S Mouse,Technology,North,Michael Chang,Beacon Legal Consulting,1,103.08,103.08,107.68,-4.6,-4.46
ORD-2025-12287,2025-06-14,Cloud Data Backup & Recovery License,Enterprise Software,Central,Daniel Kim,Metro Education Foundation,6,513.35,3080.1,846.18,2233.92,72.53
ORD-2025-10409,2025-06-14,Keychron Q3 Mechanical Keyboard,Technology,East,James Wilson,Summit Media Works,10,185.9,1859.0,1013.9,845.1,45.46
ORD-2024-12151,2025-06-15,Heavy-Duty Cross-Cut Paper Shredder,Office Supplies,East,Emily Watson,Bluebird Creative Labs,15,165.48,2482.2,1443.75,1038.45,41.84
ORD-2026-11274,2025-06-16,High-Yield Toner Cartridge Pack,Office Supplies,East,James Wilson,Nexus Logistics Group,15,131.28,1969.2,970.2,999.0,50.73
ORD-2024-10321,2025-06-16,Cloud Analytics Pro License (Annual),Enterprise Software,West,Robert Martinez,Titan Cloud Infrastructure,5,1161.23,5806.15,1578.5,4227.65,72.81
ORD-2026-11667,2025-06-16,Executive Teakwood Conference Table,Furniture,North,Michael Chang,Nexus Logistics Group,5,1745.79,8728.95,6281.95,2447.0,28.03
ORD-2025-12113,2025-06-17,Samsung 2TB Portable NVMe SSD,Technology,West,Priya Sharma,Bluebird Creative Labs,3,197.94,593.82,435.48,158.34,26.66
ORD-2025-10841,2025-06-17,Electric Dual-Motor Standing Desk,Furniture,Central,Jessica Taylor,Titan Cloud Infrastructure,6,730.68,4384.08,2831.52,1552.56,35.41
ORD-2026-10551,2025-06-17,Samsung 2TB Portable NVMe SSD,Technology,West,Robert Martinez,Horizon Retail Partners,2,199.25,398.5,253.46,145.04,36.4
ORD-2025-11825,2025-06-17,Heavy-Duty Cross-Cut Paper Shredder,Office Supplies,East,Emily Watson,Evergreen Renewable Energy,3,157.24,471.72,313.2,158.52,33.6
ORD-2026-10701,2025-06-17,Logitech MX Master 3S Mouse,Technology,South,Amina Patel,Horizon Retail Partners,10,106.25,1062.5,612.9,449.6,42.32
ORD-2025-10952,2025-06-17,Electric Dual-Motor Standing Desk,Furniture,East,Emily Watson,Zenith Dynamics Ltd,3,727.18,2181.54,1427.04,754.5,34.59
ORD-2025-12275,2025-06-18,HP LaserJet Pro Multi-function Printer,Office Supplies,South,Amina Patel,Zenith Dynamics Ltd,18,395.73,7123.14,5068.98,2054.16,28.84
ORD-2024-10342,2025-06-18,Herman Miller Ergonomic Chair,Furniture,South,Amina Patel,Vanguard Financial Solutions,1,1175.87,1175.87,940.38,235.49,20.03
ORD-2025-11297,2025-06-19,Cloud Data Backup & Recovery License,Enterprise Software,West,Priya Sharma,Horizon Retail Partners,4,534.3,2137.2,628.32,1508.88,70.6
ORD-2025-10586,2025-06-19,"Dell UltraSharp 27"" 4K Monitor",Technology,East,James Wilson,Zenith Dynamics Ltd,11,565.97,6225.67,3877.61,2348.06,37.72
ORD-2024-11323,2025-06-21,Magnetic Glass Dry-Erase Board,Office Supplies,West,Priya Sharma,Evergreen Renewable Energy,4,219.88,879.52,527.6,351.92,40.01
ORD-2024-12169,2025-06-21,"Dell UltraSharp 27"" 4K Monitor",Technology,Central,Jessica Taylor,Acme Global Technologies,3,566.99,1700.97,1146.6,554.37,32.59
ORD-2026-10086,2025-06-22,Magnetic Glass Dry-Erase Board,Office Supplies,East,Emily Watson,Evergreen Renewable Energy,20,204.92,4098.4,2222.8,1875.6,45.76
ORD-2026-11793,2025-06-22,Cloud Analytics Pro License (Annual),Enterprise Software,North,Michael Chang,Silverline Manufacturing,1,1292.98,1292.98,314.24,978.74,75.7
ORD-2025-11054,2025-06-22,Keychron Q3 Mechanical Keyboard,Technology,East,James Wilson,Silverline Manufacturing,3,185.46,556.38,336.81,219.57,39.46
ORD-2026-12306,2025-06-22,Automated CRM Collaboration Seat,Enterprise Software,East,Emily Watson,Acme Global Technologies,3,733.6,2200.8,921.33,1279.47,58.14
ORD-2025-10208,2025-06-23,Cloud Analytics Pro License (Annual),Enterprise Software,East,Emily Watson,Silverline Manufacturing,5,1145.48,5727.4,1253.0,4474.4,78.12
ORD-2024-11665,2025-06-23,High-Yield Toner Cartridge Pack,Office Supplies,North,Michael Chang,Metro Education Foundation,4,133.88,535.52,287.8,247.72,46.26
ORD-2025-11372,2025-06-24,Cloud Analytics Pro License (Annual),Enterprise Software,East,Emily Watson,Evergreen Renewable Energy,4,1158.41,4633.64,1067.08,3566.56,76.97
ORD-2026-11154,2025-06-24,Herman Miller Ergonomic Chair,Furniture,West,Robert Martinez,Bluebird Creative Labs,7,1112.1,7784.7,6782.37,1002.33,12.88
ORD-2026-11853,2025-06-24,Logitech MX Master 3S Mouse,Technology,Central,Jessica Taylor,Pinnacle Healthcare Systems,8,102.35,818.8,419.28,399.52,48.79
ORD-2026-10377,2025-06-25,Executive Teakwood Conference Table,Furniture,West,Robert Martinez,Metro Education Foundation,4,1903.31,7613.24,6008.2,1605.04,21.08
ORD-2024-11680,2025-06-25,Acoustic Fabric Office Partition,Furniture,South,Amina Patel,Acme Global Technologies,8,242.72,1941.76,1173.2,768.56,39.58
ORD-2026-12111,2025-06-25,Keychron Q3 Mechanical Keyboard,Technology,North,Sarah Jenkins,Horizon Retail Partners,7,185.14,1295.98,829.71,466.27,35.98
ORD-2024-10798,2025-06-26,"Dell UltraSharp 27"" 4K Monitor",Technology,East,Emily Watson,Apollo Industrial Equipment,9,544.46,4900.14,3542.58,1357.56,27.7
ORD-2026-11112,2025-06-26,Steel Storage Lateral Filing Cabinet,Furniture,Central,Jessica Taylor,Pinnacle Healthcare Systems,4,359.54,1438.16,1017.32,420.84,29.26
ORD-2024-11644,2025-06-27,Cloud Analytics Pro License (Annual),Enterprise Software,Central,Jessica Taylor,Pinnacle Healthcare Systems,8,1192.21,9537.68,2542.32,6995.36,73.34
ORD-2025-11483,2025-06-27,Herman Miller Ergonomic Chair,Furniture,East,Emily Watson,Cascade BioSciences,4,1159.06,4636.24,3744.16,892.08,19.24
ORD-2025-10649,2025-06-28,Herman Miller Ergonomic Chair,Furniture,Central,Jessica Taylor,Apollo Industrial Equipment,1,1189.98,1189.98,876.4,313.58,26.35
ORD-2024-10573,2025-06-28,Premium Recycled Copy Paper (Carton),Office Supplies,East,James Wilson,Metro Education Foundation,9,49.12,442.08,293.76,148.32,33.55
ORD-2026-11538,2025-06-28,Electric Dual-Motor Standing Desk,Furniture,North,Sarah Jenkins,Metro Education Foundation,4,671.97,2687.88,1982.96,704.92,26.23
ORD-2026-11178,2025-06-28,Acoustic Fabric Office Partition,Furniture,South,David Rodriguez,Horizon Retail Partners,9,250.14,2251.26,1505.7,745.56,33.12
ORD-2025-10361,2025-06-28,Electric Dual-Motor Standing Desk,Furniture,North,Michael Chang,Titan Cloud Infrastructure,5,663.17,3315.85,2329.1,986.75,29.76
ORD-2026-10215,2025-06-28,Herman Miller Ergonomic Chair,Furniture,South,David Rodriguez,Metro Education Foundation,8,1142.54,9140.32,6229.44,2910.88,31.85
ORD-2025-10862,2025-06-28,High-Yield Toner Cartridge Pack,Office Supplies,East,Emily Watson,Bluebird Creative Labs,19,128.34,2438.46,1281.74,1156.72,47.44
ORD-2026-10374,2025-06-29,Steel Storage Lateral Filing Cabinet,Furniture,East,Emily Watson,Metro Education Foundation,3,346.73,1040.19,720.42,319.77,30.74
ORD-2024-11662,2025-06-29,Automated CRM Collaboration Seat,Enterprise Software,East,James Wilson,Acme Global Technologies,3,726.46,2179.38,760.62,1418.76,65.1
ORD-2026-11967,2025-06-30,Premium Recycled Copy Paper (Carton),Office Supplies,South,Amina Patel,Bluebird Creative Labs,13,44.57,579.41,365.04,214.37,37.0
ORD-2026-10188,2025-06-30,Electric Dual-Motor Standing Desk,Furniture,East,James Wilson,Acme Global Technologies,2,729.11,1458.22,970.34,487.88,33.46
ORD-2024-10936,2025-06-30,Keychron Q3 Mechanical Keyboard,Technology,North,Michael Chang,Titan Cloud Infrastructure,4,161.33,645.32,425.88,219.44,34.0
ORD-2025-11768,2025-07-01,Automated CRM Collaboration Seat,Enterprise Software,South,Amina Patel,Zenith Dynamics Ltd,6,705.21,4231.26,1697.16,2534.1,59.89
ORD-2025-10280,2025-07-02,Logitech MX Master 3S Mouse,Technology,West,Robert Martinez,Cascade BioSciences,6,98.9,593.4,363.06,230.34,38.82
ORD-2024-11209,2025-07-02,Anker 10-in-1 USB-C Docking Hub,Technology,West,Priya Sharma,Nexus Logistics Group,5,140.23,701.15,411.2,289.95,41.35
ORD-2024-10132,2025-07-02,Herman Miller Ergonomic Chair,Furniture,East,James Wilson,Metro Education Foundation,7,1100.44,7703.08,5625.55,2077.53,26.97
ORD-2026-11730,2025-07-02,Anker 10-in-1 USB-C Docking Hub,Technology,East,James Wilson,Cascade BioSciences,4,126.87,507.48,282.56,224.92,44.32
ORD-2024-11239,2025-07-02,Sony WH-1000XM5 Headphones,Technology,West,Robert Martinez,Evergreen Renewable Energy,3,399.94,1199.82,801.96,397.86,33.16
ORD-2024-10039,2025-07-03,Cybersecurity Endpoint Protection Suite,Enterprise Software,Central,Jessica Taylor,Silverline Manufacturing,4,952.48,3809.92,1059.44,2750.48,72.19
ORD-2026-10962,2025-07-03,Executive Teakwood Conference Table,Furniture,North,Sarah Jenkins,Vanguard Financial Solutions,9,1718.73,15468.57,12163.59,3304.98,21.37
ORD-2026-11499,2025-07-03,Keychron Q3 Mechanical Keyboard,Technology,Central,Daniel Kim,Acme Global Technologies,7,188.53,1319.71,889.21,430.5,32.62
ORD-2026-11502,2025-07-03,Samsung 2TB Portable NVMe SSD,Technology,East,Emily Watson,Acme Global Technologies,9,204.25,1838.25,1263.6,574.65,31.26
ORD-2025-10460,2025-07-04,Cloud Data Backup & Recovery License,Enterprise Software,East,James Wilson,Summit Media Works,4,553.99,2215.96,929.92,1286.04,58.04
ORD-2026-10935,2025-07-04,Samsung 2TB Portable NVMe SSD,Technology,North,Michael Chang,Metro Education Foundation,11,200.34,2203.74,1388.75,814.99,36.98
ORD-2025-11792,2025-07-04,Automated CRM Collaboration Seat,Enterprise Software,East,James Wilson,Horizon Retail Partners,8,687.56,5500.48,1724.16,3776.32,68.65
ORD-2026-11379,2025-07-04,Steel Storage Lateral Filing Cabinet,Furniture,West,Priya Sharma,Acme Global Technologies,9,337.96,3041.64,2295.36,746.28,24.54
ORD-2024-11863,2025-07-04,HP LaserJet Pro Multi-function Printer,Office Supplies,Central,Jessica Taylor,Apollo Industrial Equipment,22,453.11,9968.42,7737.84,2230.58,22.38
ORD-2026-11562,2025-07-05,Cybersecurity Endpoint Protection Suite,Enterprise Software,East,James Wilson,Beacon Legal Consulting,8,920.52,7364.16,2554.16,4810.0,65.32
ORD-2025-10133,2025-07-05,Keychron Q3 Mechanical Keyboard,Technology,South,Amina Patel,Pinnacle Healthcare Systems,5,162.62,813.1,516.25,296.85,36.51
ORD-2025-11774,2025-07-06,Steel Storage Lateral Filing Cabinet,Furniture,Central,Jessica Taylor,Nexus Logistics Group,3,315.51,946.53,739.29,207.24,21.89
ORD-2024-11410,2025-07-06,Electric Dual-Motor Standing Desk,Furniture,South,Amina Patel,Evergreen Renewable Energy,9,669.22,6022.98,4362.39,1660.59,27.57
ORD-2024-10108,2025-07-07,Heavy-Duty Cross-Cut Paper Shredder,Office Supplies,West,Robert Martinez,Silverline Manufacturing,12,157.37,1888.44,1258.2,630.24,33.37
ORD-2024-12262,2025-07-08,Herman Miller Ergonomic Chair,Furniture,East,Emily Watson,Summit Media Works,10,1081.58,10815.8,7910.5,2905.3,26.86
ORD-2024-12307,2025-07-08,Premium Recycled Copy Paper (Carton),Office Supplies,West,Priya Sharma,Horizon Retail Partners,5,48.27,241.35,155.8,85.55,35.45
ORD-2026-11745,2025-07-08,ThinkPad X1 Carbon Laptop,Technology,North,Michael Chang,Cascade BioSciences,1,1353.02,1353.02,946.99,406.03,30.01
ORD-2025-10082,2025-07-08,Keychron Q3 Mechanical Keyboard,Technology,West,Robert Martinez,Beacon Legal Consulting,11,168.22,1850.42,1153.57,696.85,37.66
ORD-2026-11406,2025-07-08,Samsung 2TB Portable NVMe SSD,Technology,South,Amina Patel,Horizon Retail Partners,3,202.31,606.93,433.68,173.25,28.55
ORD-2026-11619,2025-07-08,Steel Storage Lateral Filing Cabinet,Furniture,North,Sarah Jenkins,Cascade BioSciences,5,359.33,1796.65,1206.7,589.95,32.84
ORD-2024-11737,2025-07-08,ThinkPad X1 Carbon Laptop,Technology,North,Sarah Jenkins,Vanguard Financial Solutions,5,1369.64,6848.2,4943.45,1904.75,27.81
ORD-2025-12479,2025-07-09,Sony WH-1000XM5 Headphones,Technology,East,James Wilson,Bluebird Creative Labs,7,363.8,2546.6,1518.37,1028.23,40.38
ORD-2024-10750,2025-07-09,Premium Recycled Copy Paper (Carton),Office Supplies,North,Michael Chang,Bluebird Creative Labs,6,47.7,286.2,186.6,99.6,34.8
ORD-2024-10615,2025-07-10,Logitech MX Master 3S Mouse,Technology,East,Emily Watson,Nexus Logistics Group,3,102.28,306.84,209.73,97.11,31.65
ORD-2025-12419,2025-07-10,Anker 10-in-1 USB-C Docking Hub,Technology,East,James Wilson,Acme Global Technologies,9,133.1,1197.9,604.08,593.82,49.57
ORD-2024-10159,2025-07-10,Electric Dual-Motor Standing Desk,Furniture,South,David Rodriguez,Vanguard Financial Solutions,7,714.25,4999.75,3336.34,1663.41,33.27
ORD-2026-11595,2025-07-10,Samsung 2TB Portable NVMe SSD,Technology,East,James Wilson,Silverline Manufacturing,12,177.08,2124.96,1509.6,615.36,28.96
ORD-2024-11689,2025-07-11,Cloud Analytics Pro License (Annual),Enterprise Software,West,Robert Martinez,Zenith Dynamics Ltd,4,1267.61,5070.44,1694.68,3375.76,66.58
ORD-2026-11772,2025-07-11,Executive Teakwood Conference Table,Furniture,West,Robert Martinez,Metro Education Foundation,5,1764.08,8820.4,7132.65,1687.75,19.13
ORD-2024-12058,2025-07-11,Logitech MX Master 3S Mouse,Technology,Central,Daniel Kim,Silverline Manufacturing,12,98.03,1176.36,672.6,503.76,42.82
ORD-2026-10125,2025-07-12,ThinkPad X1 Carbon Laptop,Technology,West,Priya Sharma,Summit Media Works,12,1349.16,16189.92,11966.76,4223.16,26.09
ORD-2026-10761,2025-07-12,HP LaserJet Pro Multi-function Printer,Office Supplies,North,Michael Chang,Beacon Legal Consulting,2,428.46,856.92,649.74,207.18,24.18
ORD-2025-12248,2025-07-13,Samsung 2TB Portable NVMe SSD,Technology,East,James Wilson,Summit Media Works,8,186.61,1492.88,1075.04,417.84,27.99
ORD-2024-12478,2025-07-13,"Dell UltraSharp 27"" 4K Monitor",Technology,West,Robert Martinez,Nexus Logistics Group,12,604.96,7259.52,5083.8,2175.72,29.97
ORD-2024-12247,2025-07-13,Acoustic Fabric Office Partition,Furniture,South,David Rodriguez,Vanguard Financial Solutions,8,264.08,2112.64,1351.52,761.12,36.03
ORD-2024-11764,2025-07-13,Executive Teakwood Conference Table,Furniture,East,Emily Watson,Acme Global Technologies,1,1900.9,1900.9,1501.1,399.8,21.03
ORD-2025-11306,2025-07-13,Executive Teakwood Conference Table,Furniture,West,Robert Martinez,Cascade BioSciences,7,1924.24,13469.68,10569.51,2900.17,21.53
ORD-2026-11754,2025-07-14,Logitech MX Master 3S Mouse,Technology,East,Emily Watson,Acme Global Technologies,9,106.72,960.48,584.82,375.66,39.11
ORD-2026-10941,2025-07-14,Electric Dual-Motor Standing Desk,Furniture,North,Michael Chang,Cascade BioSciences,5,674.56,3372.8,2523.2,849.6,25.19
ORD-2025-11300,2025-07-14,Steel Storage Lateral Filing Cabinet,Furniture,West,Robert Martinez,Horizon Retail Partners,4,346.85,1387.4,965.8,421.6,30.39
ORD-2025-10580,2025-07-14,High-Yield Toner Cartridge Pack,Office Supplies,North,Sarah Jenkins,Cascade BioSciences,10,115.21,1152.1,632.7,519.4,45.08
ORD-2025-12026,2025-07-14,HP LaserJet Pro Multi-function Printer,Office Supplies,North,Sarah Jenkins,Apollo Industrial Equipment,7,397.14,2779.98,2129.82,650.16,23.39
ORD-2025-10640,2025-07-15,Sony WH-1000XM5 Headphones,Technology,East,James Wilson,Cascade BioSciences,1,383.98,383.98,255.14,128.84,33.55
ORD-2024-12136,2025-07-15,Herman Miller Ergonomic Chair,Furniture,East,Emily Watson,Titan Cloud Infrastructure,7,1131.0,7917.0,5234.6,2682.4,33.88
ORD-2025-11459,2025-07-15,Steel Storage Lateral Filing Cabinet,Furniture,South,David Rodriguez,Summit Media Works,6,349.5,2097.0,1645.5,451.5,21.53
ORD-2026-10320,2025-07-15,Keychron Q3 Mechanical Keyboard,Technology,North,Michael Chang,Acme Global Technologies,6,180.97,1085.82,633.0,452.82,41.7
ORD-2026-12072,2025-07-15,Samsung 2TB Portable NVMe SSD,Technology,East,James Wilson,Summit Media Works,6,188.5,1131.0,778.32,352.68,31.18
ORD-2025-11219,2025-07-15,Sony WH-1000XM5 Headphones,Technology,East,Emily Watson,Horizon Retail Partners,6,381.94,2291.64,1500.36,791.28,34.53
ORD-2026-11532,2025-07-15,Automated CRM Collaboration Seat,Enterprise Software,West,Robert Martinez,Horizon Retail Partners,2,686.77,1373.54,453.04,920.5,67.02
ORD-2024-10156,2025-07-15,Acoustic Fabric Office Partition,Furniture,East,Emily Watson,Summit Media Works,7,242.86,1700.02,1137.22,562.8,33.11
ORD-2024-11044,2025-07-16,Sony WH-1000XM5 Headphones,Technology,West,Robert Martinez,Nexus Logistics Group,9,349.62,3146.58,1947.78,1198.8,38.1
ORD-2025-12323,2025-07-16,Acoustic Fabric Office Partition,Furniture,East,Emily Watson,Apollo Industrial Equipment,8,245.07,1960.56,1219.44,741.12,37.8
ORD-2025-11615,2025-07-17,High-Yield Toner Cartridge Pack,Office Supplies,East,Emily Watson,Evergreen Renewable Energy,10,128.86,1288.6,698.8,589.8,45.77
ORD-2025-10046,2025-07-17,ThinkPad X1 Carbon Laptop,Technology,Central,Daniel Kim,Evergreen Renewable Energy,10,1467.51,14675.1,10530.3,4144.8,28.24
ORD-2026-12444,2025-07-18,Herman Miller Ergonomic Chair,Furniture,West,Robert Martinez,Summit Media Works,6,1108.27,6649.62,4592.88,2056.74,30.93
ORD-2026-10578,2025-07-18,Logitech MX Master 3S Mouse,Technology,South,Amina Patel,Pinnacle Healthcare Systems,6,105.01,630.06,341.82,288.24,45.75
ORD-2026-11352,2025-07-18,Heavy-Duty Cross-Cut Paper Shredder,Office Supplies,West,Robert Martinez,Horizon Retail Partners,19,148.28,2817.32,2132.37,684.95,24.31
ORD-2024-10501,2025-07-18,High-Yield Toner Cartridge Pack,Office Supplies,North,Michael Chang,Nexus Logistics Group,2,131.37,262.74,146.64,116.1,44.19
ORD-2024-10744,2025-07-18,Anker 10-in-1 USB-C Docking Hub,Technology,West,Priya Sharma,Metro Education Foundation,12,121.7,1460.4,890.64,569.76,39.01
ORD-2024-12208,2025-07-19,"Dell UltraSharp 27"" 4K Monitor",Technology,Central,Daniel Kim,Titan Cloud Infrastructure,4,610.02,2440.08,1629.4,810.68,33.22
ORD-2025-10487,2025-07-19,Automated CRM Collaboration Seat,Enterprise Software,Central,Jessica Taylor,Apollo Industrial Equipment,7,678.0,4746.0,1567.86,3178.14,66.96
ORD-2025-10142,2025-07-20,ThinkPad X1 Carbon Laptop,Technology,East,James Wilson,Metro Education Foundation,3,1394.27,4182.81,3260.82,921.99,22.04
ORD-2024-11392,2025-07-20,Automated CRM Collaboration Seat,Enterprise Software,West,Priya Sharma,Summit Media Works,1,704.23,704.23,254.17,450.06,63.91
ORD-2024-11860,2025-07-20,High-Yield Toner Cartridge Pack,Office Supplies,South,Amina Patel,Zenith Dynamics Ltd,19,131.36,2495.84,1277.56,1218.28,48.81
ORD-2024-10768,2025-07-20,Samsung 2TB Portable NVMe SSD,Technology,Central,Jessica Taylor,Titan Cloud Infrastructure,8,198.53,1588.24,1164.08,424.16,26.71
ORD-2026-10122,2025-07-20,HP LaserJet Pro Multi-function Printer,Office Supplies,North,Michael Chang,Bluebird Creative Labs,21,452.77,9508.17,6914.88,2593.29,27.27
ORD-2024-11179,2025-07-20,Acoustic Fabric Office Partition,Furniture,North,Michael Chang,Evergreen Renewable Energy,5,241.03,1205.15,810.05,395.1,32.78
ORD-2024-12265,2025-07-21,ThinkPad X1 Carbon Laptop,Technology,Central,Jessica Taylor,Nexus Logistics Group,12,1538.6,18463.2,11899.32,6563.88,35.55
ORD-2024-10270,2025-07-21,High-Yield Toner Cartridge Pack,Office Supplies,West,Priya Sharma,Cascade BioSciences,3,125.81,377.43,202.11,175.32,46.45
ORD-2024-10117,2025-07-22,Cybersecurity Endpoint Protection Suite,Enterprise Software,Central,Daniel Kim,Summit Media Works,8,985.35,7882.8,1692.48,6190.32,78.53
ORD-2024-11422,2025-07-22,Herman Miller Ergonomic Chair,Furniture,West,Priya Sharma,Metro Education Foundation,1,1189.58,1189.58,890.59,298.99,25.13
ORD-2025-10994,2025-07-22,Premium Recycled Copy Paper (Carton),Office Supplies,East,Emily Watson,Pinnacle Healthcare Systems,9,47.0,423.0,288.81,134.19,31.72
ORD-2026-11430,2025-07-22,Herman Miller Ergonomic Chair,Furniture,North,Michael Chang,Acme Global Technologies,6,1122.85,6737.1,5181.12,1555.98,23.1
ORD-2025-10826,2025-07-23,Keychron Q3 Mechanical Keyboard,Technology,East,James Wilson,Silverline Manufacturing,10,170.95,1709.5,1101.3,608.2,35.58
ORD-2024-10885,2025-07-23,High-Yield Toner Cartridge Pack,Office Supplies,West,Robert Martinez,Apollo Industrial Equipment,5,124.17,620.85,325.5,295.35,47.57
ORD-2026-10119,2025-07-23,Heavy-Duty Cross-Cut Paper Shredder,Office Supplies,East,Emily Watson,Horizon Retail Partners,16,153.51,2456.16,1397.92,1058.24,43.09
ORD-2025-11405,2025-07-23,Premium Recycled Copy Paper (Carton),Office Supplies,North,Michael Chang,Pinnacle Healthcare Systems,2,48.94,97.88,63.82,34.06,34.8
ORD-2026-10437,2025-07-24,Electric Dual-Motor Standing Desk,Furniture,East,James Wilson,Bluebird Creative Labs,5,641.28,3206.4,2270.0,936.4,29.2
ORD-2026-11961,2025-07-24,Steel Storage Lateral Filing Cabinet,Furniture,North,Sarah Jenkins,Vanguard Financial Solutions,6,342.44,2054.64,1279.68,774.96,37.72
ORD-2025-11231,2025-07-24,"Dell UltraSharp 27"" 4K Monitor",Technology,West,Robert Martinez,Evergreen Renewable Energy,4,594.28,2377.12,1571.96,805.16,33.87
ORD-2026-12174,2025-07-25,Magnetic Glass Dry-Erase Board,Office Supplies,North,Michael Chang,Horizon Retail Partners,12,209.32,2511.84,1267.92,1243.92,49.52
ORD-2025-11651,2025-07-25,Premium Recycled Copy Paper (Carton),Office Supplies,East,James Wilson,Beacon Legal Consulting,3,44.37,133.11,83.49,49.62,37.28
ORD-2026-10296,2025-07-25,"Dell UltraSharp 27"" 4K Monitor",Technology,North,Michael Chang,Beacon Legal Consulting,2,584.98,1169.96,721.96,448.0,38.29
ORD-2024-11827,2025-07-25,Cloud Analytics Pro License (Annual),Enterprise Software,East,James Wilson,Titan Cloud Infrastructure,5,1128.39,5641.95,926.5,4715.45,83.58
ORD-2025-12083,2025-07-26,Cloud Analytics Pro License (Annual),Enterprise Software,East,Emily Watson,Metro Education Foundation,8,1275.63,10205.04,2451.52,7753.52,75.98
ORD-2026-11574,2025-07-27,Magnetic Glass Dry-Erase Board,Office Supplies,East,Emily Watson,Zenith Dynamics Ltd,4,224.56,898.24,580.24,318.0,35.4
ORD-2024-10366,2025-07-28,Keychron Q3 Mechanical Keyboard,Technology,West,Priya Sharma,Vanguard Financial Solutions,5,179.84,899.2,588.55,310.65,34.55
ORD-2026-10251,2025-07-29,Automated CRM Collaboration Seat,Enterprise Software,North,Michael Chang,Metro Education Foundation,3,752.98,2258.94,785.49,1473.45,65.23
ORD-2025-10706,2025-07-31,Heavy-Duty Cross-Cut Paper Shredder,Office Supplies,East,James Wilson,Pinnacle Healthcare Systems,4,154.92,619.68,384.48,235.2,37.96
ORD-2026-12213,2025-08-01,Electric Dual-Motor Standing Desk,Furniture,Central,Jessica Taylor,Nexus Logistics Group,5,641.67,3208.35,2248.35,960.0,29.92
ORD-2025-10532,2025-08-01,Acoustic Fabric Office Partition,Furniture,North,Sarah Jenkins,Vanguard Financial Solutions,10,245.5,2455.0,1565.9,889.1,36.22
ORD-2026-10503,2025-08-01,High-Yield Toner Cartridge Pack,Office Supplies,East,Emily Watson,Silverline Manufacturing,13,127.06,1651.78,972.66,679.12,41.11
ORD-2025-11186,2025-08-02,Executive Teakwood Conference Table,Furniture,East,James Wilson,Zenith Dynamics Ltd,8,1981.7,15853.6,12028.16,3825.44,24.13
ORD-2024-10987,2025-08-03,Logitech MX Master 3S Mouse,Technology,East,James Wilson,Evergreen Renewable Energy,4,100.86,403.44,251.56,151.88,37.65
ORD-2025-11993,2025-08-03,Samsung 2TB Portable NVMe SSD,Technology,East,Emily Watson,Metro Education Foundation,9,183.67,1653.03,1254.15,398.88,24.13
ORD-2024-11065,2025-08-04,Keychron Q3 Mechanical Keyboard,Technology,North,Michael Chang,Apollo Industrial Equipment,10,174.93,1749.3,1145.0,604.3,34.55
ORD-2025-10835,2025-08-04,Acoustic Fabric Office Partition,Furniture,East,James Wilson,Zenith Dynamics Ltd,1,251.15,251.15,159.08,92.07,36.66
ORD-2025-11180,2025-08-04,HP LaserJet Pro Multi-function Printer,Office Supplies,North,Michael Chang,Silverline Manufacturing,13,435.94,5667.22,4223.05,1444.17,25.48
ORD-2025-12281,2025-08-05,Keychron Q3 Mechanical Keyboard,Technology,North,Sarah Jenkins,Zenith Dynamics Ltd,6,177.93,1067.58,629.34,438.24,41.05
ORD-2025-11102,2025-08-05,Anker 10-in-1 USB-C Docking Hub,Technology,West,Robert Martinez,Apollo Industrial Equipment,3,131.48,394.44,241.44,153.0,38.79
ORD-2026-10506,2025-08-06,Executive Teakwood Conference Table,Furniture,South,David Rodriguez,Titan Cloud Infrastructure,5,1710.24,8551.2,6677.65,1873.55,21.91
ORD-2024-10252,2025-08-06,Heavy-Duty Cross-Cut Paper Shredder,Office Supplies,West,Priya Sharma,Bluebird Creative Labs,4,160.5,642.0,420.12,221.88,34.56
ORD-2024-11299,2025-08-07,Steel Storage Lateral Filing Cabinet,Furniture,East,James Wilson,Metro Education Foundation,9,342.93,3086.37,2406.15,680.22,22.04
ORD-2024-12004,2025-08-07,Cloud Data Backup & Recovery License,Enterprise Software,East,Emily Watson,Cascade BioSciences,7,562.14,3934.98,1429.54,2505.44,63.67
ORD-2026-12255,2025-08-07,Cloud Data Backup & Recovery License,Enterprise Software,West,Robert Martinez,Cascade BioSciences,1,560.06,560.06,132.28,427.78,76.38
ORD-2026-11556,2025-08-07,Premium Recycled Copy Paper (Carton),Office Supplies,West,Priya Sharma,Titan Cloud Infrastructure,5,49.89,249.45,152.95,96.5,38.69
ORD-2026-11712,2025-08-07,ThinkPad X1 Carbon Laptop,Technology,North,Michael Chang,Silverline Manufacturing,11,1399.85,15398.35,10985.81,4412.54,28.66
ORD-2024-10378,2025-08-08,Heavy-Duty Cross-Cut Paper Shredder,Office Supplies,South,David Rodriguez,Pinnacle Healthcare Systems,4,168.7,674.8,475.68,199.12,29.51
ORD-2024-10372,2025-08-08,Premium Recycled Copy Paper (Carton),Office Supplies,West,Robert Martinez,Cascade BioSciences,6,47.41,284.46,195.42,89.04,31.3
ORD-2026-10416,2025-08-08,Keychron Q3 Mechanical Keyboard,Technology,West,Priya Sharma,Metro Education Foundation,12,185.87,2230.44,1406.4,824.04,36.95
ORD-2025-10040,2025-08-09,Executive Teakwood Conference Table,Furniture,Central,Jessica Taylor,Pinnacle Healthcare Systems,8,1949.45,15595.6,12236.16,3359.44,21.54
ORD-2026-12147,2025-08-09,Keychron Q3 Mechanical Keyboard,Technology,North,Michael Chang,Silverline Manufacturing,12,184.87,2218.44,2290.8,-72.36,-3.26
ORD-2025-11213,2025-08-09,Cloud Data Backup & Recovery License,Enterprise Software,South,David Rodriguez,Summit Media Works,2,514.93,1029.86,343.38,686.48,66.66
ORD-2025-11594,2025-08-10,Magnetic Glass Dry-Erase Board,Office Supplies,South,Amina Patel,Apollo Industrial Equipment,21,223.71,4697.91,2814.0,1883.91,40.1
ORD-2026-11193,2025-08-10,Electric Dual-Motor Standing Desk,Furniture,West,Robert Martinez,Horizon Retail Partners,9,653.64,5882.76,4261.23,1621.53,27.56
ORD-2024-12433,2025-08-10,Heavy-Duty Cross-Cut Paper Shredder,Office Supplies,East,James Wilson,Zenith Dynamics Ltd,4,153.87,615.48,402.64,212.84,34.58
ORD-2026-10446,2025-08-11,Cloud Analytics Pro License (Annual),Enterprise Software,West,Robert Martinez,Silverline Manufacturing,6,1256.18,7537.08,2377.68,5159.4,68.45
ORD-2025-10397,2025-08-11,Cloud Data Backup & Recovery License,Enterprise Software,West,Priya Sharma,Bluebird Creative Labs,7,511.63,3581.41,1408.33,2173.08,60.68
ORD-2025-11879,2025-08-11,High-Yield Toner Cartridge Pack,Office Supplies,South,Amina Patel,Nexus Logistics Group,11,130.3,1433.3,754.93,678.37,47.33
ORD-2026-11184,2025-08-11,Logitech MX Master 3S Mouse,Technology,East,Emily Watson,Bluebird Creative Labs,12,96.18,1154.16,684.24,469.92,40.72
ORD-2026-12000,2025-08-11,Steel Storage Lateral Filing Cabinet,Furniture,Central,Jessica Taylor,Pinnacle Healthcare Systems,5,331.55,1657.75,1730.95,-73.2,-4.42
ORD-2025-11168,2025-08-11,High-Yield Toner Cartridge Pack,Office Supplies,North,Sarah Jenkins,Metro Education Foundation,10,125.89,1258.9,693.7,565.2,44.9
ORD-2026-11799,2025-08-12,High-Yield Toner Cartridge Pack,Office Supplies,East,James Wilson,Pinnacle Healthcare Systems,8,125.87,1006.96,547.36,459.6,45.64
ORD-2024-11758,2025-08-12,Cybersecurity Endpoint Protection Suite,Enterprise Software,Central,Daniel Kim,Silverline Manufacturing,7,990.98,6936.86,2114.21,4822.65,69.52
ORD-2025-10238,2025-08-12,Sony WH-1000XM5 Headphones,Technology,East,Emily Watson,Silverline Manufacturing,5,397.37,1986.85,1245.6,741.25,37.31
ORD-2024-11257,2025-08-13,High-Yield Toner Cartridge Pack,Office Supplies,East,James Wilson,Titan Cloud Infrastructure,17,121.61,2067.37,1028.16,1039.21,50.27
ORD-2026-10488,2025-08-13,Logitech MX Master 3S Mouse,Technology,East,Emily Watson,Horizon Retail Partners,10,97.3,973.0,568.5,404.5,41.57
ORD-2024-10858,2025-08-13,Logitech MX Master 3S Mouse,Technology,Central,Jessica Taylor,Horizon Retail Partners,4,101.25,405.0,225.2,179.8,44.4
ORD-2026-10254,2025-08-13,Anker 10-in-1 USB-C Docking Hub,Technology,Central,Jessica Taylor,Metro Education Foundation,2,123.84,247.68,154.36,93.32,37.68
ORD-2025-11420,2025-08-13,Anker 10-in-1 USB-C Docking Hub,Technology,East,Emily Watson,Evergreen Renewable Energy,4,121.68,486.72,252.2,234.52,48.18
ORD-2026-10194,2025-08-13,ThinkPad X1 Carbon Laptop,Technology,North,Michael Chang,Acme Global Technologies,8,1358.15,10865.2,7343.12,3522.08,32.42
ORD-2024-10555,2025-08-14,Automated CRM Collaboration Seat,Enterprise Software,East,Emily Watson,Zenith Dynamics Ltd,5,692.49,3462.45,1234.05,2228.4,64.36
ORD-2026-10530,2025-08-14,ThinkPad X1 Carbon Laptop,Technology,North,Michael Chang,Metro Education Foundation,3,1347.59,4042.77,2968.8,1073.97,26.57
ORD-2024-11566,2025-08-14,High-Yield Toner Cartridge Pack,Office Supplies,North,Michael Chang,Horizon Retail Partners,3,121.51,364.53,207.54,156.99,43.07
ORD-2026-12321,2025-08-14,Samsung 2TB Portable NVMe SSD,Technology,North,Michael Chang,Bluebird Creative Labs,1,196.62,196.62,132.41,64.21,32.66
ORD-2025-11555,2025-08-15,"Dell UltraSharp 27"" 4K Monitor",Technology,North,Michael Chang,Summit Media Works,8,587.69,4701.52,3254.48,1447.04,30.78
ORD-2024-11305,2025-08-16,Samsung 2TB Portable NVMe SSD,Technology,East,James Wilson,Summit Media Works,4,191.67,766.68,562.08,204.6,26.69
ORD-2026-12366,2025-08-17,Heavy-Duty Cross-Cut Paper Shredder,Office Supplies,North,Sarah Jenkins,Titan Cloud Infrastructure,11,169.2,1861.2,1169.41,691.79,37.17
ORD-2025-12386,2025-08-17,Logitech MX Master 3S Mouse,Technology,East,Emily Watson,Silverline Manufacturing,4,101.48,405.92,240.04,165.88,40.87
ORD-2025-11630,2025-08-17,Steel Storage Lateral Filing Cabinet,Furniture,East,James Wilson,Acme Global Technologies,8,324.41,2595.28,1681.76,913.52,35.2
ORD-2024-11089,2025-08-17,Sony WH-1000XM5 Headphones,Technology,West,Priya Sharma,Summit Media Works,5,387.03,1935.15,1137.05,798.1,41.24
ORD-2024-11503,2025-08-18,"Dell UltraSharp 27"" 4K Monitor",Technology,East,James Wilson,Horizon Retail Partners,11,605.85,6664.35,4590.41,2073.94,31.12
ORD-2025-10412,2025-08-18,Logitech MX Master 3S Mouse,Technology,South,David Rodriguez,Zenith Dynamics Ltd,3,105.95,317.85,173.49,144.36,45.42
ORD-2025-10829,2025-08-18,ThinkPad X1 Carbon Laptop,Technology,South,Amina Patel,Horizon Retail Partners,12,1513.17,18158.04,13692.36,4465.68,24.59
ORD-2025-12392,2025-08-18,Cloud Analytics Pro License (Annual),Enterprise Software,Central,Jessica Taylor,Pinnacle Healthcare Systems,5,1213.77,6068.85,1465.3,4603.55,75.86
ORD-2024-11968,2025-08-19,Herman Miller Ergonomic Chair,Furniture,North,Sarah Jenkins,Summit Media Works,5,1160.43,5802.15,6126.5,-324.35,-5.59
ORD-2026-10452,2025-08-19,Executive Teakwood Conference Table,Furniture,South,Amina Patel,Evergreen Renewable Energy,2,1753.35,3506.7,2689.0,817.7,23.32
ORD-2024-10786,2025-08-19,Herman Miller Ergonomic Chair,Furniture,East,Emily Watson,Metro Education Foundation,10,1123.65,11236.5,9146.2,2090.3,18.6
ORD-2024-11608,2025-08-19,Keychron Q3 Mechanical Keyboard,Technology,West,Robert Martinez,Acme Global Technologies,12,180.95,2171.4,1430.4,741.0,34.13
ORD-2025-11681,2025-08-19,Steel Storage Lateral Filing Cabinet,Furniture,South,Amina Patel,Silverline Manufacturing,8,330.11,2640.88,1794.64,846.24,32.04
ORD-2025-10745,2025-08-19,Acoustic Fabric Office Partition,Furniture,West,Priya Sharma,Silverline Manufacturing,4,275.55,1102.2,794.24,307.96,27.94
ORD-2024-10042,2025-08-19,Cybersecurity Endpoint Protection Suite,Enterprise Software,East,Emily Watson,Nexus Logistics Group,3,911.66,2734.98,694.53,2040.45,74.61
ORD-2025-11654,2025-08-19,Samsung 2TB Portable NVMe SSD,Technology,South,Amina Patel,Titan Cloud Infrastructure,6,203.0,1218.0,864.48,353.52,29.02
ORD-2026-11331,2025-08-20,Herman Miller Ergonomic Chair,Furniture,West,Priya Sharma,Cascade BioSciences,6,1166.08,6996.48,5048.76,1947.72,27.84
ORD-2026-11247,2025-08-20,Herman Miller Ergonomic Chair,Furniture,North,Michael Chang,Metro Education Foundation,8,1204.39,9635.12,7060.24,2574.88,26.72
ORD-2025-11960,2025-08-20,Cybersecurity Endpoint Protection Suite,Enterprise Software,East,Emily Watson,Pinnacle Healthcare Systems,3,931.75,2795.25,1064.31,1730.94,61.92
ORD-2025-12368,2025-08-20,ThinkPad X1 Carbon Laptop,Technology,East,Emily Watson,Vanguard Financial Solutions,1,1380.32,1380.32,897.11,483.21,35.01
ORD-2024-12385,2025-08-20,Electric Dual-Motor Standing Desk,Furniture,East,Emily Watson,Cascade BioSciences,3,651.67,1955.01,1452.09,502.92,25.72
ORD-2026-11292,2025-08-21,Herman Miller Ergonomic Chair,Furniture,West,Priya Sharma,Beacon Legal Consulting,8,1063.66,8509.28,5882.4,2626.88,30.87
ORD-2026-11679,2025-08-21,Logitech MX Master 3S Mouse,Technology,West,Robert Martinez,Nexus Logistics Group,11,93.01,1023.11,538.89,484.22,47.33
ORD-2025-11918,2025-08-21,Sony WH-1000XM5 Headphones,Technology,North,Michael Chang,Evergreen Renewable Energy,6,387.07,2322.42,1505.22,817.2,35.19
ORD-2024-11197,2025-08-21,Herman Miller Ergonomic Chair,Furniture,East,Emily Watson,Evergreen Renewable Energy,3,1059.72,3179.16,2528.25,650.91,20.47
ORD-2025-12002,2025-08-21,Premium Recycled Copy Paper (Carton),Office Supplies,West,Robert Martinez,Horizon Retail Partners,22,44.23,973.06,618.2,354.86,36.47
ORD-2025-10097,2025-08-22,Magnetic Glass Dry-Erase Board,Office Supplies,East,James Wilson,Summit Media Works,8,213.59,1708.72,995.04,713.68,41.77
ORD-2026-10281,2025-08-22,Executive Teakwood Conference Table,Furniture,East,James Wilson,Acme Global Technologies,4,1970.65,7882.6,5905.0,1977.6,25.09
ORD-2024-10561,2025-08-23,Sony WH-1000XM5 Headphones,Technology,South,David Rodriguez,Acme Global Technologies,11,383.35,4216.85,3003.44,1213.41,28.78
ORD-2025-11510,2025-08-23,Sony WH-1000XM5 Headphones,Technology,Central,Daniel Kim,Horizon Retail Partners,1,360.08,360.08,222.89,137.19,38.1
ORD-2024-11200,2025-08-23,Automated CRM Collaboration Seat,Enterprise Software,West,Robert Martinez,Silverline Manufacturing,4,775.99,3103.96,3123.08,-19.12,-0.62
ORD-2024-10447,2025-08-24,Automated CRM Collaboration Seat,Enterprise Software,South,David Rodriguez,Vanguard Financial Solutions,7,673.2,4712.4,1493.03,3219.37,68.32
ORD-2026-10338,2025-08-24,High-Yield Toner Cartridge Pack,Office Supplies,East,James Wilson,Metro Education Foundation,4,115.88,463.52,215.56,247.96,53.49
ORD-2025-12500,2025-08-24,Keychron Q3 Mechanical Keyboard,Technology,East,James Wilson,Vanguard Financial Solutions,1,172.94,172.94,108.34,64.6,37.35
ORD-2025-11030,2025-08-24,Samsung 2TB Portable NVMe SSD,Technology,North,Sarah Jenkins,Titan Cloud Infrastructure,5,193.22,966.1,640.8,325.3,33.67
ORD-2026-11448,2025-08-25,Cybersecurity Endpoint Protection Suite,Enterprise Software,East,Emily Watson,Titan Cloud Infrastructure,1,894.15,894.15,289.21,604.94,67.66
ORD-2025-10658,2025-08-25,Premium Recycled Copy Paper (Carton),Office Supplies,North,Michael Chang,Apollo Industrial Equipment,9,47.54,427.86,288.81,139.05,32.5
ORD-2025-10148,2025-08-25,HP LaserJet Pro Multi-function Printer,Office Supplies,East,James Wilson,Beacon Legal Consulting,5,413.12,2065.6,1578.05,487.55,23.6
ORD-2025-12299,2025-08-26,Magnetic Glass Dry-Erase Board,Office Supplies,East,James Wilson,Beacon Legal Consulting,5,193.79,968.95,616.35,352.6,36.39
ORD-2024-12196,2025-08-27,Keychron Q3 Mechanical Keyboard,Technology,South,David Rodriguez,Metro Education Foundation,12,183.64,2203.68,2151.36,52.32,2.37
ORD-2025-10013,2025-08-27,Premium Recycled Copy Paper (Carton),Office Supplies,Central,Daniel Kim,Titan Cloud Infrastructure,7,46.07,322.49,219.8,102.69,31.84
ORD-2025-11999,2025-08-28,Herman Miller Ergonomic Chair,Furniture,North,Michael Chang,Acme Global Technologies,10,1188.06,11880.6,8772.0,3108.6,26.17
ORD-2026-11685,2025-08-28,HP LaserJet Pro Multi-function Printer,Office Supplies,Central,Daniel Kim,Silverline Manufacturing,9,439.53,3955.77,3058.38,897.39,22.69
ORD-2025-10127,2025-08-28,Premium Recycled Copy Paper (Carton),Office Supplies,West,Priya Sharma,Summit Media Works,6,51.82,310.92,188.82,122.1,39.27
ORD-2025-11417,2025-08-29,Anker 10-in-1 USB-C Docking Hub,Technology,East,James Wilson,Nexus Logistics Group,2,130.19,260.38,142.46,117.92,45.29
ORD-2024-10990,2025-08-29,Cloud Data Backup & Recovery License,Enterprise Software,West,Robert Martinez,Cascade BioSciences,1,526.73,526.73,167.12,359.61,68.27
ORD-2024-11776,2025-08-29,Acoustic Fabric Office Partition,Furniture,North,Sarah Jenkins,Metro Education Foundation,4,259.79,1039.16,710.44,328.72,31.63
ORD-2025-11480,2025-08-29,Keychron Q3 Mechanical Keyboard,Technology,East,James Wilson,Summit Media Works,8,187.06,1496.48,1038.24,458.24,30.62
ORD-2026-12102,2025-08-30,Acoustic Fabric Office Partition,Furniture,North,Michael Chang,Pinnacle Healthcare Systems,5,254.64,1273.2,852.05,421.15,33.08
ORD-2025-11048,2025-08-30,Magnetic Glass Dry-Erase Board,Office Supplies,South,Amina Patel,Cascade BioSciences,18,197.78,3560.04,1986.66,1573.38,44.2
ORD-2026-11463,2025-08-31,Heavy-Duty Cross-Cut Paper Shredder,Office Supplies,East,James Wilson,Cascade BioSciences,4,149.18,596.72,410.48,186.24,31.21
ORD-2025-11813,2025-08-31,Steel Storage Lateral Filing Cabinet,Furniture,South,Amina Patel,Acme Global Technologies,8,327.96,2623.68,1940.56,683.12,26.04
ORD-2025-10874,2025-09-01,Anker 10-in-1 USB-C Docking Hub,Technology,East,Emily Watson,Metro Education Foundation,4,133.08,532.32,308.2,224.12,42.1
ORD-2024-11020,2025-09-01,High-Yield Toner Cartridge Pack,Office Supplies,East,James Wilson,Apollo Industrial Equipment,6,122.91,737.46,766.86,-29.4,-3.99
ORD-2026-11145,2025-09-02,Keychron Q3 Mechanical Keyboard,Technology,North,Sarah Jenkins,Vanguard Financial Solutions,2,187.38,374.76,218.94,155.82,41.58
ORD-2026-11382,2025-09-02,HP LaserJet Pro Multi-function Printer,Office Supplies,West,Priya Sharma,Bluebird Creative Labs,5,404.86,2024.3,1467.3,557.0,27.52
ORD-2025-10007,2025-09-03,Sony WH-1000XM5 Headphones,Technology,North,Michael Chang,Nexus Logistics Group,10,369.38,3693.8,2619.4,1074.4,29.09
ORD-2026-11640,2025-09-03,Acoustic Fabric Office Partition,Furniture,North,Michael Chang,Beacon Legal Consulting,8,269.7,2157.6,1388.96,768.64,35.62
ORD-2025-12203,2025-09-04,ThinkPad X1 Carbon Laptop,Technology,East,James Wilson,Nexus Logistics Group,3,1380.07,4140.21,2950.65,1189.56,28.73
ORD-2026-12336,2025-09-04,Steel Storage Lateral Filing Cabinet,Furniture,North,Michael Chang,Beacon Legal Consulting,5,323.04,1615.2,1192.65,422.55,26.16
ORD-2024-10534,2025-09-04,Herman Miller Ergonomic Chair,Furniture,Central,Daniel Kim,Evergreen Renewable Energy,4,1080.88,4323.52,3145.88,1177.64,27.24
ORD-2025-11513,2025-09-04,Cybersecurity Endpoint Protection Suite,Enterprise Software,Central,Daniel Kim,Horizon Retail Partners,3,926.08,2778.24,886.38,1891.86,68.1
ORD-2026-11937,2025-09-04,Herman Miller Ergonomic Chair,Furniture,South,David Rodriguez,Metro Education Foundation,3,1112.78,3338.34,2319.99,1018.35,30.5
ORD-2025-10340,2025-09-05,Cloud Data Backup & Recovery License,Enterprise Software,East,Emily Watson,Bluebird Creative Labs,8,548.08,4384.64,1257.2,3127.44,71.33
ORD-2025-11279,2025-09-05,ThinkPad X1 Carbon Laptop,Technology,East,Emily Watson,Titan Cloud Infrastructure,10,1377.48,13774.8,9785.7,3989.1,28.96
ORD-2024-10294,2025-09-05,Executive Teakwood Conference Table,Furniture,North,Sarah Jenkins,Silverline Manufacturing,3,1925.84,5777.52,4591.98,1185.54,20.52
ORD-2025-10904,2025-09-06,Cloud Analytics Pro License (Annual),Enterprise Software,South,Amina Patel,Evergreen Renewable Energy,5,1206.16,6030.8,1233.05,4797.75,79.55
ORD-2024-11806,2025-09-06,Magnetic Glass Dry-Erase Board,Office Supplies,North,Sarah Jenkins,Evergreen Renewable Energy,17,195.39,3321.63,2271.71,1049.92,31.61
ORD-2025-10211,2025-09-06,"Dell UltraSharp 27"" 4K Monitor",Technology,North,Sarah Jenkins,Pinnacle Healthcare Systems,12,615.88,7390.56,4349.04,3041.52,41.15
ORD-2024-11710,2025-09-07,Executive Teakwood Conference Table,Furniture,West,Priya Sharma,Silverline Manufacturing,5,1987.33,9936.65,8324.0,1612.65,16.23
ORD-2026-10926,2025-09-07,Cloud Analytics Pro License (Annual),Enterprise Software,East,James Wilson,Cascade BioSciences,8,1282.65,10261.2,2388.4,7872.8,76.72
ORD-2025-10613,2025-09-08,Acoustic Fabric Office Partition,Furniture,East,Emily Watson,Metro Education Foundation,4,270.36,1081.44,749.16,332.28,30.73
ORD-2025-10052,2025-09-08,Acoustic Fabric Office Partition,Furniture,East,Emily Watson,Acme Global Technologies,2,265.48,530.96,393.8,137.16,25.83
ORD-2026-11364,2025-09-08,Heavy-Duty Cross-Cut Paper Shredder,Office Supplies,Central,Jessica Taylor,Cascade BioSciences,14,160.74,2250.36,1296.12,954.24,42.4
ORD-2024-11119,2025-09-09,Magnetic Glass Dry-Erase Board,Office Supplies,North,Michael Chang,Evergreen Renewable Energy,21,217.3,4563.3,2280.18,2283.12,50.03
ORD-2024-11734,2025-09-09,Anker 10-in-1 USB-C Docking Hub,Technology,South,David Rodriguez,Apollo Industrial Equipment,4,135.7,542.8,306.52,236.28,43.53
ORD-2026-10596,2025-09-09,Cloud Data Backup & Recovery License,Enterprise Software,South,Amina Patel,Metro Education Foundation,5,543.85,2719.25,762.7,1956.55,71.95
ORD-2026-10146,2025-09-10,Heavy-Duty Cross-Cut Paper Shredder,Office Supplies,West,Robert Martinez,Silverline Manufacturing,5,158.62,793.1,572.15,220.95,27.86
ORD-2025-11921,2025-09-10,Samsung 2TB Portable NVMe SSD,Technology,East,Emily Watson,Acme Global Technologies,1,177.33,177.33,122.9,54.43,30.69
ORD-2024-10843,2025-09-10,Electric Dual-Motor Standing Desk,Furniture,North,Michael Chang,Nexus Logistics Group,4,730.92,2923.68,2225.52,698.16,23.88
ORD-2024-10246,2025-09-10,HP LaserJet Pro Multi-function Printer,Office Supplies,Central,Daniel Kim,Horizon Retail Partners,8,389.91,3119.28,2359.76,759.52,24.35
ORD-2026-11589,2025-09-11,Herman Miller Ergonomic Chair,Furniture,North,Sarah Jenkins,Apollo Industrial Equipment,4,1197.05,4788.2,4712.08,76.12,1.59
ORD-2025-12056,2025-09-11,Automated CRM Collaboration Seat,Enterprise Software,North,Michael Chang,Cascade BioSciences,4,774.06,3096.24,1207.32,1888.92,61.01
ORD-2024-10531,2025-09-13,Automated CRM Collaboration Seat,Enterprise Software,South,David Rodriguez,Horizon Retail Partners,3,754.91,2264.73,866.61,1398.12,61.73
ORD-2025-12383,2025-09-13,Keychron Q3 Mechanical Keyboard,Technology,Central,Jessica Taylor,Silverline Manufacturing,4,164.88,659.52,442.76,216.76,32.87
ORD-2024-11284,2025-09-13,Magnetic Glass Dry-Erase Board,Office Supplies,South,David Rodriguez,Vanguard Financial Solutions,9,220.03,1980.27,1271.79,708.48,35.78
ORD-2024-10072,2025-09-13,Sony WH-1000XM5 Headphones,Technology,North,Michael Chang,Acme Global Technologies,3,361.29,1083.87,663.12,420.75,38.82
ORD-2024-11677,2025-09-14,HP LaserJet Pro Multi-function Printer,Office Supplies,West,Priya Sharma,Silverline Manufacturing,12,397.73,4772.76,3349.68,1423.08,29.82
ORD-2024-11767,2025-09-14,Anker 10-in-1 USB-C Docking Hub,Technology,West,Priya Sharma,Horizon Retail Partners,9,129.93,1169.37,615.78,553.59,47.34
ORD-2026-10560,2025-09-15,Cybersecurity Endpoint Protection Suite,Enterprise Software,Central,Jessica Taylor,Titan Cloud Infrastructure,4,960.96,3843.84,1028.32,2815.52,73.25
ORD-2026-11340,2025-09-16,Samsung 2TB Portable NVMe SSD,Technology,South,Amina Patel,Metro Education Foundation,3,196.59,589.77,435.9,153.87,26.09
ORD-2026-11073,2025-09-16,Executive Teakwood Conference Table,Furniture,North,Michael Chang,Metro Education Foundation,3,1728.59,5185.77,4054.08,1131.69,21.82
ORD-2026-10710,2025-09-16,Anker 10-in-1 USB-C Docking Hub,Technology,North,Sarah Jenkins,Bluebird Creative Labs,11,135.84,1494.24,774.4,719.84,48.17
ORD-2026-11097,2025-09-17,Keychron Q3 Mechanical Keyboard,Technology,East,James Wilson,Bluebird Creative Labs,7,165.6,1159.2,1121.26,37.94,3.27
ORD-2025-12161,2025-09-17,ThinkPad X1 Carbon Laptop,Technology,North,Sarah Jenkins,Zenith Dynamics Ltd,3,1475.05,4425.15,3170.88,1254.27,28.34
ORD-2025-10634,2025-09-17,Herman Miller Ergonomic Chair,Furniture,East,James Wilson,Apollo Industrial Equipment,10,1225.96,12259.6,8740.2,3519.4,28.71
ORD-2026-12198,2025-09-19,Anker 10-in-1 USB-C Docking Hub,Technology,East,James Wilson,Apollo Industrial Equipment,7,131.5,920.5,483.28,437.22,47.5
ORD-2025-11498,2025-09-19,High-Yield Toner Cartridge Pack,Office Supplies,West,Priya Sharma,Evergreen Renewable Energy,15,117.61,1764.15,904.5,859.65,48.73
ORD-2026-11454,2025-09-20,High-Yield Toner Cartridge Pack,Office Supplies,South,Amina Patel,Vanguard Financial Solutions,18,132.79,2390.22,1150.56,1239.66,51.86
ORD-2024-10381,2025-09-20,Herman Miller Ergonomic Chair,Furniture,South,David Rodriguez,Nexus Logistics Group,3,1097.45,3292.35,2589.93,702.42,21.33
ORD-2026-10905,2025-09-20,ThinkPad X1 Carbon Laptop,Technology,North,Michael Chang,Vanguard Financial Solutions,11,1467.05,16137.55,12017.06,4120.49,25.53
ORD-2026-10785,2025-09-20,Executive Teakwood Conference Table,Furniture,East,Emily Watson,Cascade BioSciences,2,1981.73,3963.46,3166.68,796.78,20.1
ORD-2024-12439,2025-09-21,Herman Miller Ergonomic Chair,Furniture,North,Michael Chang,Metro Education Foundation,6,1167.18,7003.08,4998.06,2005.02,28.63
ORD-2025-10421,2025-09-21,Automated CRM Collaboration Seat,Enterprise Software,East,Emily Watson,Zenith Dynamics Ltd,5,776.53,3882.65,1413.5,2469.15,63.59
ORD-2024-10489,2025-09-23,HP LaserJet Pro Multi-function Printer,Office Supplies,South,David Rodriguez,Cascade BioSciences,11,389.11,4280.21,3193.96,1086.25,25.38
ORD-2025-10376,2025-09-24,Acoustic Fabric Office Partition,Furniture,Central,Jessica Taylor,Summit Media Works,9,243.61,2192.49,1603.71,588.78,26.85
ORD-2026-11091,2025-09-24,Heavy-Duty Cross-Cut Paper Shredder,Office Supplies,East,James Wilson,Horizon Retail Partners,2,158.54,317.08,190.3,126.78,39.98
ORD-2025-11639,2025-09-24,HP LaserJet Pro Multi-function Printer,Office Supplies,West,Priya Sharma,Acme Global Technologies,2,403.01,806.02,637.74,168.28,20.88
ORD-2025-10565,2025-09-25,Cloud Data Backup & Recovery License,Enterprise Software,North,Sarah Jenkins,Cascade BioSciences,6,571.03,3426.18,746.94,2679.24,78.2
ORD-2024-12424,2025-09-25,Cloud Analytics Pro License (Annual),Enterprise Software,West,Priya Sharma,Pinnacle Healthcare Systems,3,1169.77,3509.31,627.87,2881.44,82.11
ORD-2026-10038,2025-09-25,Herman Miller Ergonomic Chair,Furniture,North,Michael Chang,Zenith Dynamics Ltd,2,1067.51,2135.02,1543.22,591.8,27.72
ORD-2025-11348,2025-09-25,Cloud Data Backup & Recovery License,Enterprise Software,North,Sarah Jenkins,Apollo Industrial Equipment,2,500.06,1000.12,254.18,745.94,74.59
ORD-2024-12490,2025-09-26,Cloud Data Backup & Recovery License,Enterprise Software,East,Emily Watson,Titan Cloud Infrastructure,7,549.42,3845.94,1210.86,2635.08,68.52
ORD-2025-10922,2025-09-26,Cybersecurity Endpoint Protection Suite,Enterprise Software,North,Sarah Jenkins,Acme Global Technologies,3,1006.48,3019.44,1206.54,1812.9,60.04
ORD-2024-12445,2025-09-26,High-Yield Toner Cartridge Pack,Office Supplies,West,Priya Sharma,Silverline Manufacturing,2,132.37,264.74,123.64,141.1,53.3
ORD-2024-10081,2025-09-26,Electric Dual-Motor Standing Desk,Furniture,South,David Rodriguez,Bluebird Creative Labs,9,644.46,5800.14,4289.13,1511.01,26.05
ORD-2025-11777,2025-09-26,Anker 10-in-1 USB-C Docking Hub,Technology,Central,Daniel Kim,Zenith Dynamics Ltd,7,137.84,964.88,531.44,433.44,44.92
ORD-2024-10861,2025-09-26,Steel Storage Lateral Filing Cabinet,Furniture,South,Amina Patel,Apollo Industrial Equipment,4,336.16,1344.64,1006.84,337.8,25.12
ORD-2024-12007,2025-09-27,Magnetic Glass Dry-Erase Board,Office Supplies,East,James Wilson,Titan Cloud Infrastructure,8,209.41,1675.28,998.08,677.2,40.42
ORD-2026-10638,2025-09-27,Logitech MX Master 3S Mouse,Technology,West,Priya Sharma,Acme Global Technologies,3,101.79,305.37,188.28,117.09,38.34
ORD-2026-11061,2025-09-27,Executive Teakwood Conference Table,Furniture,South,Amina Patel,Titan Cloud Infrastructure,9,1860.71,16746.39,14451.39,2295.0,13.7
ORD-2025-11414,2025-09-28,Anker 10-in-1 USB-C Docking Hub,Technology,West,Priya Sharma,Apollo Industrial Equipment,3,133.87,401.61,389.94,11.67,2.91
ORD-2026-10473,2025-09-29,Cloud Data Backup & Recovery License,Enterprise Software,West,Robert Martinez,Titan Cloud Infrastructure,6,542.73,3256.38,980.4,2275.98,69.89
ORD-2025-10469,2025-09-29,"Dell UltraSharp 27"" 4K Monitor",Technology,North,Michael Chang,Vanguard Financial Solutions,12,538.5,6462.0,4277.64,2184.36,33.8
ORD-2026-11025,2025-09-29,Automated CRM Collaboration Seat,Enterprise Software,North,Michael Chang,Cascade BioSciences,8,760.6,6084.8,2465.92,3618.88,59.47
ORD-2026-11058,2025-09-29,Premium Recycled Copy Paper (Carton),Office Supplies,Central,Jessica Taylor,Vanguard Financial Solutions,2,44.91,89.82,59.7,30.12,33.53
ORD-2024-11167,2025-09-30,Acoustic Fabric Office Partition,Furniture,West,Robert Martinez,Evergreen Renewable Energy,10,262.36,2623.6,2661.7,-38.1,-1.45
ORD-2024-10189,2025-09-30,Electric Dual-Motor Standing Desk,Furniture,North,Michael Chang,Evergreen Renewable Energy,3,692.07,2076.21,1399.41,676.8,32.6
ORD-2026-12240,2025-09-30,Anker 10-in-1 USB-C Docking Hub,Technology,East,James Wilson,Silverline Manufacturing,12,125.87,1510.44,743.28,767.16,50.79
ORD-2025-10268,2025-09-30,"Dell UltraSharp 27"" 4K Monitor",Technology,Central,Jessica Taylor,Vanguard Financial Solutions,3,559.59,1678.77,1147.65,531.12,31.64
ORD-2024-11992,2025-10-01,ThinkPad X1 Carbon Laptop,Technology,West,Priya Sharma,Zenith Dynamics Ltd,5,1549.24,7746.2,5195.4,2550.8,32.93
ORD-2024-11173,2025-10-01,Heavy-Duty Cross-Cut Paper Shredder,Office Supplies,Central,Jessica Taylor,Bluebird Creative Labs,12,165.97,1991.64,1190.4,801.24,40.23
ORD-2026-12492,2025-10-02,Steel Storage Lateral Filing Cabinet,Furniture,West,Robert Martinez,Metro Education Foundation,1,343.73,343.73,264.28,79.45,23.11
ORD-2025-10001,2025-10-02,High-Yield Toner Cartridge Pack,Office Supplies,North,Sarah Jenkins,Acme Global Technologies,2,118.12,236.24,120.2,116.04,49.12
ORD-2025-10694,2025-10-02,Logitech MX Master 3S Mouse,Technology,West,Priya Sharma,Cascade BioSciences,6,104.97,629.82,347.76,282.06,44.78
ORD-2024-10780,2025-10-02,Logitech MX Master 3S Mouse,Technology,East,James Wilson,Silverline Manufacturing,3,91.54,274.62,284.34,-9.72,-3.54
ORD-2026-10959,2025-10-03,HP LaserJet Pro Multi-function Printer,Office Supplies,North,Sarah Jenkins,Silverline Manufacturing,9,449.89,4049.01,3084.66,964.35,23.82
ORD-2025-11531,2025-10-03,Electric Dual-Motor Standing Desk,Furniture,North,Michael Chang,Summit Media Works,8,666.33,5330.64,3930.0,1400.64,26.28
ORD-2026-10965,2025-10-04,Herman Miller Ergonomic Chair,Furniture,East,James Wilson,Acme Global Technologies,2,1185.3,2370.6,1686.52,684.08,28.86
ORD-2026-11763,2025-10-04,Premium Recycled Copy Paper (Carton),Office Supplies,East,Emily Watson,Summit Media Works,14,48.99,685.86,411.32,274.54,40.03
ORD-2025-10439,2025-10-04,Herman Miller Ergonomic Chair,Furniture,South,David Rodriguez,Apollo Industrial Equipment,3,1157.0,3471.0,2641.98,829.02,23.88
ORD-2024-11557,2025-10-04,Herman Miller Ergonomic Chair,Furniture,East,James Wilson,Bluebird Creative Labs,2,1089.82,2179.64,1762.94,416.7,19.12
ORD-2025-11024,2025-10-04,Herman Miller Ergonomic Chair,Furniture,West,Priya Sharma,Cascade BioSciences,3,1207.25,3621.75,2907.66,714.09,19.72
ORD-2024-10777,2025-10-04,Anker 10-in-1 USB-C Docking Hub,Technology,West,Priya Sharma,Horizon Retail Partners,11,126.88,1395.68,755.26,640.42,45.89
ORD-2026-11928,2025-10-05,Herman Miller Ergonomic Chair,Furniture,South,David Rodriguez,Beacon Legal Consulting,9,1225.34,11028.06,8063.01,2965.05,26.89
ORD-2024-10966,2025-10-05,Automated CRM Collaboration Seat,Enterprise Software,West,Priya Sharma,Beacon Legal Consulting,2,733.2,1466.4,1427.18,39.22,2.67
ORD-2026-10602,2025-10-05,"Dell UltraSharp 27"" 4K Monitor",Technology,North,Michael Chang,Summit Media Works,12,555.64,6667.68,4272.96,2394.72,35.92
ORD-2024-11035,2025-10-05,Acoustic Fabric Office Partition,Furniture,East,James Wilson,Cascade BioSciences,5,241.86,1209.3,829.25,380.05,31.43
ORD-2026-11709,2025-10-06,Magnetic Glass Dry-Erase Board,Office Supplies,East,Emily Watson,Beacon Legal Consulting,5,204.98,1024.9,605.7,419.2,40.9
ORD-2026-10659,2025-10-06,Sony WH-1000XM5 Headphones,Technology,Central,Daniel Kim,Bluebird Creative Labs,11,407.04,4477.44,2767.49,1709.95,38.19
ORD-2024-12451,2025-10-06,"Dell UltraSharp 27"" 4K Monitor",Technology,South,Amina Patel,Horizon Retail Partners,10,563.9,5639.0,3710.2,1928.8,34.2
ORD-2024-10702,2025-10-07,High-Yield Toner Cartridge Pack,Office Supplies,East,Emily Watson,Horizon Retail Partners,4,133.3,533.2,265.48,267.72,50.21
ORD-2026-12090,2025-10-07,Electric Dual-Motor Standing Desk,Furniture,Central,Jessica Taylor,Beacon Legal Consulting,10,703.91,7039.1,4869.9,2169.2,30.82
ORD-2026-11946,2025-10-07,"Dell UltraSharp 27"" 4K Monitor",Technology,West,Robert Martinez,Apollo Industrial Equipment,10,588.16,5881.6,4164.9,1716.7,29.19
ORD-2024-11254,2025-10-07,HP LaserJet Pro Multi-function Printer,Office Supplies,North,Michael Chang,Pinnacle Healthcare Systems,4,439.39,1757.56,1330.2,427.36,24.32
ORD-2024-12454,2025-10-08,Anker 10-in-1 USB-C Docking Hub,Technology,West,Priya Sharma,Metro Education Foundation,6,134.36,806.16,453.18,352.98,43.79
ORD-2024-11785,2025-10-08,Steel Storage Lateral Filing Cabinet,Furniture,Central,Jessica Taylor,Nexus Logistics Group,3,357.36,1072.08,1112.37,-40.29,-3.76
ORD-2025-11051,2025-10-08,Automated CRM Collaboration Seat,Enterprise Software,West,Robert Martinez,Pinnacle Healthcare Systems,6,737.99,4427.94,1556.88,2871.06,64.84
ORD-2025-10697,2025-10-09,"Dell UltraSharp 27"" 4K Monitor",Technology,East,Emily Watson,Cascade BioSciences,8,609.65,4877.2,3542.24,1334.96,27.37
ORD-2025-11126,2025-10-09,Heavy-Duty Cross-Cut Paper Shredder,Office Supplies,South,David Rodriguez,Nexus Logistics Group,16,171.78,2748.48,1679.2,1069.28,38.9
ORD-2024-10150,2025-10-09,Magnetic Glass Dry-Erase Board,Office Supplies,West,Priya Sharma,Summit Media Works,15,219.29,3289.35,1977.45,1311.9,39.88
ORD-2024-10096,2025-10-09,Cloud Analytics Pro License (Annual),Enterprise Software,East,James Wilson,Zenith Dynamics Ltd,7,1221.4,8549.8,2356.55,6193.25,72.44
ORD-2024-10894,2025-10-10,Keychron Q3 Mechanical Keyboard,Technology,Central,Daniel Kim,Pinnacle Healthcare Systems,1,164.35,164.35,89.41,74.94,45.6
ORD-2026-12165,2025-10-10,Sony WH-1000XM5 Headphones,Technology,North,Michael Chang,Apollo Industrial Equipment,10,392.73,3927.3,2791.5,1135.8,28.92
ORD-2025-11441,2025-10-10,Steel Storage Lateral Filing Cabinet,Furniture,West,Robert Martinez,Titan Cloud Infrastructure,9,346.71,3120.39,2016.0,1104.39,35.39
ORD-2025-11456,2025-10-10,Electric Dual-Motor Standing Desk,Furniture,North,Sarah Jenkins,Horizon Retail Partners,4,694.01,2776.04,1964.44,811.6,29.24
ORD-2024-12457,2025-10-10,Cloud Analytics Pro License (Annual),Enterprise Software,East,Emily Watson,Beacon Legal Consulting,8,1160.33,9282.64,2323.28,6959.36,74.97
ORD-2024-11347,2025-10-10,Automated CRM Collaboration Seat,Enterprise Software,East,Emily Watson,Vanguard Financial Solutions,6,742.19,4453.14,1536.12,2917.02,65.5
ORD-2025-11816,2025-10-10,Logitech MX Master 3S Mouse,Technology,West,Priya Sharma,Titan Cloud Infrastructure,3,103.54,310.62,188.28,122.34,39.39
ORD-2025-10427,2025-10-11,Magnetic Glass Dry-Erase Board,Office Supplies,East,James Wilson,Evergreen Renewable Energy,7,209.61,1467.27,853.16,614.11,41.85
ORD-2025-12128,2025-10-11,Anker 10-in-1 USB-C Docking Hub,Technology,North,Michael Chang,Beacon Legal Consulting,7,125.17,876.19,535.22,340.97,38.92
ORD-2024-10099,2025-10-11,Logitech MX Master 3S Mouse,Technology,North,Michael Chang,Evergreen Renewable Energy,3,96.36,289.08,172.59,116.49,40.3
ORD-2025-10301,2025-10-12,Cloud Data Backup & Recovery License,Enterprise Software,Central,Jessica Taylor,Zenith Dynamics Ltd,7,509.66,3567.62,1016.47,2551.15,71.51
ORD-2024-10666,2025-10-12,"Dell UltraSharp 27"" 4K Monitor",Technology,East,Emily Watson,Summit Media Works,12,570.21,6842.52,4757.16,2085.36,30.48
ORD-2025-11867,2025-10-12,HP LaserJet Pro Multi-function Printer,Office Supplies,East,Emily Watson,Nexus Logistics Group,15,448.47,6727.05,4978.65,1748.4,25.99
ORD-2025-12044,2025-10-12,Heavy-Duty Cross-Cut Paper Shredder,Office Supplies,East,Emily Watson,Bluebird Creative Labs,9,164.69,1482.21,918.45,563.76,38.04
ORD-2025-11705,2025-10-13,Anker 10-in-1 USB-C Docking Hub,Technology,North,Michael Chang,Pinnacle Healthcare Systems,11,124.73,1372.03,711.92,660.11,48.11
ORD-2025-11561,2025-10-13,Cybersecurity Endpoint Protection Suite,Enterprise Software,East,Emily Watson,Vanguard Financial Solutions,5,886.87,4434.35,1242.0,3192.35,71.99
ORD-2026-10500,2025-10-13,Cloud Analytics Pro License (Annual),Enterprise Software,North,Michael Chang,Apollo Industrial Equipment,8,1283.41,10267.28,3648.24,6619.04,64.47
ORD-2025-11954,2025-10-13,Samsung 2TB Portable NVMe SSD,Technology,West,Priya Sharma,Titan Cloud Infrastructure,4,197.9,791.6,461.48,330.12,41.7
ORD-2025-10934,2025-10-14,Sony WH-1000XM5 Headphones,Technology,East,James Wilson,Cascade BioSciences,9,373.58,3362.22,1917.63,1444.59,42.97
ORD-2024-10879,2025-10-14,Electric Dual-Motor Standing Desk,Furniture,North,Sarah Jenkins,Pinnacle Healthcare Systems,1,683.7,683.7,498.55,185.15,27.08
ORD-2024-11464,2025-10-14,Sony WH-1000XM5 Headphones,Technology,North,Michael Chang,Summit Media Works,6,357.44,2144.64,1408.98,735.66,34.3
ORD-2025-11642,2025-10-14,"Dell UltraSharp 27"" 4K Monitor",Technology,East,James Wilson,Titan Cloud Infrastructure,9,578.24,5204.16,3640.23,1563.93,30.05
ORD-2026-12105,2025-10-15,Cybersecurity Endpoint Protection Suite,Enterprise Software,North,Sarah Jenkins,Metro Education Foundation,7,874.64,6122.48,1772.75,4349.73,71.05
ORD-2026-12435,2025-10-16,Executive Teakwood Conference Table,Furniture,West,Priya Sharma,Vanguard Financial Solutions,2,1731.1,3462.2,2655.28,806.92,23.31
ORD-2024-11635,2025-10-16,Heavy-Duty Cross-Cut Paper Shredder,Office Supplies,East,James Wilson,Zenith Dynamics Ltd,17,166.24,2826.08,1909.95,916.13,32.42
ORD-2025-10901,2025-10-16,Magnetic Glass Dry-Erase Board,Office Supplies,Central,Daniel Kim,Zenith Dynamics Ltd,9,198.53,1786.77,1141.83,644.94,36.1
ORD-2025-12122,2025-10-16,Acoustic Fabric Office Partition,Furniture,North,Michael Chang,Titan Cloud Infrastructure,4,242.94,971.76,590.6,381.16,39.22
ORD-2024-11875,2025-10-17,Premium Recycled Copy Paper (Carton),Office Supplies,West,Priya Sharma,Metro Education Foundation,10,45.9,459.0,317.5,141.5,30.83
ORD-2024-11593,2025-10-17,Cybersecurity Endpoint Protection Suite,Enterprise Software,Central,Jessica Taylor,Evergreen Renewable Energy,5,981.71,4908.55,1467.05,3441.5,70.11
ORD-2025-11771,2025-10-17,Anker 10-in-1 USB-C Docking Hub,Technology,North,Michael Chang,Beacon Legal Consulting,11,121.27,1333.97,748.55,585.42,43.89
ORD-2024-11182,2025-10-17,ThinkPad X1 Carbon Laptop,Technology,South,Amina Patel,Nexus Logistics Group,12,1472.12,17665.44,13485.72,4179.72,23.66
ORD-2024-10204,2025-10-17,Electric Dual-Motor Standing Desk,Furniture,South,David Rodriguez,Acme Global Technologies,2,634.4,1268.8,897.2,371.6,29.29
ORD-2026-10155,2025-10-17,Anker 10-in-1 USB-C Docking Hub,Technology,Central,Jessica Taylor,Nexus Logistics Group,10,122.56,1225.6,556.3,669.3,54.61
ORD-2025-10832,2025-10-17,Keychron Q3 Mechanical Keyboard,Technology,East,James Wilson,Vanguard Financial Solutions,9,163.07,1467.63,882.0,585.63,39.9
ORD-2026-11043,2025-10-17,Anker 10-in-1 USB-C Docking Hub,Technology,Central,Jessica Taylor,Summit Media Works,5,131.16,655.8,374.2,281.6,42.94
ORD-2024-11401,2025-10-18,"Dell UltraSharp 27"" 4K Monitor",Technology,West,Priya Sharma,Horizon Retail Partners,2,582.81,1165.62,840.9,324.72,27.86
ORD-2026-12453,2025-10-18,Anker 10-in-1 USB-C Docking Hub,Technology,West,Robert Martinez,Vanguard Financial Solutions,10,131.66,1316.6,646.4,670.2,50.9
ORD-2025-11285,2025-10-18,Herman Miller Ergonomic Chair,Furniture,West,Priya Sharma,Cascade BioSciences,9,1138.12,10243.08,7759.8,2483.28,24.24
ORD-2026-10203,2025-10-18,Anker 10-in-1 USB-C Docking Hub,Technology,West,Robert Martinez,Metro Education Foundation,6,123.94,743.64,422.04,321.6,43.25
ORD-2024-11845,2025-10-19,Keychron Q3 Mechanical Keyboard,Technology,East,James Wilson,Nexus Logistics Group,8,162.21,1297.68,800.4,497.28,38.32
ORD-2024-11683,2025-10-19,HP LaserJet Pro Multi-function Printer,Office Supplies,Central,Daniel Kim,Zenith Dynamics Ltd,14,431.99,6047.86,4531.38,1516.48,25.07
ORD-2026-10044,2025-10-19,Cloud Data Backup & Recovery License,Enterprise Software,North,Michael Chang,Summit Media Works,5,534.28,2671.4,901.05,1770.35,66.27
ORD-2026-10971,2025-10-19,Automated CRM Collaboration Seat,Enterprise Software,North,Michael Chang,Vanguard Financial Solutions,1,707.8,707.8,273.03,434.77,61.43
ORD-2026-10026,2025-10-19,Premium Recycled Copy Paper (Carton),Office Supplies,North,Sarah Jenkins,Horizon Retail Partners,13,48.37,628.81,426.66,202.15,32.15
ORD-2026-10650,2025-10-20,Steel Storage Lateral Filing Cabinet,Furniture,East,James Wilson,Titan Cloud Infrastructure,10,333.8,3338.0,2438.9,899.1,26.94
ORD-2025-11687,2025-10-20,Keychron Q3 Mechanical Keyboard,Technology,West,Robert Martinez,Beacon Legal Consulting,5,180.52,902.6,536.15,366.45,40.6
ORD-2026-12039,2025-10-21,Logitech MX Master 3S Mouse,Technology,East,Emily Watson,Titan Cloud Infrastructure,12,91.17,1094.04,660.84,433.2,39.6
ORD-2024-10759,2025-10-21,Cloud Analytics Pro License (Annual),Enterprise Software,East,Emily Watson,Pinnacle Healthcare Systems,2,1113.66,2227.32,683.98,1543.34,69.29
ORD-2024-11419,2025-10-21,Anker 10-in-1 USB-C Docking Hub,Technology,West,Robert Martinez,Horizon Retail Partners,12,128.21,1538.52,810.96,727.56,47.29
ORD-2025-12062,2025-10-21,Executive Teakwood Conference Table,Furniture,East,Emily Watson,Silverline Manufacturing,10,1900.99,19009.9,14411.4,4598.5,24.19
ORD-2025-10088,2025-10-21,Premium Recycled Copy Paper (Carton),Office Supplies,West,Robert Martinez,Pinnacle Healthcare Systems,9,49.27,443.43,295.92,147.51,33.27
ORD-2025-12428,2025-10-21,ThinkPad X1 Carbon Laptop,Technology,West,Priya Sharma,Cascade BioSciences,7,1396.9,9778.3,6858.32,2919.98,29.86
ORD-2025-12344,2025-10-22,ThinkPad X1 Carbon Laptop,Technology,South,David Rodriguez,Metro Education Foundation,4,1345.83,5383.32,3670.96,1712.36,31.81
ORD-2024-11002,2025-10-22,Cybersecurity Endpoint Protection Suite,Enterprise Software,East,Emily Watson,Nexus Logistics Group,1,999.22,999.22,341.76,657.46,65.8
ORD-2025-11849,2025-10-22,ThinkPad X1 Carbon Laptop,Technology,East,Emily Watson,Acme Global Technologies,11,1469.26,16161.86,11362.67,4799.19,29.69
ORD-2024-11191,2025-10-23,Cybersecurity Endpoint Protection Suite,Enterprise Software,North,Sarah Jenkins,Acme Global Technologies,8,987.01,7896.08,2163.76,5732.32,72.6
ORD-2024-11602,2025-10-24,Cloud Data Backup & Recovery License,Enterprise Software,East,Emily Watson,Summit Media Works,2,576.95,1153.9,404.96,748.94,64.91
ORD-2024-12484,2025-10-24,"Dell UltraSharp 27"" 4K Monitor",Technology,West,Priya Sharma,Metro Education Foundation,4,557.37,2229.48,1577.48,652.0,29.24
ORD-2024-11467,2025-10-24,Herman Miller Ergonomic Chair,Furniture,South,David Rodriguez,Silverline Manufacturing,2,1094.1,2188.2,1814.36,373.84,17.08
ORD-2026-11475,2025-10-24,Acoustic Fabric Office Partition,Furniture,Central,Jessica Taylor,Pinnacle Healthcare Systems,10,257.48,2574.8,1897.2,677.6,26.32
ORD-2024-11548,2025-10-24,Anker 10-in-1 USB-C Docking Hub,Technology,North,Michael Chang,Nexus Logistics Group,9,122.84,1105.56,547.2,558.36,50.5
ORD-2025-11255,2025-10-24,"Dell UltraSharp 27"" 4K Monitor",Technology,Central,Jessica Taylor,Bluebird Creative Labs,1,606.36,606.36,420.69,185.67,30.62
ORD-2026-12378,2025-10-24,Samsung 2TB Portable NVMe SSD,Technology,North,Michael Chang,Acme Global Technologies,7,184.76,1293.32,995.47,297.85,23.03
ORD-2026-10539,2025-10-25,Executive Teakwood Conference Table,Furniture,East,Emily Watson,Silverline Manufacturing,9,1934.18,17407.62,12613.86,4793.76,27.54
ORD-2026-10674,2025-10-25,Logitech MX Master 3S Mouse,Technology,South,David Rodriguez,Beacon Legal Consulting,5,95.31,476.55,262.45,214.1,44.93
ORD-2025-12359,2025-10-26,ThinkPad X1 Carbon Laptop,Technology,North,Michael Chang,Beacon Legal Consulting,10,1426.0,14260.0,10268.9,3991.1,27.99
ORD-2026-10173,2025-10-26,ThinkPad X1 Carbon Laptop,Technology,North,Sarah Jenkins,Evergreen Renewable Energy,11,1368.42,15052.62,10286.21,4766.41,31.66
ORD-2026-10092,2025-10-26,Logitech MX Master 3S Mouse,Technology,South,David Rodriguez,Beacon Legal Consulting,2,95.02,190.04,98.74,91.3,48.04
ORD-2026-10368,2025-10-26,Cybersecurity Endpoint Protection Suite,Enterprise Software,South,Amina Patel,Beacon Legal Consulting,4,985.37,3941.48,1474.52,2466.96,62.59
ORD-2026-10635,2025-10-27,Electric Dual-Motor Standing Desk,Furniture,East,James Wilson,Nexus Logistics Group,10,636.43,6364.3,4688.0,1676.3,26.34
ORD-2026-11370,2025-10-27,Premium Recycled Copy Paper (Carton),Office Supplies,South,David Rodriguez,Titan Cloud Infrastructure,2,48.26,96.52,63.02,33.5,34.71
ORD-2026-12135,2025-10-27,Premium Recycled Copy Paper (Carton),Office Supplies,East,Emily Watson,Silverline Manufacturing,6,46.03,276.18,200.16,76.02,27.53
ORD-2024-11131,2025-10-28,High-Yield Toner Cartridge Pack,Office Supplies,South,Amina Patel,Vanguard Financial Solutions,19,125.74,2389.06,2381.27,7.79,0.33
ORD-2026-11373,2025-10-28,Samsung 2TB Portable NVMe SSD,Technology,South,Amina Patel,Beacon Legal Consulting,11,200.19,2202.09,1651.1,550.99,25.02
ORD-2024-12280,2025-10-28,Steel Storage Lateral Filing Cabinet,Furniture,East,James Wilson,Silverline Manufacturing,3,330.49,991.47,651.69,339.78,34.27
ORD-2026-10197,2025-10-29,Samsung 2TB Portable NVMe SSD,Technology,South,Amina Patel,Beacon Legal Consulting,8,184.92,1479.36,994.4,484.96,32.78
ORD-2024-11260,2025-10-29,Cloud Analytics Pro License (Annual),Enterprise Software,East,James Wilson,Silverline Manufacturing,1,1271.69,1271.69,343.42,928.27,72.99
ORD-2025-12410,2025-10-29,Automated CRM Collaboration Seat,Enterprise Software,North,Michael Chang,Pinnacle Healthcare Systems,8,720.35,5762.8,2346.08,3416.72,59.29
ORD-2024-11281,2025-10-30,Magnetic Glass Dry-Erase Board,Office Supplies,South,David Rodriguez,Apollo Industrial Equipment,9,202.85,1825.65,935.73,889.92,48.75
ORD-2025-11246,2025-10-31,Cloud Data Backup & Recovery License,Enterprise Software,West,Priya Sharma,Beacon Legal Consulting,4,564.53,2258.12,573.36,1684.76,74.61
ORD-2026-12369,2025-10-31,Sony WH-1000XM5 Headphones,Technology,West,Robert Martinez,Silverline Manufacturing,2,404.13,808.26,544.98,263.28,32.57
ORD-2024-11524,2025-10-31,Sony WH-1000XM5 Headphones,Technology,East,James Wilson,Pinnacle Healthcare Systems,9,358.75,3228.75,1843.74,1385.01,42.9
ORD-2025-11516,2025-10-31,Executive Teakwood Conference Table,Furniture,West,Robert Martinez,Summit Media Works,6,1931.0,11586.0,9091.74,2494.26,21.53
ORD-2025-11627,2025-11-02,Heavy-Duty Cross-Cut Paper Shredder,Office Supplies,West,Robert Martinez,Silverline Manufacturing,10,155.32,1553.2,1038.6,514.6,33.13
ORD-2025-10475,2025-11-02,Logitech MX Master 3S Mouse,Technology,Central,Daniel Kim,Bluebird Creative Labs,11,101.56,1117.16,657.58,459.58,41.14
ORD-2025-10352,2025-11-02,Steel Storage Lateral Filing Cabinet,Furniture,West,Priya Sharma,Evergreen Renewable Energy,1,348.41,348.41,230.54,117.87,33.83
ORD-2026-11169,2025-11-02,Herman Miller Ergonomic Chair,Furniture,East,James Wilson,Beacon Legal Consulting,2,1190.54,2381.08,2012.4,368.68,15.48
ORD-2025-10856,2025-11-03,Keychron Q3 Mechanical Keyboard,Technology,West,Robert Martinez,Beacon Legal Consulting,2,161.56,323.12,195.36,127.76,39.54
ORD-2025-11153,2025-11-03,Electric Dual-Motor Standing Desk,Furniture,East,Emily Watson,Evergreen Renewable Energy,7,685.35,4797.45,3304.07,1493.38,31.13
ORD-2024-10678,2025-11-03,Samsung 2TB Portable NVMe SSD,Technology,South,Amina Patel,Cascade BioSciences,9,189.22,1702.98,1236.06,466.92,27.42
ORD-2026-11034,2025-11-03,Logitech MX Master 3S Mouse,Technology,South,David Rodriguez,Apollo Industrial Equipment,9,94.69,852.21,518.31,333.9,39.18
ORD-2026-12036,2025-11-03,High-Yield Toner Cartridge Pack,Office Supplies,East,Emily Watson,Zenith Dynamics Ltd,2,131.54,263.08,137.06,126.02,47.9
ORD-2024-10960,2025-11-04,Cybersecurity Endpoint Protection Suite,Enterprise Software,East,Emily Watson,Vanguard Financial Solutions,5,907.34,4536.7,4494.15,42.55,0.94
ORD-2026-11238,2025-11-04,Herman Miller Ergonomic Chair,Furniture,East,Emily Watson,Apollo Industrial Equipment,10,1189.78,11897.8,8213.4,3684.4,30.97
ORD-2025-10793,2025-11-04,Sony WH-1000XM5 Headphones,Technology,West,Priya Sharma,Vanguard Financial Solutions,4,406.83,1627.32,999.84,627.48,38.56
ORD-2024-11509,2025-11-05,High-Yield Toner Cartridge Pack,Office Supplies,Central,Jessica Taylor,Silverline Manufacturing,6,126.79,760.74,389.4,371.34,48.81
ORD-2026-11880,2025-11-05,Heavy-Duty Cross-Cut Paper Shredder,Office Supplies,East,James Wilson,Metro Education Foundation,11,151.98,1671.78,995.61,676.17,40.45
ORD-2026-11439,2025-11-05,ThinkPad X1 Carbon Laptop,Technology,North,Michael Chang,Evergreen Renewable Energy,3,1534.6,4603.8,2804.94,1798.86,39.07
ORD-2024-12430,2025-11-05,Keychron Q3 Mechanical Keyboard,Technology,North,Michael Chang,Silverline Manufacturing,2,165.41,330.82,216.68,114.14,34.5
ORD-2026-11691,2025-11-06,Automated CRM Collaboration Seat,Enterprise Software,South,David Rodriguez,Apollo Industrial Equipment,4,676.6,2706.4,1052.76,1653.64,61.1
ORD-2025-12443,2025-11-06,Heavy-Duty Cross-Cut Paper Shredder,Office Supplies,East,James Wilson,Horizon Retail Partners,4,160.57,642.28,403.0,239.28,37.25
ORD-2025-10058,2025-11-06,Herman Miller Ergonomic Chair,Furniture,West,Priya Sharma,Apollo Industrial Equipment,2,1099.14,2198.28,1613.38,584.9,26.61
ORD-2024-10912,2025-11-07,Cybersecurity Endpoint Protection Suite,Enterprise Software,North,Michael Chang,Silverline Manufacturing,1,1010.05,1010.05,311.46,698.59,69.16
ORD-2025-12377,2025-11-07,Steel Storage Lateral Filing Cabinet,Furniture,Central,Daniel Kim,Silverline Manufacturing,5,342.1,1710.5,1409.05,301.45,17.62
ORD-2025-10892,2025-11-07,Cybersecurity Endpoint Protection Suite,Enterprise Software,Central,Jessica Taylor,Vanguard Financial Solutions,3,911.2,2733.6,918.48,1815.12,66.4
ORD-2026-11490,2025-11-07,Samsung 2TB Portable NVMe SSD,Technology,East,Emily Watson,Zenith Dynamics Ltd,12,180.13,2161.56,1420.44,741.12,34.29
ORD-2025-10937,2025-11-07,Cloud Data Backup & Recovery License,Enterprise Software,North,Michael Chang,Horizon Retail Partners,7,550.78,3855.46,4073.44,-217.98,-5.65
ORD-2026-12360,2025-11-08,Keychron Q3 Mechanical Keyboard,Technology,East,Emily Watson,Apollo Industrial Equipment,2,172.66,345.32,212.82,132.5,38.37
ORD-2025-10163,2025-11-08,Cybersecurity Endpoint Protection Suite,Enterprise Software,West,Priya Sharma,Bluebird Creative Labs,4,986.89,3947.56,1526.68,2420.88,61.33
ORD-2026-10404,2025-11-08,Steel Storage Lateral Filing Cabinet,Furniture,West,Robert Martinez,Nexus Logistics Group,10,336.38,3363.8,2326.2,1037.6,30.85
ORD-2025-10346,2025-11-09,Acoustic Fabric Office Partition,Furniture,East,James Wilson,Apollo Industrial Equipment,5,254.06,1270.3,843.45,426.85,33.6
ORD-2026-12030,2025-11-09,Cloud Analytics Pro License (Annual),Enterprise Software,East,Emily Watson,Silverline Manufacturing,6,1261.03,7566.18,1806.96,5759.22,76.12
ORD-2024-10723,2025-11-09,Cloud Data Backup & Recovery License,Enterprise Software,East,James Wilson,Pinnacle Healthcare Systems,2,497.44,994.88,310.78,684.1,68.76
ORD-2026-12009,2025-11-10,Cloud Data Backup & Recovery License,Enterprise Software,West,Robert Martinez,Bluebird Creative Labs,6,564.08,3384.48,1288.56,2095.92,61.93
ORD-2025-12146,2025-11-10,Magnetic Glass Dry-Erase Board,Office Supplies,South,Amina Patel,Nexus Logistics Group,2,224.14,448.28,269.6,178.68,39.86
ORD-2024-10135,2025-11-10,Steel Storage Lateral Filing Cabinet,Furniture,West,Robert Martinez,Silverline Manufacturing,8,327.25,2618.0,1775.68,842.32,32.17
ORD-2025-11105,2025-11-11,HP LaserJet Pro Multi-function Printer,Office Supplies,North,Sarah Jenkins,Acme Global Technologies,9,409.27,3683.43,2616.21,1067.22,28.97
ORD-2024-10906,2025-11-13,Heavy-Duty Cross-Cut Paper Shredder,Office Supplies,South,Amina Patel,Vanguard Financial Solutions,2,153.19,306.38,300.42,5.96,1.95
ORD-2025-11447,2025-11-13,Sony WH-1000XM5 Headphones,Technology,West,Priya Sharma,Silverline Manufacturing,7,402.5,2817.5,2018.1,799.4,28.37
ORD-2025-10055,2025-11-14,Heavy-Duty Cross-Cut Paper Shredder,Office Supplies,West,Robert Martinez,Beacon Legal Consulting,3,165.28,495.84,327.39,168.45,33.97
ORD-2026-11982,2025-11-14,Magnetic Glass Dry-Erase Board,Office Supplies,East,James Wilson,Acme Global Technologies,20,194.74,3894.8,2053.8,1841.0,47.27
ORD-2024-10075,2025-11-14,Logitech MX Master 3S Mouse,Technology,South,Amina Patel,Summit Media Works,1,98.41,98.41,66.14,32.27,32.79
ORD-2025-10223,2025-11-14,Executive Teakwood Conference Table,Furniture,South,Amina Patel,Nexus Logistics Group,3,1976.71,5930.13,4371.09,1559.04,26.29
ORD-2024-10234,2025-11-14,Logitech MX Master 3S Mouse,Technology,East,Emily Watson,Beacon Legal Consulting,11,92.11,1013.21,621.5,391.71,38.66
ORD-2024-10387,2025-11-14,Steel Storage Lateral Filing Cabinet,Furniture,Central,Daniel Kim,Pinnacle Healthcare Systems,10,318.53,3185.3,2229.2,956.1,30.02
ORD-2024-11413,2025-11-15,Automated CRM Collaboration Seat,Enterprise Software,East,Emily Watson,Apollo Industrial Equipment,4,760.88,3043.52,892.64,2150.88,70.67
ORD-2026-11211,2025-11-15,Herman Miller Ergonomic Chair,Furniture,North,Michael Chang,Summit Media Works,5,1161.14,5805.7,4303.5,1502.2,25.87
ORD-2026-11064,2025-11-16,Herman Miller Ergonomic Chair,Furniture,East,Emily Watson,Cascade BioSciences,3,1188.09,3564.27,2750.7,813.57,22.83
ORD-2025-11735,2025-11-16,Cloud Analytics Pro License (Annual),Enterprise Software,South,David Rodriguez,Zenith Dynamics Ltd,7,1272.04,8904.28,2592.94,6311.34,70.88
ORD-2025-10928,2025-11-16,Premium Recycled Copy Paper (Carton),Office Supplies,East,Emily Watson,Metro Education Foundation,12,48.37,580.44,385.44,195.0,33.6
ORD-2026-11172,2025-11-18,Automated CRM Collaboration Seat,Enterprise Software,North,Sarah Jenkins,Apollo Industrial Equipment,1,679.18,679.18,295.31,383.87,56.52
ORD-2024-11944,2025-11-18,Herman Miller Ergonomic Chair,Furniture,North,Michael Chang,Apollo Industrial Equipment,4,1099.1,4396.4,3296.72,1099.68,25.01
ORD-2024-11332,2025-11-18,Sony WH-1000XM5 Headphones,Technology,West,Priya Sharma,Pinnacle Healthcare Systems,1,366.66,366.66,212.42,154.24,42.07
ORD-2026-11631,2025-11-21,Samsung 2TB Portable NVMe SSD,Technology,East,Emily Watson,Acme Global Technologies,1,202.99,202.99,141.91,61.08,30.09
ORD-2024-11797,2025-11-21,Heavy-Duty Cross-Cut Paper Shredder,Office Supplies,Central,Daniel Kim,Pinnacle Healthcare Systems,16,156.71,2507.36,1706.24,801.12,31.95
ORD-2024-12145,2025-11-22,Steel Storage Lateral Filing Cabinet,Furniture,North,Sarah Jenkins,Nexus Logistics Group,1,362.95,362.95,354.59,8.36,2.3
ORD-2024-11218,2025-11-22,Sony WH-1000XM5 Headphones,Technology,East,Emily Watson,Titan Cloud Infrastructure,8,406.66,3253.28,2150.56,1102.72,33.9
ORD-2024-10390,2025-11-22,Cybersecurity Endpoint Protection Suite,Enterprise Software,West,Robert Martinez,Acme Global Technologies,3,993.97,2981.91,888.75,2093.16,70.2
ORD-2026-10272,2025-11-23,Steel Storage Lateral Filing Cabinet,Furniture,North,Sarah Jenkins,Evergreen Renewable Energy,6,344.5,2067.0,1460.88,606.12,29.32
ORD-2026-12234,2025-11-23,Cybersecurity Endpoint Protection Suite,Enterprise Software,East,Emily Watson,Vanguard Financial Solutions,4,881.93,3527.72,1087.08,2440.64,69.18
ORD-2024-11761,2025-11-24,Anker 10-in-1 USB-C Docking Hub,Technology,East,Emily Watson,Titan Cloud Infrastructure,1,138.88,138.88,80.41,58.47,42.1
ORD-2024-10816,2025-11-24,Acoustic Fabric Office Partition,Furniture,East,James Wilson,Horizon Retail Partners,2,269.38,538.76,365.82,172.94,32.1
ORD-2026-11913,2025-11-24,Logitech MX Master 3S Mouse,Technology,West,Robert Martinez,Vanguard Financial Solutions,8,92.8,742.4,466.16,276.24,37.21
ORD-2026-11964,2025-11-25,Executive Teakwood Conference Table,Furniture,North,Michael Chang,Titan Cloud Infrastructure,5,1967.05,9835.25,7166.45,2668.8,27.14
ORD-2024-10789,2025-11-25,Acoustic Fabric Office Partition,Furniture,Central,Jessica Taylor,Pinnacle Healthcare Systems,2,250.76,501.52,377.64,123.88,24.7
ORD-2024-12271,2025-11-25,Keychron Q3 Mechanical Keyboard,Technology,East,James Wilson,Nexus Logistics Group,6,179.83,1078.98,754.56,324.42,30.07
ORD-2026-12357,2025-11-25,Automated CRM Collaboration Seat,Enterprise Software,South,Amina Patel,Cascade BioSciences,1,761.2,761.2,326.07,435.13,57.16
ORD-2025-11435,2025-11-26,Cybersecurity Endpoint Protection Suite,Enterprise Software,South,David Rodriguez,Bluebird Creative Labs,3,973.33,2919.99,941.04,1978.95,67.77
ORD-2025-10628,2025-11-26,Cloud Data Backup & Recovery License,Enterprise Software,Central,Jessica Taylor,Titan Cloud Infrastructure,5,541.56,2707.8,960.4,1747.4,64.53
ORD-2025-12050,2025-11-26,Samsung 2TB Portable NVMe SSD,Technology,North,Sarah Jenkins,Nexus Logistics Group,3,199.37,598.11,448.02,150.09,25.09
ORD-2024-10429,2025-11-27,Samsung 2TB Portable NVMe SSD,Technology,West,Robert Martinez,Apollo Industrial Equipment,2,201.64,403.28,284.7,118.58,29.4
ORD-2025-10541,2025-11-27,Keychron Q3 Mechanical Keyboard,Technology,North,Michael Chang,Nexus Logistics Group,4,179.66,718.64,448.76,269.88,37.55
ORD-2025-12293,2025-11-27,Steel Storage Lateral Filing Cabinet,Furniture,West,Priya Sharma,Metro Education Foundation,7,365.41,2557.87,1840.65,717.22,28.04
ORD-2026-12459,2025-11-27,Cloud Data Backup & Recovery License,Enterprise Software,East,James Wilson,Vanguard Financial Solutions,8,556.98,4455.84,1546.8,2909.04,65.29
ORD-2026-10911,2025-11-27,Executive Teakwood Conference Table,Furniture,West,Robert Martinez,Pinnacle Healthcare Systems,9,1798.32,16184.88,13010.67,3174.21,19.61
ORD-2025-10814,2025-11-28,Cloud Data Backup & Recovery License,Enterprise Software,East,Emily Watson,Cascade BioSciences,7,506.89,3548.23,1049.23,2499.0,70.43
ORD-2025-11963,2025-11-28,Executive Teakwood Conference Table,Furniture,West,Priya Sharma,Cascade BioSciences,6,1825.67,10954.02,8408.58,2545.44,23.24
ORD-2025-12005,2025-11-28,Premium Recycled Copy Paper (Carton),Office Supplies,North,Sarah Jenkins,Titan Cloud Infrastructure,9,47.86,430.74,268.92,161.82,37.57
ORD-2025-10865,2025-11-28,Cloud Analytics Pro License (Annual),Enterprise Software,South,David Rodriguez,Bluebird Creative Labs,8,1247.55,9980.4,2269.36,7711.04,77.26
ORD-2026-11877,2025-11-29,Keychron Q3 Mechanical Keyboard,Technology,East,James Wilson,Metro Education Foundation,7,163.14,1141.98,744.8,397.18,34.78
ORD-2025-12245,2025-11-29,Magnetic Glass Dry-Erase Board,Office Supplies,East,James Wilson,Nexus Logistics Group,14,210.14,2941.96,1779.96,1162.0,39.5
ORD-2026-10764,2025-11-29,Logitech MX Master 3S Mouse,Technology,South,Amina Patel,Cascade BioSciences,8,104.42,835.36,471.44,363.92,43.56
ORD-2026-11460,2025-11-29,Automated CRM Collaboration Seat,Enterprise Software,Central,Daniel Kim,Titan Cloud Infrastructure,1,740.87,740.87,248.44,492.43,66.47
ORD-2025-10988,2025-11-30,Magnetic Glass Dry-Erase Board,Office Supplies,West,Robert Martinez,Titan Cloud Infrastructure,5,206.99,1034.95,571.45,463.5,44.78
ORD-2024-11263,2025-11-30,Magnetic Glass Dry-Erase Board,Office Supplies,South,Amina Patel,Summit Media Works,16,224.3,3588.8,2430.56,1158.24,32.27
ORD-2025-12035,2025-12-01,HP LaserJet Pro Multi-function Printer,Office Supplies,East,James Wilson,Beacon Legal Consulting,10,435.68,4356.8,3432.1,924.7,21.22
ORD-2024-12022,2025-12-01,Keychron Q3 Mechanical Keyboard,Technology,Central,Daniel Kim,Bluebird Creative Labs,9,181.15,1630.35,975.96,654.39,40.14
ORD-2024-10417,2025-12-01,Keychron Q3 Mechanical Keyboard,Technology,West,Robert Martinez,Summit Media Works,10,167.97,1679.7,1088.9,590.8,35.17
ORD-2025-11801,2025-12-01,Steel Storage Lateral Filing Cabinet,Furniture,South,David Rodriguez,Nexus Logistics Group,9,326.46,2938.14,1978.74,959.4,32.65
ORD-2024-11554,2025-12-02,Heavy-Duty Cross-Cut Paper Shredder,Office Supplies,East,James Wilson,Pinnacle Healthcare Systems,8,163.97,1311.76,786.96,524.8,40.01
ORD-2024-10576,2025-12-02,High-Yield Toner Cartridge Pack,Office Supplies,South,David Rodriguez,Apollo Industrial Equipment,17,118.37,2012.29,901.0,1111.29,55.23
ORD-2024-11542,2025-12-02,Cloud Analytics Pro License (Annual),Enterprise Software,West,Robert Martinez,Summit Media Works,8,1125.07,9000.56,2433.12,6567.44,72.97
ORD-2024-11722,2025-12-03,Keychron Q3 Mechanical Keyboard,Technology,East,James Wilson,Acme Global Technologies,8,177.6,1420.8,901.04,519.76,36.58
ORD-2024-11077,2025-12-04,"Dell UltraSharp 27"" 4K Monitor",Technology,South,David Rodriguez,Zenith Dynamics Ltd,7,549.39,3845.73,2747.36,1098.37,28.56
ORD-2026-11940,2025-12-04,Executive Teakwood Conference Table,Furniture,West,Robert Martinez,Cascade BioSciences,7,1930.96,13516.72,10642.87,2873.85,21.26
ORD-2024-10705,2025-12-04,Logitech MX Master 3S Mouse,Technology,Central,Daniel Kim,Metro Education Foundation,10,95.29,952.9,526.4,426.5,44.76
ORD-2025-11192,2025-12-04,Herman Miller Ergonomic Chair,Furniture,West,Robert Martinez,Vanguard Financial Solutions,6,1205.21,7231.26,5721.3,1509.96,20.88
ORD-2025-11537,2025-12-05,Cloud Analytics Pro License (Annual),Enterprise Software,North,Michael Chang,Zenith Dynamics Ltd,8,1215.39,9723.12,2661.68,7061.44,72.63
ORD-2024-11203,2025-12-05,Magnetic Glass Dry-Erase Board,Office Supplies,East,Emily Watson,Cascade BioSciences,5,193.87,969.35,594.95,374.4,38.62
ORD-2025-11276,2025-12-05,HP LaserJet Pro Multi-function Printer,Office Supplies,West,Robert Martinez,Bluebird Creative Labs,12,420.36,5044.32,4607.76,436.56,8.65
ORD-2025-10760,2025-12-05,HP LaserJet Pro Multi-function Printer,Office Supplies,South,Amina Patel,Metro Education Foundation,9,403.51,3631.59,2880.0,751.59,20.7
ORD-2025-11039,2025-12-06,Cloud Analytics Pro License (Annual),Enterprise Software,South,David Rodriguez,Bluebird Creative Labs,5,1258.28,6291.4,6191.7,99.7,1.58
ORD-2025-11147,2025-12-06,Magnetic Glass Dry-Erase Board,Office Supplies,East,Emily Watson,Nexus Logistics Group,10,215.85,2158.5,1290.1,868.4,40.23
ORD-2024-10276,2025-12-06,Premium Recycled Copy Paper (Carton),Office Supplies,East,James Wilson,Pinnacle Healthcare Systems,11,51.46,566.06,386.98,179.08,31.64
ORD-2026-10626,2025-12-06,Premium Recycled Copy Paper (Carton),Office Supplies,South,Amina Patel,Nexus Logistics Group,6,48.45,290.7,212.94,77.76,26.75
ORD-2024-10969,2025-12-06,Keychron Q3 Mechanical Keyboard,Technology,West,Robert Martinez,Acme Global Technologies,5,161.9,809.5,427.7,381.8,47.16
ORD-2026-11871,2025-12-06,Herman Miller Ergonomic Chair,Furniture,South,Amina Patel,Metro Education Foundation,6,1211.27,7267.62,5279.76,1987.86,27.35
ORD-2026-12060,2025-12-07,Cloud Data Backup & Recovery License,Enterprise Software,East,James Wilson,Pinnacle Healthcare Systems,4,514.43,2057.72,614.8,1442.92,70.12
ORD-2026-10671,2025-12-07,Cybersecurity Endpoint Protection Suite,Enterprise Software,West,Priya Sharma,Acme Global Technologies,3,878.61,2635.83,858.12,1777.71,67.44
ORD-2026-11592,2025-12-07,Anker 10-in-1 USB-C Docking Hub,Technology,East,Emily Watson,Beacon Legal Consulting,10,124.54,1245.4,759.6,485.8,39.01
ORD-2024-10384,2025-12-07,High-Yield Toner Cartridge Pack,Office Supplies,East,Emily Watson,Summit Media Works,5,125.77,628.85,342.6,286.25,45.52
ORD-2026-10533,2025-12-07,Automated CRM Collaboration Seat,Enterprise Software,North,Sarah Jenkins,Metro Education Foundation,4,717.33,2869.32,833.36,2035.96,70.96
ORD-2024-10354,2025-12-08,Logitech MX Master 3S Mouse,Technology,North,Sarah Jenkins,Evergreen Renewable Energy,3,91.1,273.3,169.71,103.59,37.9
ORD-2025-12152,2025-12-08,ThinkPad X1 Carbon Laptop,Technology,North,Sarah Jenkins,Bluebird Creative Labs,7,1425.27,9976.89,7049.28,2927.61,29.34
ORD-2025-10796,2025-12-09,Premium Recycled Copy Paper (Carton),Office Supplies,East,James Wilson,Metro Education Foundation,2,47.28,94.56,66.3,28.26,29.89
ORD-2025-11465,2025-12-09,Cybersecurity Endpoint Protection Suite,Enterprise Software,South,David Rodriguez,Acme Global Technologies,1,915.41,915.41,229.44,685.97,74.94
ORD-2026-10758,2025-12-09,Heavy-Duty Cross-Cut Paper Shredder,Office Supplies,West,Priya Sharma,Cascade BioSciences,7,159.14,1113.98,738.01,375.97,33.75
ORD-2025-12308,2025-12-09,Premium Recycled Copy Paper (Carton),Office Supplies,South,Amina Patel,Horizon Retail Partners,21,51.39,1079.19,721.98,357.21,33.1
ORD-2024-11056,2025-12-10,Logitech MX Master 3S Mouse,Technology,East,Emily Watson,Silverline Manufacturing,7,102.39,716.73,477.47,239.26,33.38
ORD-2025-12476,2025-12-10,Logitech MX Master 3S Mouse,Technology,West,Robert Martinez,Horizon Retail Partners,10,98.04,980.4,547.1,433.3,44.2
ORD-2025-11576,2025-12-10,ThinkPad X1 Carbon Laptop,Technology,East,James Wilson,Cascade BioSciences,1,1439.56,1439.56,1084.0,355.56,24.7
ORD-2026-12495,2025-12-12,Logitech MX Master 3S Mouse,Technology,North,Sarah Jenkins,Summit Media Works,4,97.02,388.08,228.24,159.84,41.19
ORD-2024-10336,2025-12-12,Executive Teakwood Conference Table,Furniture,West,Priya Sharma,Apollo Industrial Equipment,4,1911.49,7645.96,5821.2,1824.76,23.87
ORD-2026-10218,2025-12-13,Steel Storage Lateral Filing Cabinet,Furniture,East,James Wilson,Titan Cloud Infrastructure,9,349.8,3148.2,2249.73,898.47,28.54
ORD-2025-11252,2025-12-13,Acoustic Fabric Office Partition,Furniture,North,Michael Chang,Evergreen Renewable Energy,10,265.42,2654.2,1806.0,848.2,31.96
ORD-2025-10880,2025-12-14,Cloud Data Backup & Recovery License,Enterprise Software,Central,Jessica Taylor,Metro Education Foundation,8,521.22,4169.76,1305.28,2864.48,68.7
ORD-2025-10385,2025-12-14,Logitech MX Master 3S Mouse,Technology,East,Emily Watson,Bluebird Creative Labs,11,101.06,1111.66,607.86,503.8,45.32
ORD-2026-11244,2025-12-15,Heavy-Duty Cross-Cut Paper Shredder,Office Supplies,Central,Daniel Kim,Bluebird Creative Labs,11,153.15,1684.65,1115.84,568.81,33.76
ORD-2026-10341,2025-12-15,Logitech MX Master 3S Mouse,Technology,West,Priya Sharma,Acme Global Technologies,9,105.46,949.14,534.33,414.81,43.7
ORD-2025-11660,2025-12-15,Cloud Analytics Pro License (Annual),Enterprise Software,East,James Wilson,Apollo Industrial Equipment,5,1210.16,6050.8,1614.7,4436.1,73.31
ORD-2025-10145,2025-12-15,Sony WH-1000XM5 Headphones,Technology,North,Michael Chang,Evergreen Renewable Energy,1,402.59,402.59,270.68,131.91,32.77
ORD-2024-11839,2025-12-15,Premium Recycled Copy Paper (Carton),Office Supplies,West,Priya Sharma,Nexus Logistics Group,13,45.64,593.32,367.38,225.94,38.08
ORD-2024-11704,2025-12-16,ThinkPad X1 Carbon Laptop,Technology,West,Priya Sharma,Apollo Industrial Equipment,1,1443.86,1443.86,995.27,448.59,31.07
ORD-2025-10124,2025-12-16,Automated CRM Collaboration Seat,Enterprise Software,West,Priya Sharma,Zenith Dynamics Ltd,6,666.66,3999.96,1624.8,2375.16,59.38
ORD-2024-11740,2025-12-16,Logitech MX Master 3S Mouse,Technology,North,Sarah Jenkins,Vanguard Financial Solutions,1,93.56,93.56,54.55,39.01,41.7
ORD-2024-10699,2025-12-19,Heavy-Duty Cross-Cut Paper Shredder,Office Supplies,East,James Wilson,Horizon Retail Partners,22,169.18,3721.96,2552.66,1169.3,31.42
ORD-2025-12413,2025-12-19,High-Yield Toner Cartridge Pack,Office Supplies,East,James Wilson,Apollo Industrial Equipment,3,121.57,364.71,223.35,141.36,38.76
ORD-2026-12123,2025-12-20,High-Yield Toner Cartridge Pack,Office Supplies,East,James Wilson,Apollo Industrial Equipment,15,126.91,1903.65,738.6,1165.05,61.2
ORD-2026-11415,2025-12-20,Automated CRM Collaboration Seat,Enterprise Software,West,Priya Sharma,Vanguard Financial Solutions,7,726.39,5084.73,1835.75,3248.98,63.9
ORD-2024-11311,2025-12-20,Electric Dual-Motor Standing Desk,Furniture,Central,Daniel Kim,Beacon Legal Consulting,1,652.51,652.51,492.48,160.03,24.53
ORD-2025-11294,2025-12-20,Anker 10-in-1 USB-C Docking Hub,Technology,West,Priya Sharma,Cascade BioSciences,2,135.56,271.12,149.68,121.44,44.79
ORD-2026-12297,2025-12-21,Cloud Analytics Pro License (Annual),Enterprise Software,South,David Rodriguez,Silverline Manufacturing,3,1231.26,3693.78,924.48,2769.3,74.97
ORD-2026-10455,2025-12-22,ThinkPad X1 Carbon Laptop,Technology,North,Sarah Jenkins,Nexus Logistics Group,10,1557.07,15570.7,10896.1,4674.6,30.02
ORD-2024-11977,2025-12-22,Samsung 2TB Portable NVMe SSD,Technology,East,James Wilson,Apollo Industrial Equipment,7,183.84,1286.88,975.8,311.08,24.17
ORD-2025-10514,2025-12-22,Heavy-Duty Cross-Cut Paper Shredder,Office Supplies,Central,Jessica Taylor,Beacon Legal Consulting,9,161.68,1455.12,948.78,506.34,34.8
ORD-2024-11041,2025-12-23,"Dell UltraSharp 27"" 4K Monitor",Technology,North,Michael Chang,Beacon Legal Consulting,3,556.61,1669.83,1072.95,596.88,35.74
ORD-2025-11426,2025-12-23,Keychron Q3 Mechanical Keyboard,Technology,North,Michael Chang,Metro Education Foundation,3,166.78,500.34,318.0,182.34,36.44
ORD-2026-11811,2025-12-24,Executive Teakwood Conference Table,Furniture,East,James Wilson,Bluebird Creative Labs,8,1989.34,15914.72,12475.6,3439.12,21.61
ORD-2024-10645,2025-12-24,Samsung 2TB Portable NVMe SSD,Technology,South,David Rodriguez,Metro Education Foundation,3,193.29,579.87,431.28,148.59,25.62
ORD-2024-10582,2025-12-25,Magnetic Glass Dry-Erase Board,Office Supplies,East,James Wilson,Metro Education Foundation,8,207.15,1657.2,1643.44,13.76,0.83
ORD-2026-10239,2025-12-25,High-Yield Toner Cartridge Pack,Office Supplies,East,Emily Watson,Bluebird Creative Labs,4,126.76,507.04,292.28,214.76,42.36
ORD-2024-10708,2025-12-25,HP LaserJet Pro Multi-function Printer,Office Supplies,East,Emily Watson,Summit Media Works,13,431.9,5614.7,4025.84,1588.86,28.3
ORD-2025-10241,2025-12-26,ThinkPad X1 Carbon Laptop,Technology,West,Robert Martinez,Zenith Dynamics Ltd,6,1440.3,8641.8,6606.3,2035.5,23.55
ORD-2024-11053,2025-12-26,Logitech MX Master 3S Mouse,Technology,North,Sarah Jenkins,Bluebird Creative Labs,8,96.54,772.32,450.8,321.52,41.63
ORD-2024-12358,2025-12-26,Automated CRM Collaboration Seat,Enterprise Software,North,Sarah Jenkins,Apollo Industrial Equipment,8,767.81,6142.48,1962.8,4179.68,68.05
ORD-2026-12258,2025-12-27,Electric Dual-Motor Standing Desk,Furniture,East,James Wilson,Zenith Dynamics Ltd,5,634.87,3174.35,2076.15,1098.2,34.6
ORD-2024-10087,2025-12-27,HP LaserJet Pro Multi-function Printer,Office Supplies,North,Sarah Jenkins,Beacon Legal Consulting,10,436.2,4362.0,3336.0,1026.0,23.52
ORD-2024-12499,2025-12-27,ThinkPad X1 Carbon Laptop,Technology,North,Sarah Jenkins,Beacon Legal Consulting,9,1430.71,12876.39,12404.16,472.23,3.67
ORD-2025-10187,2025-12-28,Anker 10-in-1 USB-C Docking Hub,Technology,West,Robert Martinez,Beacon Legal Consulting,11,121.82,1340.02,707.52,632.5,47.2
ORD-2024-12034,2025-12-28,Cloud Analytics Pro License (Annual),Enterprise Software,East,Emily Watson,Acme Global Technologies,4,1260.44,5041.76,1438.24,3603.52,71.47
ORD-2024-11515,2025-12-28,HP LaserJet Pro Multi-function Printer,Office Supplies,North,Sarah Jenkins,Zenith Dynamics Ltd,17,430.49,7318.33,5707.24,1611.09,22.01
ORD-2025-10703,2025-12-28,Logitech MX Master 3S Mouse,Technology,North,Michael Chang,Bluebird Creative Labs,12,101.31,1215.72,733.8,481.92,39.64
ORD-2025-10136,2025-12-28,Herman Miller Ergonomic Chair,Furniture,South,David Rodriguez,Summit Media Works,10,1191.11,11911.1,9313.7,2597.4,21.81
ORD-2026-12189,2025-12-28,Keychron Q3 Mechanical Keyboard,Technology,North,Michael Chang,Apollo Industrial Equipment,5,163.29,816.45,521.55,294.9,36.12
ORD-2026-11349,2025-12-29,Cloud Data Backup & Recovery License,Enterprise Software,South,Amina Patel,Vanguard Financial Solutions,2,576.87,1153.74,1198.94,-45.2,-3.92
ORD-2024-10954,2025-12-30,Samsung 2TB Portable NVMe SSD,Technology,South,Amina Patel,Vanguard Financial Solutions,7,188.89,1322.23,987.63,334.6,25.31
ORD-2024-12295,2025-12-30,HP LaserJet Pro Multi-function Printer,Office Supplies,West,Robert Martinez,Summit Media Works,16,452.38,7238.08,5543.52,1694.56,23.41
ORD-2026-11985,2025-12-30,Logitech MX Master 3S Mouse,Technology,Central,Daniel Kim,Metro Education Foundation,12,103.82,1245.84,705.0,540.84,43.41
ORD-2026-10806,2025-12-30,Cloud Analytics Pro License (Annual),Enterprise Software,East,Emily Watson,Apollo Industrial Equipment,5,1120.53,5602.65,1537.95,4064.7,72.55
ORD-2024-11482,2025-12-30,Herman Miller Ergonomic Chair,Furniture,North,Michael Chang,Apollo Industrial Equipment,7,1198.62,8390.34,5672.59,2717.75,32.39
ORD-2025-11798,2025-12-30,Magnetic Glass Dry-Erase Board,Office Supplies,South,David Rodriguez,Bluebird Creative Labs,7,197.63,1383.41,798.84,584.57,42.26
ORD-2025-10736,2025-12-31,Premium Recycled Copy Paper (Carton),Office Supplies,East,James Wilson,Beacon Legal Consulting,7,51.43,360.01,235.34,124.67,34.63
ORD-2026-10872,2025-12-31,Heavy-Duty Cross-Cut Paper Shredder,Office Supplies,North,Michael Chang,Horizon Retail Partners,7,151.88,1063.16,676.48,386.68,36.37
ORD-2025-11585,2025-12-31,Acoustic Fabric Office Partition,Furniture,Central,Daniel Kim,Evergreen Renewable Energy,3,280.64,841.92,556.89,285.03,33.85
ORD-2025-11567,2025-12-31,"Dell UltraSharp 27"" 4K Monitor",Technology,Central,Daniel Kim,Summit Media Works,6,561.35,3368.1,2079.24,1288.86,38.27
ORD-2024-10444,2025-12-31,Cloud Data Backup & Recovery License,Enterprise Software,West,Robert Martinez,Silverline Manufacturing,2,528.54,1057.08,307.8,749.28,70.88
ORD-2024-12067,2026-01-01,Automated CRM Collaboration Seat,Enterprise Software,South,Amina Patel,Titan Cloud Infrastructure,6,720.47,4322.82,1661.1,2661.72,61.57
ORD-2026-10089,2026-01-01,Cloud Data Backup & Recovery License,Enterprise Software,East,Emily Watson,Cascade BioSciences,3,529.37,1588.11,595.26,992.85,62.52
ORD-2025-11375,2026-01-01,"Dell UltraSharp 27"" 4K Monitor",Technology,South,Amina Patel,Nexus Logistics Group,12,546.74,6560.88,4272.6,2288.28,34.88
ORD-2024-10831,2026-01-01,Cloud Data Backup & Recovery License,Enterprise Software,Central,Daniel Kim,Silverline Manufacturing,8,497.13,3977.04,3877.36,99.68,2.51
ORD-2024-10846,2026-01-01,"Dell UltraSharp 27"" 4K Monitor",Technology,North,Sarah Jenkins,Bluebird Creative Labs,10,587.25,5872.5,3992.4,1880.1,32.02
ORD-2026-12450,2026-01-02,Logitech MX Master 3S Mouse,Technology,North,Michael Chang,Horizon Retail Partners,6,93.23,559.38,349.74,209.64,37.48
ORD-2025-10064,2026-01-02,Samsung 2TB Portable NVMe SSD,Technology,West,Robert Martinez,Beacon Legal Consulting,9,205.19,1846.71,1296.81,549.9,29.78
ORD-2026-11991,2026-01-02,Logitech MX Master 3S Mouse,Technology,West,Robert Martinez,Vanguard Financial Solutions,1,106.22,106.22,58.52,47.7,44.91
ORD-2026-12339,2026-01-02,Steel Storage Lateral Filing Cabinet,Furniture,East,James Wilson,Titan Cloud Infrastructure,1,327.21,327.21,224.87,102.34,31.28
ORD-2025-12095,2026-01-03,ThinkPad X1 Carbon Laptop,Technology,North,Sarah Jenkins,Evergreen Renewable Energy,3,1526.9,4580.7,3158.94,1421.76,31.04
ORD-2025-11366,2026-01-04,Cybersecurity Endpoint Protection Suite,Enterprise Software,South,David Rodriguez,Cascade BioSciences,4,977.19,3908.76,1439.04,2469.72,63.18
ORD-2024-10495,2026-01-04,Magnetic Glass Dry-Erase Board,Office Supplies,North,Michael Chang,Zenith Dynamics Ltd,7,194.37,1360.59,867.79,492.8,36.22
ORD-2026-11391,2026-01-04,HP LaserJet Pro Multi-function Printer,Office Supplies,South,David Rodriguez,Nexus Logistics Group,17,398.38,6772.46,5007.69,1764.77,26.06
ORD-2024-11773,2026-01-05,Steel Storage Lateral Filing Cabinet,Furniture,North,Michael Chang,Pinnacle Healthcare Systems,6,351.73,2110.38,1361.16,749.22,35.5
ORD-2026-11514,2026-01-05,ThinkPad X1 Carbon Laptop,Technology,South,Amina Patel,Metro Education Foundation,1,1413.16,1413.16,1041.23,371.93,26.32
ORD-2024-12325,2026-01-06,Premium Recycled Copy Paper (Carton),Office Supplies,South,Amina Patel,Titan Cloud Infrastructure,12,50.93,611.16,424.2,186.96,30.59
ORD-2025-12251,2026-01-06,Steel Storage Lateral Filing Cabinet,Furniture,North,Michael Chang,Horizon Retail Partners,6,347.08,2082.48,1456.56,625.92,30.06
ORD-2024-10459,2026-01-07,Sony WH-1000XM5 Headphones,Technology,North,Sarah Jenkins,Zenith Dynamics Ltd,8,359.5,2876.0,1995.44,880.56,30.62
ORD-2024-10675,2026-01-07,Magnetic Glass Dry-Erase Board,Office Supplies,South,Amina Patel,Titan Cloud Infrastructure,6,216.29,1297.74,770.64,527.1,40.62
ORD-2024-11275,2026-01-07,Heavy-Duty Cross-Cut Paper Shredder,Office Supplies,West,Priya Sharma,Pinnacle Healthcare Systems,18,170.07,3061.26,1990.98,1070.28,34.96
ORD-2024-10036,2026-01-08,Acoustic Fabric Office Partition,Furniture,North,Michael Chang,Vanguard Financial Solutions,10,258.57,2585.7,1756.9,828.8,32.05
ORD-2025-12422,2026-01-08,Magnetic Glass Dry-Erase Board,Office Supplies,East,Emily Watson,Zenith Dynamics Ltd,2,202.45,404.9,208.24,196.66,48.57
ORD-2026-10668,2026-01-09,Heavy-Duty Cross-Cut Paper Shredder,Office Supplies,North,Michael Chang,Zenith Dynamics Ltd,7,148.46,1039.22,721.56,317.66,30.57
ORD-2026-11934,2026-01-09,Cloud Data Backup & Recovery License,Enterprise Software,North,Michael Chang,Silverline Manufacturing,3,539.48,1618.44,452.37,1166.07,72.05
ORD-2024-11014,2026-01-10,Acoustic Fabric Office Partition,Furniture,East,Emily Watson,Nexus Logistics Group,2,272.21,544.42,391.4,153.02,28.11
ORD-2024-11929,2026-01-10,Executive Teakwood Conference Table,Furniture,North,Michael Chang,Beacon Legal Consulting,6,1742.32,10453.92,8408.1,2045.82,19.57
ORD-2025-10262,2026-01-10,Cybersecurity Endpoint Protection Suite,Enterprise Software,East,James Wilson,Evergreen Renewable Energy,6,987.82,5926.92,1993.98,3932.94,66.36
ORD-2024-11674,2026-01-10,Cybersecurity Endpoint Protection Suite,Enterprise Software,West,Robert Martinez,Horizon Retail Partners,1,945.63,945.63,272.05,673.58,71.23
ORD-2024-10714,2026-01-11,HP LaserJet Pro Multi-function Printer,Office Supplies,North,Michael Chang,Zenith Dynamics Ltd,19,387.54,7363.26,5089.72,2273.54,30.88
ORD-2024-12292,2026-01-11,Herman Miller Ergonomic Chair,Furniture,West,Robert Martinez,Vanguard Financial Solutions,1,1124.2,1124.2,863.34,260.86,23.2
ORD-2026-11898,2026-01-11,Automated CRM Collaboration Seat,Enterprise Software,North,Michael Chang,Vanguard Financial Solutions,5,696.04,3480.2,1032.2,2448.0,70.34
ORD-2026-10050,2026-01-11,Anker 10-in-1 USB-C Docking Hub,Technology,Central,Jessica Taylor,Cascade BioSciences,12,137.45,1649.4,804.72,844.68,51.21
ORD-2026-10536,2026-01-11,Cybersecurity Endpoint Protection Suite,Enterprise Software,Central,Daniel Kim,Horizon Retail Partners,7,887.09,6209.63,2133.6,4076.03,65.64
ORD-2025-12338,2026-01-12,Anker 10-in-1 USB-C Docking Hub,Technology,Central,Jessica Taylor,Evergreen Renewable Energy,6,132.82,796.92,417.12,379.8,47.66
ORD-2026-11298,2026-01-12,"Dell UltraSharp 27"" 4K Monitor",Technology,Central,Daniel Kim,Pinnacle Healthcare Systems,5,617.21,3086.05,1998.4,1087.65,35.24
ORD-2024-11458,2026-01-12,Cloud Analytics Pro License (Annual),Enterprise Software,North,Michael Chang,Beacon Legal Consulting,1,1241.9,1241.9,350.21,891.69,71.8
ORD-2026-10389,2026-01-12,Executive Teakwood Conference Table,Furniture,South,Amina Patel,Apollo Industrial Equipment,2,1775.99,3551.98,2723.66,828.32,23.32
ORD-2025-10049,2026-01-13,Acoustic Fabric Office Partition,Furniture,West,Robert Martinez,Titan Cloud Infrastructure,2,272.62,545.24,383.4,161.84,29.68
ORD-2024-10663,2026-01-13,Cloud Data Backup & Recovery License,Enterprise Software,West,Priya Sharma,Summit Media Works,7,538.63,3770.41,1077.51,2692.9,71.42
ORD-2026-10350,2026-01-13,Acoustic Fabric Office Partition,Furniture,East,James Wilson,Apollo Industrial Equipment,9,246.94,2222.46,1797.66,424.8,19.11
ORD-2024-11686,2026-01-13,Executive Teakwood Conference Table,Furniture,East,Emily Watson,Acme Global Technologies,2,1943.01,3886.02,2924.04,961.98,24.75
ORD-2026-10515,2026-01-13,Cybersecurity Endpoint Protection Suite,Enterprise Software,South,David Rodriguez,Vanguard Financial Solutions,8,910.53,7284.24,2413.36,4870.88,66.87
ORD-2025-12176,2026-01-13,Samsung 2TB Portable NVMe SSD,Technology,South,David Rodriguez,Titan Cloud Infrastructure,9,192.27,1730.43,1274.58,455.85,26.34
ORD-2025-11066,2026-01-14,Automated CRM Collaboration Seat,Enterprise Software,West,Robert Martinez,Beacon Legal Consulting,5,682.7,3413.5,1179.85,2233.65,65.44
ORD-2025-12455,2026-01-14,Cloud Analytics Pro License (Annual),Enterprise Software,Central,Jessica Taylor,Pinnacle Healthcare Systems,5,1112.36,5561.8,1692.25,3869.55,69.57
ORD-2024-12073,2026-01-15,ThinkPad X1 Carbon Laptop,Technology,West,Robert Martinez,Titan Cloud Infrastructure,2,1432.62,2865.24,2009.56,855.68,29.86
ORD-2024-10219,2026-01-15,Premium Recycled Copy Paper (Carton),Office Supplies,South,Amina Patel,Silverline Manufacturing,12,50.11,601.32,359.64,241.68,40.19
ORD-2026-12294,2026-01-15,Cloud Analytics Pro License (Annual),Enterprise Software,West,Priya Sharma,Summit Media Works,1,1118.88,1118.88,299.83,819.05,73.2
ORD-2025-10445,2026-01-16,Cloud Data Backup & Recovery License,Enterprise Software,North,Sarah Jenkins,Titan Cloud Infrastructure,6,554.93,3329.58,1089.78,2239.8,67.27
ORD-2025-12137,2026-01-16,Samsung 2TB Portable NVMe SSD,Technology,South,David Rodriguez,Cascade BioSciences,9,175.49,1579.41,1161.18,418.23,26.48
ORD-2026-10878,2026-01-16,Anker 10-in-1 USB-C Docking Hub,Technology,Central,Jessica Taylor,Summit Media Works,5,136.33,681.65,385.25,296.4,43.48
ORD-2024-11344,2026-01-16,ThinkPad X1 Carbon Laptop,Technology,West,Robert Martinez,Metro Education Foundation,2,1533.23,3066.46,2009.5,1056.96,34.47
ORD-2026-11670,2026-01-16,Heavy-Duty Cross-Cut Paper Shredder,Office Supplies,East,Emily Watson,Bluebird Creative Labs,19,148.24,2816.56,1551.35,1265.21,44.92
ORD-2026-10842,2026-01-16,Acoustic Fabric Office Partition,Furniture,East,James Wilson,Beacon Legal Consulting,1,256.05,256.05,162.93,93.12,36.37
ORD-2025-10448,2026-01-18,Magnetic Glass Dry-Erase Board,Office Supplies,Central,Jessica Taylor,Acme Global Technologies,8,208.93,1671.44,1047.52,623.92,37.33
ORD-2025-11360,2026-01-18,ThinkPad X1 Carbon Laptop,Technology,South,Amina Patel,Apollo Industrial Equipment,9,1543.94,13895.46,10970.73,2924.73,21.05
ORD-2024-11485,2026-01-18,HP LaserJet Pro Multi-function Printer,Office Supplies,Central,Daniel Kim,Beacon Legal Consulting,6,439.97,2639.82,1824.24,815.58,30.9
ORD-2024-11551,2026-01-19,Sony WH-1000XM5 Headphones,Technology,West,Priya Sharma,Apollo Industrial Equipment,7,409.91,2869.37,1694.35,1175.02,40.95
ORD-2026-12279,2026-01-20,Steel Storage Lateral Filing Cabinet,Furniture,West,Priya Sharma,Apollo Industrial Equipment,4,352.94,1411.76,1022.44,389.32,27.58
ORD-2025-11129,2026-01-20,Cybersecurity Endpoint Protection Suite,Enterprise Software,West,Priya Sharma,Beacon Legal Consulting,4,874.01,3496.04,1018.16,2477.88,70.88
ORD-2026-11493,2026-01-20,Samsung 2TB Portable NVMe SSD,Technology,East,James Wilson,Zenith Dynamics Ltd,7,200.97,1406.79,969.57,437.22,31.08
ORD-2024-10351,2026-01-20,Acoustic Fabric Office Partition,Furniture,North,Michael Chang,Pinnacle Healthcare Systems,5,278.34,1391.7,1077.4,314.3,22.58
ORD-2024-11788,2026-01-20,Sony WH-1000XM5 Headphones,Technology,West,Robert Martinez,Vanguard Financial Solutions,6,379.56,2277.36,1435.02,842.34,36.99
ORD-2026-10008,2026-01-21,Herman Miller Ergonomic Chair,Furniture,North,Sarah Jenkins,Evergreen Renewable Energy,7,1205.6,8439.2,6626.69,1812.51,21.48
ORD-2025-11237,2026-01-21,"Dell UltraSharp 27"" 4K Monitor",Technology,Central,Jessica Taylor,Titan Cloud Infrastructure,9,588.21,5293.89,3894.12,1399.77,26.44
ORD-2026-12057,2026-01-21,Cloud Data Backup & Recovery License,Enterprise Software,Central,Jessica Taylor,Evergreen Renewable Energy,7,543.52,3804.64,1176.98,2627.66,69.06
ORD-2025-12488,2026-01-21,Automated CRM Collaboration Seat,Enterprise Software,South,Amina Patel,Silverline Manufacturing,2,662.82,1325.64,514.62,811.02,61.18
ORD-2026-10821,2026-01-21,Cloud Data Backup & Recovery License,Enterprise Software,South,David Rodriguez,Summit Media Works,6,508.46,3050.76,1096.2,1954.56,64.07
ORD-2026-10329,2026-01-22,Cybersecurity Endpoint Protection Suite,Enterprise Software,West,Robert Martinez,Titan Cloud Infrastructure,3,953.24,2859.72,942.3,1917.42,67.05
ORD-2025-10406,2026-01-22,Cloud Analytics Pro License (Annual),Enterprise Software,West,Robert Martinez,Silverline Manufacturing,3,1252.38,3757.14,734.88,3022.26,80.44
ORD-2025-11327,2026-01-22,ThinkPad X1 Carbon Laptop,Technology,East,James Wilson,Nexus Logistics Group,1,1509.74,1509.74,1048.45,461.29,30.55
ORD-2025-11258,2026-01-22,Samsung 2TB Portable NVMe SSD,Technology,South,Amina Patel,Silverline Manufacturing,9,200.08,1800.72,1235.07,565.65,31.41
ORD-2025-11132,2026-01-22,Magnetic Glass Dry-Erase Board,Office Supplies,West,Priya Sharma,Metro Education Foundation,7,224.36,1570.52,958.51,612.01,38.97
ORD-2026-10224,2026-01-23,Sony WH-1000XM5 Headphones,Technology,East,James Wilson,Beacon Legal Consulting,11,406.94,4476.34,2996.29,1480.05,33.06
ORD-2026-11040,2026-01-23,Sony WH-1000XM5 Headphones,Technology,West,Robert Martinez,Horizon Retail Partners,5,392.46,1962.3,1411.2,551.1,28.08
ORD-2025-12038,2026-01-23,Logitech MX Master 3S Mouse,Technology,North,Michael Chang,Horizon Retail Partners,1,91.41,91.41,54.38,37.03,40.51
ORD-2024-10249,2026-01-24,HP LaserJet Pro Multi-function Printer,Office Supplies,East,Emily Watson,Silverline Manufacturing,8,391.89,3135.12,2363.6,771.52,24.61
ORD-2025-12272,2026-01-24,HP LaserJet Pro Multi-function Printer,Office Supplies,South,David Rodriguez,Bluebird Creative Labs,15,435.53,6532.95,4954.35,1578.6,24.16
ORD-2026-10749,2026-01-24,Sony WH-1000XM5 Headphones,Technology,East,Emily Watson,Acme Global Technologies,10,369.91,3699.1,2342.5,1356.6,36.67
ORD-2025-10982,2026-01-25,ThinkPad X1 Carbon Laptop,Technology,West,Robert Martinez,Beacon Legal Consulting,12,1503.76,18045.12,12951.48,5093.64,28.23
ORD-2026-11007,2026-01-25,HP LaserJet Pro Multi-function Printer,Office Supplies,South,Amina Patel,Acme Global Technologies,2,425.19,850.38,659.24,191.14,22.48
ORD-2026-10854,2026-01-25,Sony WH-1000XM5 Headphones,Technology,Central,Jessica Taylor,Apollo Industrial Equipment,7,378.49,2649.43,1813.35,836.08,31.56
ORD-2025-11081,2026-01-25,Acoustic Fabric Office Partition,Furniture,East,James Wilson,Bluebird Creative Labs,10,270.97,2709.7,1938.1,771.6,28.48
ORD-2025-11876,2026-01-26,Cybersecurity Endpoint Protection Suite,Enterprise Software,East,Emily Watson,Titan Cloud Infrastructure,7,980.28,6861.96,2200.94,4661.02,67.93
ORD-2025-12485,2026-01-26,Executive Teakwood Conference Table,Furniture,East,James Wilson,Pinnacle Healthcare Systems,2,1971.82,3943.64,3219.96,723.68,18.35
ORD-2026-10152,2026-01-26,Herman Miller Ergonomic Chair,Furniture,East,James Wilson,Metro Education Foundation,9,1069.81,9628.29,6527.61,3100.68,32.2
ORD-2026-11565,2026-01-26,Anker 10-in-1 USB-C Docking Hub,Technology,North,Michael Chang,Acme Global Technologies,11,122.45,1346.95,711.48,635.47,47.18
ORD-2026-12327,2026-01-26,Acoustic Fabric Office Partition,Furniture,South,Amina Patel,Horizon Retail Partners,5,239.83,1199.15,855.9,343.25,28.62
ORD-2025-12110,2026-01-27,Cybersecurity Endpoint Protection Suite,Enterprise Software,West,Robert Martinez,Titan Cloud Infrastructure,1,1000.54,1000.54,344.48,656.06,65.57
ORD-2026-11187,2026-01-27,"Dell UltraSharp 27"" 4K Monitor",Technology,North,Michael Chang,Bluebird Creative Labs,5,561.95,2809.75,1866.25,943.5,33.58
ORD-2024-11746,2026-01-27,Sony WH-1000XM5 Headphones,Technology,West,Priya Sharma,Vanguard Financial Solutions,10,362.33,3623.3,2399.3,1224.0,33.78
ORD-2025-11900,2026-01-27,Automated CRM Collaboration Seat,Enterprise Software,West,Robert Martinez,Beacon Legal Consulting,7,744.17,5209.19,1497.72,3711.47,71.25
ORD-2024-10105,2026-01-27,ThinkPad X1 Carbon Laptop,Technology,Central,Daniel Kim,Vanguard Financial Solutions,10,1420.61,14206.1,10439.5,3766.6,26.51
ORD-2025-11387,2026-01-28,Electric Dual-Motor Standing Desk,Furniture,North,Sarah Jenkins,Beacon Legal Consulting,4,685.28,2741.12,1903.12,838.0,30.57
ORD-2026-10641,2026-01-28,Logitech MX Master 3S Mouse,Technology,East,James Wilson,Summit Media Works,12,105.55,1266.6,676.92,589.68,46.56
ORD-2026-11235,2026-01-28,ThinkPad X1 Carbon Laptop,Technology,East,Emily Watson,Silverline Manufacturing,10,1387.35,13873.5,10462.7,3410.8,24.59
ORD-2025-11201,2026-01-29,HP LaserJet Pro Multi-function Printer,Office Supplies,East,James Wilson,Beacon Legal Consulting,8,439.75,3518.0,2650.4,867.6,24.66
ORD-2026-12471,2026-01-29,Acoustic Fabric Office Partition,Furniture,Central,Daniel Kim,Beacon Legal Consulting,5,242.2,1211.0,858.25,352.75,29.13
ORD-2026-11199,2026-01-29,Anker 10-in-1 USB-C Docking Hub,Technology,South,Amina Patel,Horizon Retail Partners,4,124.65,498.6,259.2,239.4,48.01
ORD-2024-11584,2026-01-30,Keychron Q3 Mechanical Keyboard,Technology,North,Sarah Jenkins,Zenith Dynamics Ltd,8,185.82,1486.56,835.2,651.36,43.82
ORD-2026-12468,2026-01-30,Samsung 2TB Portable NVMe SSD,Technology,North,Sarah Jenkins,Cascade BioSciences,12,176.5,2118.0,1614.96,503.04,23.75
ORD-2025-11870,2026-01-30,Logitech MX Master 3S Mouse,Technology,East,James Wilson,Vanguard Financial Solutions,9,96.72,870.48,586.26,284.22,32.65
ORD-2025-10562,2026-01-30,Anker 10-in-1 USB-C Docking Hub,Technology,South,Amina Patel,Horizon Retail Partners,7,127.93,895.51,538.86,356.65,39.83
ORD-2026-10185,2026-01-30,Premium Recycled Copy Paper (Carton),Office Supplies,South,David Rodriguez,Silverline Manufacturing,6,46.35,278.1,183.9,94.2,33.87
ORD-2025-11729,2026-01-30,ThinkPad X1 Carbon Laptop,Technology,East,Emily Watson,Nexus Logistics Group,3,1434.58,4303.74,2779.83,1523.91,35.41
ORD-2025-11171,2026-01-30,Premium Recycled Copy Paper (Carton),Office Supplies,East,Emily Watson,Silverline Manufacturing,2,50.11,100.22,70.16,30.06,29.99
ORD-2026-10365,2026-01-31,Logitech MX Master 3S Mouse,Technology,West,Priya Sharma,Evergreen Renewable Energy,11,99.83,1098.13,680.68,417.45,38.01
ORD-2026-11901,2026-01-31,Magnetic Glass Dry-Erase Board,Office Supplies,South,David Rodriguez,Pinnacle Healthcare Systems,5,223.52,1117.6,659.2,458.4,41.02
ORD-2026-11805,2026-02-01,"Dell UltraSharp 27"" 4K Monitor",Technology,East,James Wilson,Vanguard Financial Solutions,1,615.65,615.65,419.86,195.79,31.8
ORD-2025-10175,2026-02-01,Logitech MX Master 3S Mouse,Technology,North,Sarah Jenkins,Summit Media Works,3,102.05,306.15,154.14,152.01,49.65
ORD-2026-11838,2026-02-01,Samsung 2TB Portable NVMe SSD,Technology,North,Sarah Jenkins,Bluebird Creative Labs,10,204.73,2047.3,1431.5,615.8,30.08
ORD-2024-10519,2026-02-01,Anker 10-in-1 USB-C Docking Hub,Technology,North,Sarah Jenkins,Zenith Dynamics Ltd,3,125.52,376.56,175.68,200.88,53.35
ORD-2024-12127,2026-02-01,HP LaserJet Pro Multi-function Printer,Office Supplies,East,James Wilson,Vanguard Financial Solutions,12,433.26,5199.12,4289.28,909.84,17.5
ORD-2024-11974,2026-02-02,Sony WH-1000XM5 Headphones,Technology,West,Robert Martinez,Cascade BioSciences,10,372.74,3727.4,2441.4,1286.0,34.5
ORD-2026-11973,2026-02-03,Cybersecurity Endpoint Protection Suite,Enterprise Software,West,Robert Martinez,Bluebird Creative Labs,7,977.29,6841.03,2463.93,4377.1,63.98
ORD-2026-11796,2026-02-03,Executive Teakwood Conference Table,Furniture,East,Emily Watson,Titan Cloud Infrastructure,3,1708.59,5125.77,4119.3,1006.47,19.64
ORD-2026-11388,2026-02-03,Magnetic Glass Dry-Erase Board,Office Supplies,East,James Wilson,Nexus Logistics Group,21,208.82,4385.22,2804.55,1580.67,36.05
ORD-2025-11756,2026-02-03,Acoustic Fabric Office Partition,Furniture,North,Michael Chang,Nexus Logistics Group,9,258.19,2323.71,1635.75,687.96,29.61
ORD-2025-11060,2026-02-04,Premium Recycled Copy Paper (Carton),Office Supplies,West,Robert Martinez,Beacon Legal Consulting,11,47.67,524.37,355.52,168.85,32.2
ORD-2025-11669,2026-02-05,Automated CRM Collaboration Seat,Enterprise Software,North,Sarah Jenkins,Metro Education Foundation,8,666.27,5330.16,2269.52,3060.64,57.42
ORD-2024-12268,2026-02-06,Sony WH-1000XM5 Headphones,Technology,East,Emily Watson,Horizon Retail Partners,8,387.76,3102.08,1982.48,1119.6,36.09
ORD-2024-12181,2026-02-06,Heavy-Duty Cross-Cut Paper Shredder,Office Supplies,West,Priya Sharma,Zenith Dynamics Ltd,7,159.16,1114.12,692.51,421.61,37.84
ORD-2025-10391,2026-02-06,Premium Recycled Copy Paper (Carton),Office Supplies,Central,Jessica Taylor,Nexus Logistics Group,3,50.89,152.67,107.55,45.12,29.55
ORD-2026-11676,2026-02-06,Executive Teakwood Conference Table,Furniture,West,Robert Martinez,Vanguard Financial Solutions,10,1853.64,18536.4,14879.4,3657.0,19.73
ORD-2026-12285,2026-02-06,Steel Storage Lateral Filing Cabinet,Furniture,East,Emily Watson,Pinnacle Healthcare Systems,2,333.55,667.1,460.22,206.88,31.01
ORD-2024-12406,2026-02-06,Samsung 2TB Portable NVMe SSD,Technology,East,Emily Watson,Summit Media Works,8,195.81,1566.48,1080.24,486.24,31.04
ORD-2026-11886,2026-02-07,"Dell UltraSharp 27"" 4K Monitor",Technology,East,Emily Watson,Summit Media Works,11,566.61,6232.71,5992.91,239.8,3.85
ORD-2026-10467,2026-02-07,Samsung 2TB Portable NVMe SSD,Technology,Central,Jessica Taylor,Evergreen Renewable Energy,5,181.33,906.65,629.25,277.4,30.6
ORD-2025-11495,2026-02-07,Cloud Analytics Pro License (Annual),Enterprise Software,West,Priya Sharma,Beacon Legal Consulting,8,1209.6,9676.8,2724.08,6952.72,71.85
ORD-2026-11835,2026-02-07,"Dell UltraSharp 27"" 4K Monitor",Technology,West,Priya Sharma,Horizon Retail Partners,12,620.76,7449.12,5506.92,1942.2,26.07
ORD-2026-11241,2026-02-08,High-Yield Toner Cartridge Pack,Office Supplies,East,James Wilson,Horizon Retail Partners,4,121.39,485.56,238.44,247.12,50.89
ORD-2025-12269,2026-02-08,Electric Dual-Motor Standing Desk,Furniture,East,James Wilson,Vanguard Financial Solutions,7,723.61,5065.27,3810.87,1254.4,24.76
ORD-2024-11110,2026-02-08,ThinkPad X1 Carbon Laptop,Technology,South,David Rodriguez,Summit Media Works,5,1560.45,7802.25,5403.15,2399.1,30.75
ORD-2024-11611,2026-02-08,Cybersecurity Endpoint Protection Suite,Enterprise Software,North,Sarah Jenkins,Zenith Dynamics Ltd,4,959.86,3839.44,1209.6,2629.84,68.5
ORD-2024-12346,2026-02-08,Keychron Q3 Mechanical Keyboard,Technology,North,Michael Chang,Vanguard Financial Solutions,10,167.53,1675.3,1108.6,566.7,33.83
ORD-2025-10289,2026-02-08,Acoustic Fabric Office Partition,Furniture,Central,Daniel Kim,Summit Media Works,6,257.13,1542.78,984.72,558.06,36.17
ORD-2025-10655,2026-02-09,Automated CRM Collaboration Seat,Enterprise Software,East,James Wilson,Evergreen Renewable Energy,7,711.75,4982.25,1672.16,3310.09,66.44
ORD-2024-10333,2026-02-09,Herman Miller Ergonomic Chair,Furniture,Central,Jessica Taylor,Summit Media Works,3,1231.46,3694.38,2691.42,1002.96,27.15
ORD-2026-10398,2026-02-09,Cloud Analytics Pro License (Annual),Enterprise Software,North,Sarah Jenkins,Beacon Legal Consulting,3,1168.74,3506.22,969.72,2536.5,72.34
ORD-2026-10002,2026-02-10,Premium Recycled Copy Paper (Carton),Office Supplies,North,Sarah Jenkins,Beacon Legal Consulting,9,46.5,418.5,262.98,155.52,37.16
ORD-2024-12046,2026-02-10,Premium Recycled Copy Paper (Carton),Office Supplies,Central,Jessica Taylor,Metro Education Foundation,20,51.5,1030.0,621.0,409.0,39.71
ORD-2025-11606,2026-02-10,Executive Teakwood Conference Table,Furniture,West,Robert Martinez,Summit Media Works,8,1769.25,14154.0,11341.68,2812.32,19.87
ORD-2024-12241,2026-02-10,High-Yield Toner Cartridge Pack,Office Supplies,North,Michael Chang,Silverline Manufacturing,11,123.29,1356.19,703.56,652.63,48.12
ORD-2024-10327,2026-02-11,"Dell UltraSharp 27"" 4K Monitor",Technology,North,Michael Chang,Metro Education Foundation,11,568.78,6256.58,4311.67,1944.91,31.09
ORD-2026-11337,2026-02-12,Logitech MX Master 3S Mouse,Technology,North,Sarah Jenkins,Vanguard Financial Solutions,5,104.3,521.5,275.9,245.6,47.09
ORD-2026-10221,2026-02-12,Herman Miller Ergonomic Chair,Furniture,West,Priya Sharma,Zenith Dynamics Ltd,6,1176.48,7058.88,5364.96,1693.92,24.0
ORD-2024-10693,2026-02-13,Heavy-Duty Cross-Cut Paper Shredder,Office Supplies,West,Robert Martinez,Horizon Retail Partners,8,170.01,1360.08,914.08,446.0,32.79
ORD-2024-11890,2026-02-14,Anker 10-in-1 USB-C Docking Hub,Technology,East,Emily Watson,Zenith Dynamics Ltd,2,126.08,252.16,115.66,136.5,54.13
ORD-2025-10742,2026-02-14,Magnetic Glass Dry-Erase Board,Office Supplies,East,James Wilson,Evergreen Renewable Energy,14,208.49,2918.86,1735.16,1183.7,40.55
ORD-2024-10399,2026-02-14,"Dell UltraSharp 27"" 4K Monitor",Technology,West,Priya Sharma,Apollo Industrial Equipment,1,552.56,552.56,435.08,117.48,21.26
ORD-2025-12497,2026-02-15,Steel Storage Lateral Filing Cabinet,Furniture,South,David Rodriguez,Titan Cloud Infrastructure,5,332.45,1662.25,1251.25,411.0,24.73
ORD-2025-12482,2026-02-15,"Dell UltraSharp 27"" 4K Monitor",Technology,South,Amina Patel,Beacon Legal Consulting,1,571.16,571.16,380.37,190.79,33.4
ORD-2024-10435,2026-02-16,Cybersecurity Endpoint Protection Suite,Enterprise Software,South,Amina Patel,Nexus Logistics Group,4,976.45,3905.8,1304.84,2600.96,66.59
ORD-2024-12037,2026-02-17,Logitech MX Master 3S Mouse,Technology,West,Priya Sharma,Apollo Industrial Equipment,2,98.89,197.78,111.24,86.54,43.76
ORD-2026-12150,2026-02-17,Premium Recycled Copy Paper (Carton),Office Supplies,Central,Jessica Taylor,Cascade BioSciences,19,51.31,974.89,639.54,335.35,34.4
ORD-2025-12155,2026-02-17,Steel Storage Lateral Filing Cabinet,Furniture,West,Robert Martinez,Pinnacle Healthcare Systems,9,314.31,2828.79,1958.31,870.48,30.77
ORD-2024-11443,2026-02-17,Cloud Data Backup & Recovery License,Enterprise Software,North,Sarah Jenkins,Vanguard Financial Solutions,2,531.3,1062.6,260.08,802.52,75.52
ORD-2024-11389,2026-02-18,ThinkPad X1 Carbon Laptop,Technology,North,Sarah Jenkins,Apollo Industrial Equipment,6,1344.83,8068.98,5625.12,2443.86,30.29
ORD-2025-12314,2026-02-18,Magnetic Glass Dry-Erase Board,Office Supplies,East,Emily Watson,Horizon Retail Partners,12,203.3,2439.6,1648.68,790.92,32.42
ORD-2026-10245,2026-02-19,Samsung 2TB Portable NVMe SSD,Technology,North,Michael Chang,Apollo Industrial Equipment,5,176.7,883.5,704.1,179.4,20.31
ORD-2024-10543,2026-02-20,High-Yield Toner Cartridge Pack,Office Supplies,North,Sarah Jenkins,Summit Media Works,10,126.48,1264.8,717.0,547.8,43.31
ORD-2025-10730,2026-02-20,Cybersecurity Endpoint Protection Suite,Enterprise Software,East,James Wilson,Zenith Dynamics Ltd,5,1014.84,5074.2,1754.0,3320.2,65.43
ORD-2024-11134,2026-02-21,Magnetic Glass Dry-Erase Board,Office Supplies,West,Robert Martinez,Nexus Logistics Group,9,216.85,1951.65,1172.7,778.95,39.91
ORD-2024-11476,2026-02-21,ThinkPad X1 Carbon Laptop,Technology,West,Robert Martinez,Titan Cloud Infrastructure,3,1460.1,4380.3,3051.51,1328.79,30.34
ORD-2024-10465,2026-02-21,Samsung 2TB Portable NVMe SSD,Technology,West,Robert Martinez,Horizon Retail Partners,7,194.82,1363.74,850.43,513.31,37.64
ORD-2026-10629,2026-02-21,Acoustic Fabric Office Partition,Furniture,West,Robert Martinez,Apollo Industrial Equipment,10,249.18,2491.8,1682.1,809.7,32.49
ORD-2025-10625,2026-02-21,Cloud Analytics Pro License (Annual),Enterprise Software,West,Priya Sharma,Vanguard Financial Solutions,3,1139.67,3419.01,1242.06,2176.95,63.67
ORD-2026-10206,2026-02-22,"Dell UltraSharp 27"" 4K Monitor",Technology,South,Amina Patel,Silverline Manufacturing,10,547.18,5471.8,3604.9,1866.9,34.12
ORD-2024-11905,2026-02-22,Premium Recycled Copy Paper (Carton),Office Supplies,North,Michael Chang,Summit Media Works,6,48.12,288.72,180.42,108.3,37.51
ORD-2026-11259,2026-02-22,Logitech MX Master 3S Mouse,Technology,Central,Jessica Taylor,Vanguard Financial Solutions,8,93.62,748.96,442.4,306.56,40.93
ORD-2025-11135,2026-02-22,Anker 10-in-1 USB-C Docking Hub,Technology,East,James Wilson,Horizon Retail Partners,10,124.77,1247.7,735.1,512.6,41.08
ORD-2026-11577,2026-02-22,Cloud Analytics Pro License (Annual),Enterprise Software,West,Robert Martinez,Horizon Retail Partners,4,1120.11,4480.44,1530.8,2949.64,65.83
ORD-2026-12081,2026-02-22,HP LaserJet Pro Multi-function Printer,Office Supplies,South,Amina Patel,Zenith Dynamics Ltd,18,405.3,7295.4,5315.22,1980.18,27.14
ORD-2024-11023,2026-02-23,Sony WH-1000XM5 Headphones,Technology,East,Emily Watson,Metro Education Foundation,6,377.73,2266.38,1420.38,846.0,37.33
ORD-2024-10114,2026-02-23,Cloud Data Backup & Recovery License,Enterprise Software,East,James Wilson,Beacon Legal Consulting,3,568.49,1705.47,494.16,1211.31,71.02
ORD-2024-11857,2026-02-23,Samsung 2TB Portable NVMe SSD,Technology,West,Priya Sharma,Cascade BioSciences,6,184.73,1108.38,728.58,379.8,34.27
ORD-2025-10028,2026-02-23,Keychron Q3 Mechanical Keyboard,Technology,South,David Rodriguez,Vanguard Financial Solutions,2,167.83,335.66,206.16,129.5,38.58
ORD-2025-10190,2026-02-24,Executive Teakwood Conference Table,Furniture,South,David Rodriguez,Apollo Industrial Equipment,3,1945.49,5836.47,4714.2,1122.27,19.23
ORD-2026-12153,2026-02-24,Herman Miller Ergonomic Chair,Furniture,Central,Jessica Taylor,Horizon Retail Partners,5,1175.94,5879.7,4507.1,1372.6,23.34
ORD-2025-10991,2026-02-24,Logitech MX Master 3S Mouse,Technology,West,Robert Martinez,Vanguard Financial Solutions,5,103.77,518.85,304.35,214.5,41.34
ORD-2025-11996,2026-02-24,Executive Teakwood Conference Table,Furniture,South,Amina Patel,Bluebird Creative Labs,2,1802.54,3605.08,2640.48,964.6,26.76
ORD-2024-11752,2026-02-25,HP LaserJet Pro Multi-function Printer,Office Supplies,West,Robert Martinez,Vanguard Financial Solutions,3,434.73,1304.19,988.41,315.78,24.21
ORD-2026-10953,2026-02-25,Acoustic Fabric Office Partition,Furniture,North,Sarah Jenkins,Bluebird Creative Labs,4,266.88,1067.52,745.92,321.6,30.13
ORD-2025-11000,2026-02-25,Cybersecurity Endpoint Protection Suite,Enterprise Software,South,Amina Patel,Pinnacle Healthcare Systems,1,977.58,977.58,318.78,658.8,67.39
ORD-2026-12300,2026-02-25,Sony WH-1000XM5 Headphones,Technology,West,Priya Sharma,Silverline Manufacturing,6,385.77,2314.62,1397.22,917.4,39.64
ORD-2024-10180,2026-02-25,Executive Teakwood Conference Table,Furniture,South,Amina Patel,Nexus Logistics Group,10,1819.27,18192.7,14834.4,3358.3,18.46
ORD-2026-12387,2026-02-25,Automated CRM Collaboration Seat,Enterprise Software,South,David Rodriguez,Cascade BioSciences,1,662.52,662.52,227.35,435.17,65.68
ORD-2024-11749,2026-02-26,Premium Recycled Copy Paper (Carton),Office Supplies,West,Priya Sharma,Evergreen Renewable Energy,15,46.04,690.6,443.4,247.2,35.79
ORD-2025-10403,2026-02-26,HP LaserJet Pro Multi-function Printer,Office Supplies,North,Michael Chang,Titan Cloud Infrastructure,7,445.36,3117.52,2307.41,810.11,25.99
ORD-2025-10889,2026-02-26,Sony WH-1000XM5 Headphones,Technology,Central,Jessica Taylor,Metro Education Foundation,2,407.2,814.4,525.36,289.04,35.49
ORD-2026-11634,2026-02-27,Automated CRM Collaboration Seat,Enterprise Software,South,David Rodriguez,Beacon Legal Consulting,4,773.1,3092.4,1163.08,1929.32,62.39
ORD-2025-11978,2026-02-28,Anker 10-in-1 USB-C Docking Hub,Technology,East,James Wilson,Evergreen Renewable Energy,12,132.11,1585.32,878.04,707.28,44.61
ORD-2025-11906,2026-02-28,Sony WH-1000XM5 Headphones,Technology,West,Robert Martinez,Nexus Logistics Group,7,361.51,2530.57,1617.21,913.36,36.09
ORD-2024-10300,2026-02-28,Heavy-Duty Cross-Cut Paper Shredder,Office Supplies,West,Robert Martinez,Metro Education Foundation,15,150.54,2258.1,1402.95,855.15,37.87
ORD-2024-12124,2026-02-28,Logitech MX Master 3S Mouse,Technology,South,Amina Patel,Cascade BioSciences,8,91.14,729.12,433.2,295.92,40.59
ORD-2024-11377,2026-02-28,Cloud Data Backup & Recovery License,Enterprise Software,Central,Jessica Taylor,Titan Cloud Infrastructure,1,532.53,532.53,173.89,358.64,67.35
ORD-2025-10094,2026-02-28,High-Yield Toner Cartridge Pack,Office Supplies,West,Robert Martinez,Zenith Dynamics Ltd,12,129.4,1552.8,781.8,771.0,49.65
ORD-2026-11664,2026-03-01,Cybersecurity Endpoint Protection Suite,Enterprise Software,East,Emily Watson,Cascade BioSciences,8,897.37,7178.96,2865.36,4313.6,60.09
ORD-2025-11198,2026-03-01,Keychron Q3 Mechanical Keyboard,Technology,Central,Daniel Kim,Summit Media Works,4,170.67,682.68,396.12,286.56,41.98
ORD-2024-10084,2026-03-02,ThinkPad X1 Carbon Laptop,Technology,East,Emily Watson,Silverline Manufacturing,1,1400.96,1400.96,1006.0,394.96,28.19
ORD-2025-12320,2026-03-02,"Dell UltraSharp 27"" 4K Monitor",Technology,North,Sarah Jenkins,Apollo Industrial Equipment,4,575.13,2300.52,1623.08,677.44,29.45
ORD-2026-11442,2026-03-02,Cybersecurity Endpoint Protection Suite,Enterprise Software,Central,Daniel Kim,Beacon Legal Consulting,1,997.74,997.74,393.78,603.96,60.53
ORD-2026-11436,2026-03-02,Steel Storage Lateral Filing Cabinet,Furniture,Central,Jessica Taylor,Silverline Manufacturing,3,361.84,1085.52,812.52,273.0,25.15
ORD-2026-12042,2026-03-02,High-Yield Toner Cartridge Pack,Office Supplies,Central,Jessica Taylor,Titan Cloud Infrastructure,3,127.53,382.59,199.71,182.88,47.8
ORD-2024-10453,2026-03-02,Sony WH-1000XM5 Headphones,Technology,North,Michael Chang,Bluebird Creative Labs,2,396.58,793.16,491.62,301.54,38.02
ORD-2025-10493,2026-03-03,Sony WH-1000XM5 Headphones,Technology,East,James Wilson,Summit Media Works,8,369.93,2959.44,1843.92,1115.52,37.69
ORD-2026-11724,2026-03-04,Electric Dual-Motor Standing Desk,Furniture,East,Emily Watson,Nexus Logistics Group,2,729.68,1459.36,1129.84,329.52,22.58
ORD-2025-11915,2026-03-04,Executive Teakwood Conference Table,Furniture,Central,Jessica Taylor,Vanguard Financial Solutions,1,1941.54,1941.54,1469.97,471.57,24.29
ORD-2026-10068,2026-03-05,Cloud Data Backup & Recovery License,Enterprise Software,South,Amina Patel,Zenith Dynamics Ltd,4,547.77,2191.08,687.32,1503.76,68.63
ORD-2025-10505,2026-03-05,"Dell UltraSharp 27"" 4K Monitor",Technology,West,Robert Martinez,Silverline Manufacturing,1,565.27,565.27,366.76,198.51,35.12
ORD-2026-10458,2026-03-05,Sony WH-1000XM5 Headphones,Technology,South,Amina Patel,Pinnacle Healthcare Systems,8,370.48,2963.84,1953.68,1010.16,34.08
ORD-2024-10279,2026-03-05,Acoustic Fabric Office Partition,Furniture,South,Amina Patel,Summit Media Works,3,277.96,833.88,584.7,249.18,29.88
ORD-2025-11528,2026-03-06,Electric Dual-Motor Standing Desk,Furniture,North,Michael Chang,Summit Media Works,2,676.58,1353.16,925.0,428.16,31.64
ORD-2026-11451,2026-03-06,Acoustic Fabric Office Partition,Furniture,East,Emily Watson,Bluebird Creative Labs,7,257.35,1801.45,1165.71,635.74,35.29
ORD-2025-11987,2026-03-06,"Dell UltraSharp 27"" 4K Monitor",Technology,East,Emily Watson,Evergreen Renewable Energy,9,543.7,4893.3,3136.5,1756.8,35.9
ORD-2024-11878,2026-03-07,Sony WH-1000XM5 Headphones,Technology,North,Michael Chang,Evergreen Renewable Energy,9,387.43,3486.87,2107.53,1379.34,39.56
ORD-2024-12172,2026-03-07,High-Yield Toner Cartridge Pack,Office Supplies,South,Amina Patel,Horizon Retail Partners,11,119.86,1318.46,755.7,562.76,42.68
ORD-2026-10827,2026-03-08,Herman Miller Ergonomic Chair,Furniture,East,Emily Watson,Pinnacle Healthcare Systems,2,1208.51,2417.02,1678.12,738.9,30.57
ORD-2024-12031,2026-03-09,HP LaserJet Pro Multi-function Printer,Office Supplies,East,James Wilson,Titan Cloud Infrastructure,12,415.75,4989.0,4092.72,896.28,17.97
ORD-2025-11120,2026-03-09,Magnetic Glass Dry-Erase Board,Office Supplies,Central,Jessica Taylor,Horizon Retail Partners,17,224.71,3820.07,2601.51,1218.56,31.9
ORD-2026-12438,2026-03-09,Samsung 2TB Portable NVMe SSD,Technology,West,Robert Martinez,Titan Cloud Infrastructure,4,202.22,808.88,535.4,273.48,33.81
ORD-2026-11361,2026-03-09,Anker 10-in-1 USB-C Docking Hub,Technology,South,David Rodriguez,Zenith Dynamics Ltd,12,134.16,1609.92,903.0,706.92,43.91
ORD-2024-10123,2026-03-09,Anker 10-in-1 USB-C Docking Hub,Technology,Central,Jessica Taylor,Evergreen Renewable Energy,10,139.24,1392.4,707.2,685.2,49.21
ORD-2024-11236,2026-03-09,HP LaserJet Pro Multi-function Printer,Office Supplies,East,Emily Watson,Pinnacle Healthcare Systems,20,446.48,8929.6,6604.6,2325.0,26.04
ORD-2026-11124,2026-03-10,Anker 10-in-1 USB-C Docking Hub,Technology,East,James Wilson,Bluebird Creative Labs,8,130.9,1047.2,648.8,398.4,38.04
ORD-2024-11440,2026-03-10,Premium Recycled Copy Paper (Carton),Office Supplies,North,Michael Chang,Apollo Industrial Equipment,13,44.96,584.48,388.7,195.78,33.5
ORD-2024-12079,2026-03-10,Premium Recycled Copy Paper (Carton),Office Supplies,West,Priya Sharma,Apollo Industrial Equipment,21,49.51,1039.71,606.06,433.65,41.71
ORD-2026-11535,2026-03-10,High-Yield Toner Cartridge Pack,Office Supplies,North,Michael Chang,Vanguard Financial Solutions,15,125.33,1879.95,915.75,964.2,51.29
ORD-2024-12352,2026-03-11,Heavy-Duty Cross-Cut Paper Shredder,Office Supplies,East,Emily Watson,Metro Education Foundation,2,171.53,343.06,209.2,133.86,39.02
ORD-2025-12164,2026-03-11,ThinkPad X1 Carbon Laptop,Technology,West,Priya Sharma,Zenith Dynamics Ltd,7,1352.21,9465.47,6926.99,2538.48,26.82
ORD-2026-11250,2026-03-12,Herman Miller Ergonomic Chair,Furniture,North,Michael Chang,Evergreen Renewable Energy,3,1198.33,3594.99,2419.35,1175.64,32.7
ORD-2026-10914,2026-03-12,High-Yield Toner Cartridge Pack,Office Supplies,South,David Rodriguez,Apollo Industrial Equipment,9,131.5,1183.5,527.13,656.37,55.46
ORD-2025-11981,2026-03-12,Electric Dual-Motor Standing Desk,Furniture,North,Sarah Jenkins,Titan Cloud Infrastructure,10,699.99,6999.9,4796.4,2203.5,31.48
ORD-2025-11369,2026-03-12,Premium Recycled Copy Paper (Carton),Office Supplies,North,Michael Chang,Metro Education Foundation,12,49.25,591.0,362.88,228.12,38.6
ORD-2026-12282,2026-03-13,Cloud Data Backup & Recovery License,Enterprise Software,Central,Daniel Kim,Beacon Legal Consulting,7,529.38,3705.66,1035.44,2670.22,72.06
ORD-2025-10646,2026-03-14,Premium Recycled Copy Paper (Carton),Office Supplies,South,David Rodriguez,Pinnacle Healthcare Systems,4,47.8,191.2,133.12,58.08,30.38
ORD-2026-10014,2026-03-14,Anker 10-in-1 USB-C Docking Hub,Technology,West,Robert Martinez,Bluebird Creative Labs,12,132.77,1593.24,908.28,684.96,42.99
ORD-2024-10930,2026-03-14,Electric Dual-Motor Standing Desk,Furniture,North,Sarah Jenkins,Apollo Industrial Equipment,9,689.89,6209.01,4295.88,1913.13,30.81
ORD-2026-10305,2026-03-17,Steel Storage Lateral Filing Cabinet,Furniture,North,Michael Chang,Summit Media Works,3,329.09,987.27,645.87,341.4,34.58
ORD-2026-10653,2026-03-17,Anker 10-in-1 USB-C Docking Hub,Technology,South,Amina Patel,Beacon Legal Consulting,7,139.15,974.05,542.01,432.04,44.36
ORD-2025-10757,2026-03-17,Automated CRM Collaboration Seat,Enterprise Software,West,Priya Sharma,Acme Global Technologies,8,724.57,5796.56,2204.72,3591.84,61.97
ORD-2025-11195,2026-03-17,Automated CRM Collaboration Seat,Enterprise Software,Central,Daniel Kim,Acme Global Technologies,5,756.98,3784.9,1409.6,2375.3,62.76
ORD-2024-10063,2026-03-17,Cloud Analytics Pro License (Annual),Enterprise Software,East,James Wilson,Cascade BioSciences,6,1177.13,7062.78,2009.94,5052.84,71.54
ORD-2025-10103,2026-03-17,Cloud Data Backup & Recovery License,Enterprise Software,North,Michael Chang,Summit Media Works,1,574.39,574.39,185.5,388.89,67.7
ORD-2026-11160,2026-03-17,Cloud Data Backup & Recovery License,Enterprise Software,North,Michael Chang,Metro Education Foundation,8,529.62,4236.96,1180.0,3056.96,72.15
ORD-2025-11810,2026-03-18,Magnetic Glass Dry-Erase Board,Office Supplies,West,Priya Sharma,Pinnacle Healthcare Systems,16,225.64,3610.24,2251.52,1358.72,37.64
ORD-2026-11637,2026-03-18,High-Yield Toner Cartridge Pack,Office Supplies,South,David Rodriguez,Evergreen Renewable Energy,12,132.36,1588.32,850.56,737.76,46.45
ORD-2026-11355,2026-03-19,Herman Miller Ergonomic Chair,Furniture,North,Michael Chang,Beacon Legal Consulting,9,1129.1,10161.9,7045.92,3115.98,30.66
ORD-2024-10600,2026-03-19,High-Yield Toner Cartridge Pack,Office Supplies,North,Sarah Jenkins,Titan Cloud Infrastructure,21,117.92,2476.32,1170.54,1305.78,52.73
ORD-2026-11526,2026-03-20,"Dell UltraSharp 27"" 4K Monitor",Technology,West,Robert Martinez,Vanguard Financial Solutions,8,590.62,4724.96,3314.08,1410.88,29.86
ORD-2026-11625,2026-03-20,Logitech MX Master 3S Mouse,Technology,South,Amina Patel,Evergreen Renewable Energy,3,92.58,277.74,172.08,105.66,38.04
ORD-2026-11706,2026-03-21,Executive Teakwood Conference Table,Furniture,North,Michael Chang,Bluebird Creative Labs,1,1948.14,1948.14,1656.06,292.08,14.99
ORD-2024-10282,2026-03-22,Sony WH-1000XM5 Headphones,Technology,North,Sarah Jenkins,Horizon Retail Partners,2,386.31,772.62,497.66,274.96,35.59
ORD-2025-10226,2026-03-22,Electric Dual-Motor Standing Desk,Furniture,West,Priya Sharma,Nexus Logistics Group,3,710.08,2130.24,1622.28,507.96,23.85
ORD-2026-10083,2026-03-22,High-Yield Toner Cartridge Pack,Office Supplies,East,James Wilson,Nexus Logistics Group,15,120.6,1809.0,981.6,827.4,45.74
ORD-2026-11997,2026-03-22,Magnetic Glass Dry-Erase Board,Office Supplies,East,James Wilson,Horizon Retail Partners,2,223.93,447.86,286.76,161.1,35.97
ORD-2025-10508,2026-03-23,Sony WH-1000XM5 Headphones,Technology,East,James Wilson,Cascade BioSciences,11,370.33,4073.63,2647.81,1425.82,35.0
ORD-2026-11646,2026-03-24,Cloud Analytics Pro License (Annual),Enterprise Software,North,Sarah Jenkins,Zenith Dynamics Ltd,3,1283.53,3850.59,1050.0,2800.59,72.73
ORD-2024-12085,2026-03-24,Samsung 2TB Portable NVMe SSD,Technology,West,Robert Martinez,Horizon Retail Partners,6,183.48,1100.88,782.82,318.06,28.89
ORD-2025-10034,2026-03-24,HP LaserJet Pro Multi-function Printer,Office Supplies,West,Robert Martinez,Nexus Logistics Group,18,440.84,7935.12,5592.06,2343.06,29.53
ORD-2025-11468,2026-03-24,Samsung 2TB Portable NVMe SSD,Technology,North,Michael Chang,Beacon Legal Consulting,7,184.55,1291.85,927.15,364.7,28.23
ORD-2024-10411,2026-03-24,Premium Recycled Copy Paper (Carton),Office Supplies,North,Michael Chang,Beacon Legal Consulting,13,44.75,581.75,351.26,230.49,39.62
ORD-2026-10956,2026-03-24,Anker 10-in-1 USB-C Docking Hub,Technology,West,Robert Martinez,Horizon Retail Partners,1,123.69,123.69,71.8,51.89,41.95
ORD-2025-10664,2026-03-25,High-Yield Toner Cartridge Pack,Office Supplies,East,Emily Watson,Horizon Retail Partners,2,120.22,240.44,118.3,122.14,50.8
ORD-2025-10169,2026-03-25,Magnetic Glass Dry-Erase Board,Office Supplies,East,James Wilson,Horizon Retail Partners,2,201.13,402.26,240.12,162.14,40.31
ORD-2026-11136,2026-03-25,Cybersecurity Endpoint Protection Suite,Enterprise Software,North,Michael Chang,Metro Education Foundation,1,991.78,991.78,322.69,669.09,67.46
ORD-2025-12080,2026-03-25,Keychron Q3 Mechanical Keyboard,Technology,North,Michael Chang,Vanguard Financial Solutions,1,179.37,179.37,115.41,63.96,35.66
ORD-2024-10738,2026-03-26,Sony WH-1000XM5 Headphones,Technology,North,Sarah Jenkins,Beacon Legal Consulting,3,407.99,1223.97,793.74,430.23,35.15
ORD-2024-10345,2026-03-26,Executive Teakwood Conference Table,Furniture,South,Amina Patel,Titan Cloud Infrastructure,9,1974.18,17767.62,14320.26,3447.36,19.4
ORD-2026-11286,2026-03-27,Anker 10-in-1 USB-C Docking Hub,Technology,West,Priya Sharma,Pinnacle Healthcare Systems,11,124.69,1371.59,795.41,576.18,42.01
ORD-2026-10947,2026-03-27,Magnetic Glass Dry-Erase Board,Office Supplies,West,Robert Martinez,Beacon Legal Consulting,6,203.67,1222.02,735.12,486.9,39.84
ORD-2024-11728,2026-03-27,Anker 10-in-1 USB-C Docking Hub,Technology,West,Priya Sharma,Pinnacle Healthcare Systems,7,133.96,937.72,911.12,26.6,2.84
ORD-2025-11075,2026-03-28,Samsung 2TB Portable NVMe SSD,Technology,North,Sarah Jenkins,Nexus Logistics Group,7,203.92,1427.44,973.49,453.95,31.8
ORD-2024-10450,2026-03-28,Heavy-Duty Cross-Cut Paper Shredder,Office Supplies,East,James Wilson,Nexus Logistics Group,9,170.51,1534.59,1050.3,484.29,31.56
ORD-2026-11268,2026-03-28,Automated CRM Collaboration Seat,Enterprise Software,West,Robert Martinez,Silverline Manufacturing,7,744.43,5211.01,1996.26,3214.75,61.69
ORD-2026-10425,2026-03-28,Sony WH-1000XM5 Headphones,Technology,East,James Wilson,Summit Media Works,4,360.5,1442.0,965.28,476.72,33.06
ORD-2025-12221,2026-03-28,Heavy-Duty Cross-Cut Paper Shredder,Office Supplies,East,James Wilson,Bluebird Creative Labs,3,153.55,460.65,279.9,180.75,39.24
ORD-2024-10855,2026-03-29,Cloud Data Backup & Recovery License,Enterprise Software,West,Robert Martinez,Bluebird Creative Labs,6,571.72,3430.32,1073.94,2356.38,68.69
ORD-2024-10882,2026-03-29,Premium Recycled Copy Paper (Carton),Office Supplies,West,Priya Sharma,Beacon Legal Consulting,4,49.95,199.8,122.96,76.84,38.46
ORD-2026-10209,2026-03-29,Electric Dual-Motor Standing Desk,Furniture,North,Sarah Jenkins,Pinnacle Healthcare Systems,2,701.22,1402.44,1013.28,389.16,27.75
ORD-2026-10428,2026-03-30,Keychron Q3 Mechanical Keyboard,Technology,East,James Wilson,Pinnacle Healthcare Systems,8,177.6,1420.8,907.36,513.44,36.14
ORD-2025-11714,2026-03-30,Cloud Data Backup & Recovery License,Enterprise Software,East,James Wilson,Silverline Manufacturing,3,538.87,1616.61,391.59,1225.02,75.78
ORD-2025-11663,2026-03-30,High-Yield Toner Cartridge Pack,Office Supplies,Central,Daniel Kim,Metro Education Foundation,3,132.01,396.03,166.05,229.98,58.07
ORD-2025-10787,2026-03-31,Sony WH-1000XM5 Headphones,Technology,South,Amina Patel,Cascade BioSciences,9,406.48,3658.32,2343.87,1314.45,35.93
ORD-2025-10154,2026-03-31,"Dell UltraSharp 27"" 4K Monitor",Technology,West,Robert Martinez,Vanguard Financial Solutions,5,605.97,3029.85,1968.15,1061.7,35.04
ORD-2024-10639,2026-04-01,Executive Teakwood Conference Table,Furniture,North,Michael Chang,Acme Global Technologies,4,1798.55,7194.2,5653.16,1541.04,21.42
ORD-2025-10598,2026-04-01,High-Yield Toner Cartridge Pack,Office Supplies,East,James Wilson,Cascade BioSciences,5,115.8,579.0,309.95,269.05,46.47
ORD-2026-10920,2026-04-01,Premium Recycled Copy Paper (Carton),Office Supplies,South,Amina Patel,Apollo Industrial Equipment,7,47.84,334.88,195.3,139.58,41.68
ORD-2026-12225,2026-04-02,HP LaserJet Pro Multi-function Printer,Office Supplies,South,Amina Patel,Pinnacle Healthcare Systems,6,434.88,2609.28,1869.72,739.56,28.34
ORD-2024-10732,2026-04-02,Heavy-Duty Cross-Cut Paper Shredder,Office Supplies,West,Priya Sharma,Metro Education Foundation,11,164.44,1808.84,1242.56,566.28,31.31
ORD-2025-10043,2026-04-03,Cloud Analytics Pro License (Annual),Enterprise Software,North,Michael Chang,Vanguard Financial Solutions,3,1111.82,3335.46,874.71,2460.75,73.78
ORD-2025-11975,2026-04-03,Cybersecurity Endpoint Protection Suite,Enterprise Software,Central,Jessica Taylor,Beacon Legal Consulting,4,891.09,3564.36,1334.48,2229.88,62.56
ORD-2025-10334,2026-04-03,Keychron Q3 Mechanical Keyboard,Technology,North,Michael Chang,Bluebird Creative Labs,3,178.43,535.29,345.09,190.2,35.53
ORD-2024-11791,2026-04-03,Heavy-Duty Cross-Cut Paper Shredder,Office Supplies,East,Emily Watson,Cascade BioSciences,14,166.87,2336.18,1375.78,960.4,41.11
ORD-2025-11885,2026-04-03,Magnetic Glass Dry-Erase Board,Office Supplies,South,Amina Patel,Evergreen Renewable Energy,10,218.33,2183.3,1340.8,842.5,38.59
ORD-2025-10886,2026-04-05,Logitech MX Master 3S Mouse,Technology,Central,Jessica Taylor,Apollo Industrial Equipment,8,103.28,826.24,478.96,347.28,42.03
ORD-2025-12473,2026-04-05,Samsung 2TB Portable NVMe SSD,Technology,East,Emily Watson,Titan Cloud Infrastructure,6,194.32,1165.92,869.52,296.4,25.42
ORD-2024-11188,2026-04-05,Executive Teakwood Conference Table,Furniture,West,Priya Sharma,Vanguard Financial Solutions,1,1816.83,1816.83,1441.53,375.3,20.66
ORD-2024-10741,2026-04-06,Magnetic Glass Dry-Erase Board,Office Supplies,East,Emily Watson,Evergreen Renewable Energy,11,195.65,2152.15,1260.49,891.66,41.43
ORD-2024-11950,2026-04-06,Anker 10-in-1 USB-C Docking Hub,Technology,North,Michael Chang,Evergreen Renewable Energy,4,137.52,550.08,327.24,222.84,40.51
ORD-2024-11104,2026-04-06,Electric Dual-Motor Standing Desk,Furniture,East,Emily Watson,Beacon Legal Consulting,5,626.84,3134.2,2373.75,760.45,24.26
ORD-2025-12200,2026-04-06,ThinkPad X1 Carbon Laptop,Technology,South,David Rodriguez,Nexus Logistics Group,5,1510.54,7552.7,5665.65,1887.05,24.99
ORD-2024-10825,2026-04-06,High-Yield Toner Cartridge Pack,Office Supplies,North,Sarah Jenkins,Bluebird Creative Labs,4,130.8,523.2,298.48,224.72,42.95
ORD-2026-10308,2026-04-06,Electric Dual-Motor Standing Desk,Furniture,East,James Wilson,Horizon Retail Partners,1,632.78,632.78,456.21,176.57,27.9
ORD-2024-11650,2026-04-06,Anker 10-in-1 USB-C Docking Hub,Technology,East,Emily Watson,Beacon Legal Consulting,12,137.14,1645.68,927.0,718.68,43.67
ORD-2025-11648,2026-04-06,High-Yield Toner Cartridge Pack,Office Supplies,North,Michael Chang,Cascade BioSciences,7,132.77,929.39,438.27,491.12,52.84
ORD-2025-10619,2026-04-06,Logitech MX Master 3S Mouse,Technology,West,Priya Sharma,Vanguard Financial Solutions,10,96.47,964.7,501.4,463.3,48.03
ORD-2026-10230,2026-04-06,ThinkPad X1 Carbon Laptop,Technology,East,James Wilson,Cascade BioSciences,3,1519.62,4558.86,3234.84,1324.02,29.04
ORD-2026-10584,2026-04-06,Premium Recycled Copy Paper (Carton),Office Supplies,Central,Daniel Kim,Acme Global Technologies,2,46.81,93.62,62.24,31.38,33.52
ORD-2026-10737,2026-04-07,ThinkPad X1 Carbon Laptop,Technology,West,Priya Sharma,Silverline Manufacturing,1,1401.08,1401.08,975.57,425.51,30.37
ORD-2025-11552,2026-04-07,Steel Storage Lateral Filing Cabinet,Furniture,West,Robert Martinez,Pinnacle Healthcare Systems,2,362.69,725.38,542.38,183.0,25.23
ORD-2026-10293,2026-04-07,"Dell UltraSharp 27"" 4K Monitor",Technology,North,Michael Chang,Silverline Manufacturing,12,580.51,6966.12,4765.44,2200.68,31.59
ORD-2025-11225,2026-04-08,"Dell UltraSharp 27"" 4K Monitor",Technology,South,David Rodriguez,Zenith Dynamics Ltd,2,618.03,1236.06,776.2,459.86,37.2
ORD-2026-11277,2026-04-08,Sony WH-1000XM5 Headphones,Technology,Central,Daniel Kim,Summit Media Works,10,358.91,3589.1,2404.0,1185.1,33.02
ORD-2025-10247,2026-04-08,Executive Teakwood Conference Table,Furniture,East,Emily Watson,Apollo Industrial Equipment,6,1760.64,10563.84,8803.14,1760.7,16.67
ORD-2024-11572,2026-04-09,"Dell UltraSharp 27"" 4K Monitor",Technology,East,Emily Watson,Bluebird Creative Labs,12,588.97,7067.64,7014.6,53.04,0.75
ORD-2026-10734,2026-04-09,High-Yield Toner Cartridge Pack,Office Supplies,West,Robert Martinez,Evergreen Renewable Energy,6,134.31,805.86,388.38,417.48,51.81
ORD-2025-10724,2026-04-09,Samsung 2TB Portable NVMe SSD,Technology,North,Sarah Jenkins,Vanguard Financial Solutions,7,199.52,1396.64,1053.43,343.21,24.57
ORD-2025-10181,2026-04-10,Samsung 2TB Portable NVMe SSD,Technology,North,Michael Chang,Evergreen Renewable Energy,5,193.14,965.7,727.1,238.6,24.71
ORD-2026-11085,2026-04-11,Automated CRM Collaboration Seat,Enterprise Software,South,David Rodriguez,Horizon Retail Partners,5,709.71,3548.55,1469.85,2078.7,58.58
ORD-2026-10881,2026-04-11,Acoustic Fabric Office Partition,Furniture,West,Priya Sharma,Apollo Industrial Equipment,3,275.26,825.78,504.12,321.66,38.95
ORD-2025-11930,2026-04-11,Samsung 2TB Portable NVMe SSD,Technology,South,David Rodriguez,Vanguard Financial Solutions,5,186.08,930.4,658.0,272.4,29.28
ORD-2024-11491,2026-04-11,Cloud Data Backup & Recovery License,Enterprise Software,North,Sarah Jenkins,Acme Global Technologies,1,518.54,518.54,165.71,352.83,68.04
ORD-2025-11315,2026-04-12,Electric Dual-Motor Standing Desk,Furniture,South,Amina Patel,Nexus Logistics Group,7,727.89,5095.23,3600.8,1494.43,29.33
ORD-2025-12011,2026-04-12,Keychron Q3 Mechanical Keyboard,Technology,South,David Rodriguez,Cascade BioSciences,5,177.76,888.8,475.75,413.05,46.47
ORD-2024-11266,2026-04-12,Heavy-Duty Cross-Cut Paper Shredder,Office Supplies,Central,Jessica Taylor,Titan Cloud Infrastructure,23,155.12,3567.76,2268.95,1298.81,36.4
ORD-2024-11059,2026-04-13,Premium Recycled Copy Paper (Carton),Office Supplies,East,James Wilson,Titan Cloud Infrastructure,17,46.29,786.93,480.76,306.17,38.91
ORD-2026-12006,2026-04-13,Premium Recycled Copy Paper (Carton),Office Supplies,East,James Wilson,Pinnacle Healthcare Systems,2,46.81,93.62,59.54,34.08,36.4
ORD-2024-10558,2026-04-13,Logitech MX Master 3S Mouse,Technology,Central,Jessica Taylor,Horizon Retail Partners,1,93.84,93.84,57.77,36.07,38.44
ORD-2026-11748,2026-04-14,Keychron Q3 Mechanical Keyboard,Technology,West,Robert Martinez,Beacon Legal Consulting,3,178.82,536.46,309.12,227.34,42.38
ORD-2026-10485,2026-04-14,HP LaserJet Pro Multi-function Printer,Office Supplies,East,Emily Watson,Summit Media Works,4,414.44,1657.76,1279.84,377.92,22.8
ORD-2024-10729,2026-04-14,Acoustic Fabric Office Partition,Furniture,North,Sarah Jenkins,Nexus Logistics Group,10,265.11,2651.1,1763.0,888.1,33.5
ORD-2024-11779,2026-04-15,Samsung 2TB Portable NVMe SSD,Technology,South,David Rodriguez,Zenith Dynamics Ltd,1,184.8,184.8,124.98,59.82,32.37
ORD-2025-10076,2026-04-15,Executive Teakwood Conference Table,Furniture,East,Emily Watson,Horizon Retail Partners,10,1733.72,17337.2,12466.3,4870.9,28.1
ORD-2026-11028,2026-04-16,Automated CRM Collaboration Seat,Enterprise Software,South,David Rodriguez,Nexus Logistics Group,1,682.07,682.07,227.77,454.3,66.61
ORD-2025-12404,2026-04-16,Premium Recycled Copy Paper (Carton),Office Supplies,East,Emily Watson,Bluebird Creative Labs,11,47.29,520.19,341.99,178.2,34.26
ORD-2025-11411,2026-04-17,Samsung 2TB Portable NVMe SSD,Technology,East,James Wilson,Evergreen Renewable Energy,11,191.43,2105.73,1614.14,491.59,23.35
ORD-2025-12341,2026-04-17,High-Yield Toner Cartridge Pack,Office Supplies,Central,Jessica Taylor,Acme Global Technologies,9,127.5,1147.5,658.26,489.24,42.64
ORD-2024-11158,2026-04-18,Sony WH-1000XM5 Headphones,Technology,East,Emily Watson,Silverline Manufacturing,10,399.98,3999.8,2449.1,1550.7,38.77
ORD-2025-11378,2026-04-18,Cloud Data Backup & Recovery License,Enterprise Software,East,Emily Watson,Beacon Legal Consulting,7,565.57,3958.99,1327.97,2631.02,66.46
ORD-2026-10800,2026-04-18,Keychron Q3 Mechanical Keyboard,Technology,South,David Rodriguez,Pinnacle Healthcare Systems,11,172.5,1897.5,1201.09,696.41,36.7
ORD-2025-11633,2026-04-18,Executive Teakwood Conference Table,Furniture,West,Priya Sharma,Cascade BioSciences,10,1802.35,18023.5,15183.1,2840.4,15.76
ORD-2024-10183,2026-04-19,Samsung 2TB Portable NVMe SSD,Technology,East,James Wilson,Evergreen Renewable Energy,11,193.28,2126.08,1628.22,497.86,23.42
ORD-2026-11445,2026-04-19,Keychron Q3 Mechanical Keyboard,Technology,North,Sarah Jenkins,Zenith Dynamics Ltd,6,161.29,967.74,610.92,356.82,36.87
ORD-2024-10696,2026-04-19,HP LaserJet Pro Multi-function Printer,Office Supplies,East,Emily Watson,Nexus Logistics Group,4,398.94,1595.76,1206.4,389.36,24.4
ORD-2026-11019,2026-04-20,Cloud Data Backup & Recovery License,Enterprise Software,North,Sarah Jenkins,Evergreen Renewable Energy,7,512.23,3585.61,1205.33,2380.28,66.38
ORD-2025-11597,2026-04-21,Logitech MX Master 3S Mouse,Technology,North,Michael Chang,Apollo Industrial Equipment,11,106.27,1168.97,1137.4,31.57,2.7
ORD-2024-10648,2026-04-21,Executive Teakwood Conference Table,Furniture,North,Sarah Jenkins,Acme Global Technologies,4,1906.75,7627.0,6035.04,1591.96,20.87
ORD-2026-10932,2026-04-21,Steel Storage Lateral Filing Cabinet,Furniture,West,Priya Sharma,Beacon Legal Consulting,2,348.91,697.82,479.04,218.78,31.35
ORD-2025-11549,2026-04-21,ThinkPad X1 Carbon Laptop,Technology,Central,Jessica Taylor,Acme Global Technologies,7,1467.43,10272.01,7718.13,2553.88,24.86
ORD-2024-11461,2026-04-22,Anker 10-in-1 USB-C Docking Hub,Technology,East,Emily Watson,Summit Media Works,2,128.54,257.08,154.62,102.46,39.86
ORD-2025-11882,2026-04-23,Premium Recycled Copy Paper (Carton),Office Supplies,East,Emily Watson,Acme Global Technologies,3,51.06,153.18,95.34,57.84,37.76
ORD-2025-10286,2026-04-23,High-Yield Toner Cartridge Pack,Office Supplies,East,James Wilson,Nexus Logistics Group,9,120.9,1088.1,561.06,527.04,48.44
ORD-2025-10115,2026-04-24,Premium Recycled Copy Paper (Carton),Office Supplies,East,James Wilson,Titan Cloud Infrastructure,9,47.1,423.9,266.85,157.05,37.05
ORD-2026-11133,2026-04-24,HP LaserJet Pro Multi-function Printer,Office Supplies,East,Emily Watson,Metro Education Foundation,7,435.76,3050.32,2326.45,723.87,23.73
ORD-2024-12256,2026-04-24,Anker 10-in-1 USB-C Docking Hub,Technology,South,David Rodriguez,Acme Global Technologies,11,126.95,1396.45,749.87,646.58,46.3
ORD-2024-11545,2026-04-24,Acoustic Fabric Office Partition,Furniture,North,Sarah Jenkins,Horizon Retail Partners,10,268.13,2681.3,2001.4,679.9,25.36
ORD-2024-11425,2026-04-24,Magnetic Glass Dry-Erase Board,Office Supplies,Central,Jessica Taylor,Bluebird Creative Labs,7,220.27,1541.89,962.22,579.67,37.59
ORD-2026-12270,2026-04-25,Cloud Analytics Pro License (Annual),Enterprise Software,South,Amina Patel,Beacon Legal Consulting,8,1117.63,8941.04,2671.04,6270.0,70.13
ORD-2025-12464,2026-04-25,Cloud Data Backup & Recovery License,Enterprise Software,West,Robert Martinez,Nexus Logistics Group,6,579.16,3474.96,1052.64,2422.32,69.71
ORD-2024-10630,2026-04-25,Cloud Data Backup & Recovery License,Enterprise Software,East,Emily Watson,Nexus Logistics Group,3,507.1,1521.3,461.19,1060.11,69.68
ORD-2024-12040,2026-04-25,Anker 10-in-1 USB-C Docking Hub,Technology,East,Emily Watson,Silverline Manufacturing,4,138.34,553.36,289.84,263.52,47.62
ORD-2025-10355,2026-04-26,Cybersecurity Endpoint Protection Suite,Enterprise Software,East,James Wilson,Pinnacle Healthcare Systems,1,920.05,920.05,250.47,669.58,72.78
ORD-2026-10317,2026-04-26,ThinkPad X1 Carbon Laptop,Technology,North,Michael Chang,Beacon Legal Consulting,9,1391.26,12521.34,9445.32,3076.02,24.57
ORD-2026-10395,2026-04-26,Cloud Analytics Pro License (Annual),Enterprise Software,North,Sarah Jenkins,Apollo Industrial Equipment,8,1203.69,9629.52,9813.6,-184.08,-1.91
ORD-2026-10359,2026-04-26,"Dell UltraSharp 27"" 4K Monitor",Technology,East,James Wilson,Apollo Industrial Equipment,8,580.83,4646.64,3046.96,1599.68,34.43
ORD-2026-11568,2026-04-27,Herman Miller Ergonomic Chair,Furniture,South,David Rodriguez,Bluebird Creative Labs,9,1144.08,10296.72,8234.46,2062.26,20.03
ORD-2024-12175,2026-04-27,Herman Miller Ergonomic Chair,Furniture,South,Amina Patel,Nexus Logistics Group,4,1133.61,4534.44,3476.56,1057.88,23.33
ORD-2025-11909,2026-04-27,Executive Teakwood Conference Table,Furniture,North,Sarah Jenkins,Bluebird Creative Labs,4,1951.52,7806.08,5987.08,1819.0,23.3
ORD-2025-11210,2026-04-28,Electric Dual-Motor Standing Desk,Furniture,West,Priya Sharma,Evergreen Renewable Energy,4,665.6,2662.4,1905.44,756.96,28.43
ORD-2026-11316,2026-04-28,Cybersecurity Endpoint Protection Suite,Enterprise Software,West,Robert Martinez,Acme Global Technologies,2,979.45,1958.9,753.9,1205.0,61.51
ORD-2025-11399,2026-04-28,Samsung 2TB Portable NVMe SSD,Technology,North,Michael Chang,Metro Education Foundation,4,188.56,754.24,492.28,261.96,34.73
ORD-2025-12491,2026-04-28,Executive Teakwood Conference Table,Furniture,West,Robert Martinez,Beacon Legal Consulting,4,1805.24,7220.96,5495.28,1725.68,23.9
ORD-2025-11027,2026-04-28,Electric Dual-Motor Standing Desk,Furniture,East,James Wilson,Apollo Industrial Equipment,10,711.54,7115.4,5373.6,1741.8,24.48
ORD-2025-10601,2026-04-29,Anker 10-in-1 USB-C Docking Hub,Technology,South,David Rodriguez,Nexus Logistics Group,7,122.69,858.83,510.44,348.39,40.57
ORD-2026-12237,2026-04-29,Magnetic Glass Dry-Erase Board,Office Supplies,North,Michael Chang,Zenith Dynamics Ltd,11,203.78,2241.58,1249.27,992.31,44.27
ORD-2025-12065,2026-04-29,Steel Storage Lateral Filing Cabinet,Furniture,South,Amina Patel,Bluebird Creative Labs,1,347.25,347.25,255.67,91.58,26.37
ORD-2025-11267,2026-04-29,Samsung 2TB Portable NVMe SSD,Technology,North,Sarah Jenkins,Titan Cloud Infrastructure,6,191.61,1149.66,810.42,339.24,29.51
ORD-2024-10165,2026-04-30,Cloud Data Backup & Recovery License,Enterprise Software,Central,Jessica Taylor,Evergreen Renewable Energy,7,515.0,3605.0,1164.1,2440.9,67.71
ORD-2025-12332,2026-04-30,Sony WH-1000XM5 Headphones,Technology,Central,Daniel Kim,Silverline Manufacturing,9,383.34,3450.06,2272.14,1177.92,34.14
ORD-2024-10129,2026-04-30,Executive Teakwood Conference Table,Furniture,South,Amina Patel,Evergreen Renewable Energy,1,1787.02,1787.02,1337.14,449.88,25.17
ORD-2024-10168,2026-05-01,High-Yield Toner Cartridge Pack,Office Supplies,Central,Jessica Taylor,Metro Education Foundation,12,120.16,1441.92,731.4,710.52,49.28
ORD-2024-10504,2026-05-01,Magnetic Glass Dry-Erase Board,Office Supplies,North,Michael Chang,Metro Education Foundation,14,214.21,2998.94,1712.76,1286.18,42.89
ORD-2024-10591,2026-05-01,Keychron Q3 Mechanical Keyboard,Technology,South,David Rodriguez,Apollo Industrial Equipment,4,185.53,742.12,446.12,296.0,39.89
ORD-2024-12205,2026-05-02,ThinkPad X1 Carbon Laptop,Technology,West,Robert Martinez,Beacon Legal Consulting,12,1341.64,16099.68,11130.96,4968.72,30.86
ORD-2024-10102,2026-05-02,Executive Teakwood Conference Table,Furniture,North,Michael Chang,Vanguard Financial Solutions,7,1824.73,12773.11,9699.06,3074.05,24.07
ORD-2024-10312,2026-05-02,Sony WH-1000XM5 Headphones,Technology,Central,Jessica Taylor,Zenith Dynamics Ltd,4,386.29,1545.16,1012.56,532.6,34.47
ORD-2025-11747,2026-05-02,Automated CRM Collaboration Seat,Enterprise Software,North,Sarah Jenkins,Summit Media Works,6,685.89,4115.34,1487.94,2627.4,63.84
ORD-2026-12033,2026-05-03,Logitech MX Master 3S Mouse,Technology,North,Sarah Jenkins,Beacon Legal Consulting,5,91.83,459.15,300.3,158.85,34.6
ORD-2025-11036,2026-05-03,Cybersecurity Endpoint Protection Suite,Enterprise Software,East,Emily Watson,Silverline Manufacturing,4,915.05,3660.2,1083.84,2576.36,70.39
ORD-2024-10198,2026-05-03,Electric Dual-Motor Standing Desk,Furniture,Central,Jessica Taylor,Beacon Legal Consulting,1,644.67,644.67,465.6,179.07,27.78
ORD-2026-11217,2026-05-03,Acoustic Fabric Office Partition,Furniture,Central,Daniel Kim,Horizon Retail Partners,1,255.49,255.49,174.93,80.56,31.53
ORD-2026-12423,2026-05-03,Cloud Analytics Pro License (Annual),Enterprise Software,East,Emily Watson,Vanguard Financial Solutions,4,1115.6,4462.4,1202.52,3259.88,73.05
ORD-2025-10919,2026-05-04,Premium Recycled Copy Paper (Carton),Office Supplies,East,Emily Watson,Horizon Retail Partners,10,45.05,450.5,322.6,127.9,28.39
ORD-2025-10616,2026-05-04,Acoustic Fabric Office Partition,Furniture,North,Sarah Jenkins,Horizon Retail Partners,8,240.83,1926.64,1216.88,709.76,36.84
ORD-2024-11506,2026-05-06,Sony WH-1000XM5 Headphones,Technology,West,Priya Sharma,Titan Cloud Infrastructure,3,386.17,1158.51,696.51,462.0,39.88
ORD-2026-11031,2026-05-06,Logitech MX Master 3S Mouse,Technology,Central,Jessica Taylor,Evergreen Renewable Energy,2,98.98,197.96,97.42,100.54,50.79
ORD-2026-11943,2026-05-06,"Dell UltraSharp 27"" 4K Monitor",Technology,East,Emily Watson,Summit Media Works,10,583.24,5832.4,4238.3,1594.1,27.33
ORD-2025-11432,2026-05-07,Automated CRM Collaboration Seat,Enterprise Software,Central,Jessica Taylor,Acme Global Technologies,5,734.93,3674.65,1422.0,2252.65,61.3
ORD-2025-11855,2026-05-07,Premium Recycled Copy Paper (Carton),Office Supplies,East,Emily Watson,Nexus Logistics Group,8,48.22,385.76,241.28,144.48,37.45
ORD-2025-12107,2026-05-07,"Dell UltraSharp 27"" 4K Monitor",Technology,Central,Jessica Taylor,Bluebird Creative Labs,5,533.68,2668.4,1884.85,783.55,29.36
ORD-2026-11781,2026-05-07,Cloud Analytics Pro License (Annual),Enterprise Software,West,Robert Martinez,Silverline Manufacturing,6,1153.35,6920.1,2043.3,4876.8,70.47
ORD-2025-10643,2026-05-07,Premium Recycled Copy Paper (Carton),Office Supplies,North,Michael Chang,Summit Media Works,14,50.29,704.06,462.14,241.92,34.36
ORD-2025-12278,2026-05-07,HP LaserJet Pro Multi-function Printer,Office Supplies,West,Priya Sharma,Horizon Retail Partners,13,398.92,5185.96,3696.03,1489.93,28.73
ORD-2026-12261,2026-05-08,Magnetic Glass Dry-Erase Board,Office Supplies,North,Michael Chang,Vanguard Financial Solutions,12,211.98,2543.76,1552.08,991.68,38.98
ORD-2024-11359,2026-05-08,Cybersecurity Endpoint Protection Suite,Enterprise Software,West,Robert Martinez,Beacon Legal Consulting,7,1025.41,7177.87,2479.75,4698.12,65.45
ORD-2024-11908,2026-05-08,Anker 10-in-1 USB-C Docking Hub,Technology,North,Michael Chang,Nexus Logistics Group,1,127.85,127.85,64.56,63.29,49.5
ORD-2026-10191,2026-05-09,Samsung 2TB Portable NVMe SSD,Technology,East,James Wilson,Silverline Manufacturing,6,192.63,1155.78,784.8,370.98,32.1
ORD-2026-12474,2026-05-09,Logitech MX Master 3S Mouse,Technology,Central,Daniel Kim,Titan Cloud Infrastructure,12,92.03,1104.36,636.96,467.4,42.32
ORD-2025-12296,2026-05-10,HP LaserJet Pro Multi-function Printer,Office Supplies,East,James Wilson,Zenith Dynamics Ltd,9,448.77,4038.93,3088.26,950.67,23.54
ORD-2024-12469,2026-05-10,Automated CRM Collaboration Seat,Enterprise Software,East,James Wilson,Nexus Logistics Group,5,733.09,3665.45,1404.25,2261.2,61.69
ORD-2025-10853,2026-05-10,Herman Miller Ergonomic Chair,Furniture,East,Emily Watson,Silverline Manufacturing,9,1177.44,10596.96,7533.99,3062.97,28.9
ORD-2024-10177,2026-05-11,Cybersecurity Endpoint Protection Suite,Enterprise Software,North,Sarah Jenkins,Titan Cloud Infrastructure,8,973.99,7791.92,1985.04,5806.88,74.52
ORD-2026-12132,2026-05-11,Magnetic Glass Dry-Erase Board,Office Supplies,East,James Wilson,Zenith Dynamics Ltd,15,209.19,3137.85,1786.05,1351.8,43.08
ORD-2025-11111,2026-05-12,ThinkPad X1 Carbon Laptop,Technology,East,James Wilson,Zenith Dynamics Ltd,5,1555.12,7775.6,5182.8,2592.8,33.35
ORD-2024-12142,2026-05-13,Sony WH-1000XM5 Headphones,Technology,East,James Wilson,Acme Global Technologies,1,375.25,375.25,225.09,150.16,40.02
ORD-2024-12016,2026-05-13,Herman Miller Ergonomic Chair,Furniture,North,Sarah Jenkins,Nexus Logistics Group,4,1121.01,4484.04,4690.04,-206.0,-4.59
ORD-2026-11202,2026-05-13,Acoustic Fabric Office Partition,Furniture,West,Priya Sharma,Vanguard Financial Solutions,10,278.22,2782.2,1716.7,1065.5,38.3
ORD-2024-11887,2026-05-14,Acoustic Fabric Office Partition,Furniture,Central,Daniel Kim,Nexus Logistics Group,2,262.71,525.42,365.9,159.52,30.36
ORD-2024-11884,2026-05-14,"Dell UltraSharp 27"" 4K Monitor",Technology,North,Michael Chang,Pinnacle Healthcare Systems,5,620.12,3100.6,2062.65,1037.95,33.48
ORD-2024-12160,2026-05-14,Herman Miller Ergonomic Chair,Furniture,West,Priya Sharma,Apollo Industrial Equipment,2,1125.88,2251.76,1766.22,485.54,21.56
ORD-2026-10113,2026-05-14,Cloud Data Backup & Recovery License,Enterprise Software,North,Michael Chang,Acme Global Technologies,2,575.8,1151.6,340.84,810.76,70.4
ORD-2025-11015,2026-05-14,Heavy-Duty Cross-Cut Paper Shredder,Office Supplies,North,Michael Chang,Zenith Dynamics Ltd,9,162.28,1460.52,859.23,601.29,41.17
ORD-2026-11343,2026-05-14,Anker 10-in-1 USB-C Docking Hub,Technology,North,Michael Chang,Acme Global Technologies,2,138.93,277.86,166.98,110.88,39.9
ORD-2026-10314,2026-05-14,Magnetic Glass Dry-Erase Board,Office Supplies,West,Robert Martinez,Summit Media Works,10,220.21,2202.1,1252.4,949.7,43.13
ORD-2026-11832,2026-05-15,Steel Storage Lateral Filing Cabinet,Furniture,East,Emily Watson,Pinnacle Healthcare Systems,2,367.19,734.38,536.4,197.98,26.96
ORD-2025-12353,2026-05-15,High-Yield Toner Cartridge Pack,Office Supplies,South,David Rodriguez,Cascade BioSciences,4,127.52,510.08,264.8,245.28,48.09
ORD-2026-11328,2026-05-15,Cloud Analytics Pro License (Annual),Enterprise Software,East,Emily Watson,Bluebird Creative Labs,1,1114.6,1114.6,283.51,831.09,74.56
ORD-2026-11001,2026-05-16,Magnetic Glass Dry-Erase Board,Office Supplies,West,Priya Sharma,Evergreen Renewable Energy,7,214.87,1504.09,882.49,621.6,41.33
ORD-2025-11903,2026-05-16,Sony WH-1000XM5 Headphones,Technology,West,Priya Sharma,Zenith Dynamics Ltd,6,379.46,2276.76,1414.98,861.78,37.85
ORD-2024-11707,2026-05-17,Logitech MX Master 3S Mouse,Technology,West,Robert Martinez,Beacon Legal Consulting,10,97.88,978.8,550.8,428.0,43.73
ORD-2025-10061,2026-05-17,Anker 10-in-1 USB-C Docking Hub,Technology,East,Emily Watson,Nexus Logistics Group,3,126.95,380.85,221.04,159.81,41.96
ORD-2026-11601,2026-05-17,Sony WH-1000XM5 Headphones,Technology,East,Emily Watson,Titan Cloud Infrastructure,10,407.58,4075.8,2691.1,1384.7,33.97
ORD-2025-10091,2026-05-17,"Dell UltraSharp 27"" 4K Monitor",Technology,West,Priya Sharma,Bluebird Creative Labs,11,591.14,6502.54,4124.23,2378.31,36.58
ORD-2025-12185,2026-05-17,Heavy-Duty Cross-Cut Paper Shredder,Office Supplies,South,David Rodriguez,Bluebird Creative Labs,5,163.92,819.6,501.3,318.3,38.84
ORD-2026-12180,2026-05-17,ThinkPad X1 Carbon Laptop,Technology,North,Michael Chang,Metro Education Foundation,1,1400.07,1400.07,909.54,490.53,35.04
ORD-2026-11949,2026-05-18,"Dell UltraSharp 27"" 4K Monitor",Technology,West,Priya Sharma,Evergreen Renewable Energy,9,605.86,5452.74,3837.33,1615.41,29.63
ORD-2026-11070,2026-05-18,Logitech MX Master 3S Mouse,Technology,West,Priya Sharma,Metro Education Foundation,12,99.4,1192.8,658.32,534.48,44.81
ORD-2025-11003,2026-05-19,Steel Storage Lateral Filing Cabinet,Furniture,Central,Jessica Taylor,Acme Global Technologies,9,319.69,2877.21,2206.08,671.13,23.33
ORD-2025-10676,2026-05-20,Magnetic Glass Dry-Erase Board,Office Supplies,West,Robert Martinez,Pinnacle Healthcare Systems,16,203.42,3254.72,2072.16,1182.56,36.33
ORD-2026-10569,2026-05-20,Electric Dual-Motor Standing Desk,Furniture,East,James Wilson,Horizon Retail Partners,2,654.88,1309.76,911.78,397.98,30.39
ORD-2024-11632,2026-05-20,Samsung 2TB Portable NVMe SSD,Technology,East,Emily Watson,Nexus Logistics Group,1,177.94,177.94,125.79,52.15,29.31
ORD-2024-12496,2026-05-21,Herman Miller Ergonomic Chair,Furniture,East,James Wilson,Zenith Dynamics Ltd,8,1215.56,9724.48,10206.48,-482.0,-4.96
ORD-2025-11501,2026-05-21,Sony WH-1000XM5 Headphones,Technology,East,James Wilson,Titan Cloud Infrastructure,1,366.09,366.09,240.67,125.42,34.26
ORD-2024-10792,2026-05-21,Heavy-Duty Cross-Cut Paper Shredder,Office Supplies,East,Emily Watson,Evergreen Renewable Energy,8,172.5,1380.0,948.24,431.76,31.29
ORD-2025-10106,2026-05-21,Premium Recycled Copy Paper (Carton),Office Supplies,North,Sarah Jenkins,Bluebird Creative Labs,12,49.66,595.92,370.2,225.72,37.88
ORD-2026-11700,2026-05-21,ThinkPad X1 Carbon Laptop,Technology,East,James Wilson,Nexus Logistics Group,6,1485.86,8915.16,6517.5,2397.66,26.89
ORD-2026-10677,2026-05-23,Keychron Q3 Mechanical Keyboard,Technology,Central,Jessica Taylor,Zenith Dynamics Ltd,4,167.3,669.2,385.88,283.32,42.34
ORD-2024-10069,2026-05-24,Samsung 2TB Portable NVMe SSD,Technology,East,James Wilson,Horizon Retail Partners,4,198.62,794.48,504.36,290.12,36.52
ORD-2024-11407,2026-05-25,Anker 10-in-1 USB-C Docking Hub,Technology,North,Michael Chang,Silverline Manufacturing,3,122.37,367.11,185.01,182.1,49.6
ORD-2026-11082,2026-05-25,HP LaserJet Pro Multi-function Printer,Office Supplies,West,Priya Sharma,Beacon Legal Consulting,15,414.28,6214.2,4829.55,1384.65,22.28
ORD-2024-11953,2026-05-25,HP LaserJet Pro Multi-function Printer,Office Supplies,East,Emily Watson,Beacon Legal Consulting,21,438.28,9203.88,6893.67,2310.21,25.1
ORD-2024-10762,2026-05-26,Executive Teakwood Conference Table,Furniture,South,Amina Patel,Acme Global Technologies,1,1877.67,1877.67,1447.09,430.58,22.93
ORD-2026-12264,2026-05-26,Sony WH-1000XM5 Headphones,Technology,East,James Wilson,Beacon Legal Consulting,8,404.65,3237.2,1889.28,1347.92,41.64
ORD-2025-12407,2026-05-27,Samsung 2TB Portable NVMe SSD,Technology,West,Priya Sharma,Beacon Legal Consulting,6,201.23,1207.38,822.84,384.54,31.85
ORD-2026-11553,2026-05-27,Automated CRM Collaboration Seat,Enterprise Software,West,Robert Martinez,Pinnacle Healthcare Systems,7,663.3,4643.1,1696.87,2946.23,63.45
ORD-2026-10095,2026-05-27,Steel Storage Lateral Filing Cabinet,Furniture,East,James Wilson,Horizon Retail Partners,1,334.61,334.61,241.09,93.52,27.95
ORD-2024-12199,2026-05-27,Samsung 2TB Portable NVMe SSD,Technology,East,Emily Watson,Nexus Logistics Group,9,186.78,1681.02,1078.65,602.37,35.83
ORD-2025-10331,2026-05-27,Keychron Q3 Mechanical Keyboard,Technology,North,Michael Chang,Beacon Legal Consulting,7,186.16,1303.12,773.01,530.11,40.68
ORD-2026-11100,2026-05-27,Samsung 2TB Portable NVMe SSD,Technology,North,Michael Chang,Horizon Retail Partners,2,191.97,383.94,288.28,95.66,24.92
ORD-2025-12008,2026-05-27,High-Yield Toner Cartridge Pack,Office Supplies,West,Robert Martinez,Metro Education Foundation,4,119.77,479.08,291.84,187.24,39.08
ORD-2025-11837,2026-05-27,Sony WH-1000XM5 Headphones,Technology,North,Michael Chang,Acme Global Technologies,7,360.88,2526.16,1714.23,811.93,32.14
ORD-2026-10695,2026-05-28,ThinkPad X1 Carbon Laptop,Technology,Central,Daniel Kim,Beacon Legal Consulting,10,1524.36,15243.6,11105.0,4138.6,27.15
ORD-2025-10883,2026-05-28,Keychron Q3 Mechanical Keyboard,Technology,Central,Jessica Taylor,Cascade BioSciences,4,185.93,743.72,437.72,306.0,41.14
ORD-2024-10978,2026-05-29,"Dell UltraSharp 27"" 4K Monitor",Technology,South,Amina Patel,Pinnacle Healthcare Systems,12,593.09,7117.08,7317.24,-200.16,-2.81
ORD-2026-10917,2026-05-29,Anker 10-in-1 USB-C Docking Hub,Technology,North,Michael Chang,Bluebird Creative Labs,9,138.25,1244.25,717.03,527.22,42.37
ORD-2025-11114,2026-05-29,Magnetic Glass Dry-Erase Board,Office Supplies,West,Robert Martinez,Titan Cloud Infrastructure,8,218.46,1747.68,1208.96,538.72,30.82
ORD-2024-10066,2026-05-30,Electric Dual-Motor Standing Desk,Furniture,East,Emily Watson,Cascade BioSciences,6,682.21,4093.26,2737.98,1355.28,33.11
ORD-2024-10873,2026-05-30,Automated CRM Collaboration Seat,Enterprise Software,North,Michael Chang,Summit Media Works,8,728.52,5828.16,1843.92,3984.24,68.36
ORD-2025-12089,2026-05-30,Cybersecurity Endpoint Protection Suite,Enterprise Software,North,Sarah Jenkins,Titan Cloud Infrastructure,4,904.98,3619.92,1146.64,2473.28,68.32
ORD-2024-10318,2026-05-30,Anker 10-in-1 USB-C Docking Hub,Technology,South,David Rodriguez,Metro Education Foundation,12,136.01,1632.12,951.12,681.0,41.72
ORD-2025-11330,2026-05-30,"Dell UltraSharp 27"" 4K Monitor",Technology,West,Robert Martinez,Titan Cloud Infrastructure,9,594.0,5346.0,3386.07,1959.93,36.66
ORD-2025-10118,2026-05-31,Samsung 2TB Portable NVMe SSD,Technology,East,James Wilson,Horizon Retail Partners,6,184.96,1109.76,792.48,317.28,28.59
ORD-2025-10847,2026-05-31,High-Yield Toner Cartridge Pack,Office Supplies,East,Emily Watson,Bluebird Creative Labs,4,118.86,475.44,225.36,250.08,52.6
ORD-2025-11753,2026-05-31,High-Yield Toner Cartridge Pack,Office Supplies,North,Michael Chang,Summit Media Works,3,117.76,353.28,201.09,152.19,43.08
ORD-2025-11570,2026-05-31,Sony WH-1000XM5 Headphones,Technology,Central,Daniel Kim,Titan Cloud Infrastructure,2,377.26,754.52,531.94,222.58,29.5
ORD-2024-11695,2026-06-01,Electric Dual-Motor Standing Desk,Furniture,East,James Wilson,Summit Media Works,7,639.85,4478.95,3207.12,1271.83,28.4
ORD-2025-10313,2026-06-01,Keychron Q3 Mechanical Keyboard,Technology,East,Emily Watson,Evergreen Renewable Energy,7,173.58,1215.06,665.84,549.22,45.2
ORD-2024-10528,2026-06-01,Herman Miller Ergonomic Chair,Furniture,East,Emily Watson,Nexus Logistics Group,10,1177.27,11772.7,9467.8,2304.9,19.58
ORD-2024-11386,2026-06-01,Electric Dual-Motor Standing Desk,Furniture,South,David Rodriguez,Silverline Manufacturing,10,685.86,6858.6,4944.7,1913.9,27.91
ORD-2025-11189,2026-06-01,Cybersecurity Endpoint Protection Suite,Enterprise Software,North,Michael Chang,Bluebird Creative Labs,5,921.58,4607.9,1458.05,3149.85,68.36
ORD-2026-10047,2026-06-01,Cloud Analytics Pro License (Annual),Enterprise Software,Central,Daniel Kim,Acme Global Technologies,3,1178.13,3534.39,949.89,2584.5,73.12
ORD-2026-10731,2026-06-02,Electric Dual-Motor Standing Desk,Furniture,North,Michael Chang,Summit Media Works,3,730.68,2192.04,1494.3,697.74,31.83
ORD-2026-10080,2026-06-02,Samsung 2TB Portable NVMe SSD,Technology,Central,Jessica Taylor,Summit Media Works,10,193.22,1932.2,1380.5,551.7,28.55
ORD-2025-10949,2026-06-02,Anker 10-in-1 USB-C Docking Hub,Technology,North,Sarah Jenkins,Pinnacle Healthcare Systems,7,131.13,917.91,455.77,462.14,50.35
ORD-2024-12415,2026-06-03,Anker 10-in-1 USB-C Docking Hub,Technology,North,Sarah Jenkins,Horizon Retail Partners,3,120.7,362.1,205.74,156.36,43.18
ORD-2026-10605,2026-06-03,ThinkPad X1 Carbon Laptop,Technology,North,Michael Chang,Pinnacle Healthcare Systems,12,1368.14,16417.68,11432.4,4985.28,30.37
ORD-2024-11638,2026-06-03,Electric Dual-Motor Standing Desk,Furniture,South,David Rodriguez,Apollo Industrial Equipment,1,693.18,693.18,534.13,159.05,22.94
ORD-2024-11278,2026-06-03,HP LaserJet Pro Multi-function Printer,Office Supplies,West,Robert Martinez,Titan Cloud Infrastructure,5,439.17,2195.85,1642.5,553.35,25.2
ORD-2025-11288,2026-06-04,Cybersecurity Endpoint Protection Suite,Enterprise Software,North,Michael Chang,Summit Media Works,5,878.0,4390.0,1275.55,3114.45,70.94
ORD-2024-10030,2026-06-04,Acoustic Fabric Office Partition,Furniture,East,Emily Watson,Beacon Legal Consulting,3,246.57,739.71,466.68,273.03,36.91
ORD-2026-11280,2026-06-04,Samsung 2TB Portable NVMe SSD,Technology,West,Priya Sharma,Zenith Dynamics Ltd,2,184.64,369.28,262.26,107.02,28.98
ORD-2026-11307,2026-06-04,Samsung 2TB Portable NVMe SSD,Technology,Central,Jessica Taylor,Metro Education Foundation,8,181.32,1450.56,989.68,460.88,31.77
ORD-2024-11965,2026-06-05,Magnetic Glass Dry-Erase Board,Office Supplies,East,James Wilson,Metro Education Foundation,14,218.88,3064.32,1557.78,1506.54,49.16
ORD-2026-10902,2026-06-05,Herman Miller Ergonomic Chair,Furniture,South,Amina Patel,Vanguard Financial Solutions,9,1221.35,10992.15,8472.15,2520.0,22.93
ORD-2026-10884,2026-06-05,Sony WH-1000XM5 Headphones,Technology,West,Priya Sharma,Summit Media Works,3,374.58,1123.74,748.29,375.45,33.41
ORD-2026-11511,2026-06-05,Acoustic Fabric Office Partition,Furniture,North,Sarah Jenkins,Summit Media Works,6,256.66,1539.96,1098.0,441.96,28.7
ORD-2025-12311,2026-06-06,"Dell UltraSharp 27"" 4K Monitor",Technology,West,Robert Martinez,Horizon Retail Partners,4,550.91,2203.64,1434.84,768.8,34.89
ORD-2026-10614,2026-06-06,Automated CRM Collaboration Seat,Enterprise Software,East,Emily Watson,Silverline Manufacturing,1,685.91,685.91,212.37,473.54,69.04
ORD-2026-10422,2026-06-07,Keychron Q3 Mechanical Keyboard,Technology,Central,Jessica Taylor,Summit Media Works,8,187.02,1496.16,960.72,535.44,35.79
ORD-2026-10332,2026-06-07,Automated CRM Collaboration Seat,Enterprise Software,North,Sarah Jenkins,Bluebird Creative Labs,5,690.81,3454.05,1323.4,2130.65,61.69
ORD-2025-11042,2026-06-07,Herman Miller Ergonomic Chair,Furniture,West,Robert Martinez,Titan Cloud Infrastructure,4,1082.85,4331.4,3234.44,1096.96,25.33
ORD-2025-11573,2026-06-08,Premium Recycled Copy Paper (Carton),Office Supplies,North,Sarah Jenkins,Bluebird Creative Labs,15,44.94,674.1,440.4,233.7,34.67
ORD-2026-11130,2026-06-08,Anker 10-in-1 USB-C Docking Hub,Technology,North,Sarah Jenkins,Evergreen Renewable Energy,1,130.02,130.02,66.21,63.81,49.08
ORD-2026-11559,2026-06-08,Keychron Q3 Mechanical Keyboard,Technology,West,Robert Martinez,Zenith Dynamics Ltd,12,164.94,1979.28,1233.72,745.56,37.67
ORD-2025-10844,2026-06-08,Herman Miller Ergonomic Chair,Furniture,North,Michael Chang,Horizon Retail Partners,5,1229.39,6146.95,4584.9,1562.05,25.41
ORD-2024-12319,2026-06-08,Samsung 2TB Portable NVMe SSD,Technology,East,Emily Watson,Evergreen Renewable Energy,2,196.35,392.7,247.16,145.54,37.06
ORD-2026-11628,2026-06-09,Premium Recycled Copy Paper (Carton),Office Supplies,Central,Jessica Taylor,Bluebird Creative Labs,7,50.91,356.37,222.88,133.49,37.46
ORD-2025-11177,2026-06-09,Heavy-Duty Cross-Cut Paper Shredder,Office Supplies,Central,Jessica Taylor,Apollo Industrial Equipment,4,167.79,671.16,476.12,195.04,29.06
ORD-2024-10540,2026-06-09,Acoustic Fabric Office Partition,Furniture,East,James Wilson,Evergreen Renewable Energy,9,246.89,2222.01,1443.87,778.14,35.02
ORD-2026-12381,2026-06-10,Heavy-Duty Cross-Cut Paper Shredder,Office Supplies,East,Emily Watson,Summit Media Works,3,153.39,460.17,299.4,160.77,34.94
ORD-2026-10863,2026-06-10,Automated CRM Collaboration Seat,Enterprise Software,West,Robert Martinez,Cascade BioSciences,8,750.73,6005.84,2399.84,3606.0,60.04
ORD-2026-11469,2026-06-10,Samsung 2TB Portable NVMe SSD,Technology,East,James Wilson,Zenith Dynamics Ltd,12,202.68,2432.16,1873.56,558.6,22.97
ORD-2024-11176,2026-06-11,High-Yield Toner Cartridge Pack,Office Supplies,West,Robert Martinez,Silverline Manufacturing,4,116.02,464.08,262.28,201.8,43.48
ORD-2026-11013,2026-06-11,Acoustic Fabric Office Partition,Furniture,North,Michael Chang,Horizon Retail Partners,4,263.78,1055.12,745.84,309.28,29.31
ORD-2025-10466,2026-06-12,Cybersecurity Endpoint Protection Suite,Enterprise Software,West,Robert Martinez,Titan Cloud Infrastructure,1,995.75,995.75,356.88,638.87,64.16
ORD-2024-12157,2026-06-12,Sony WH-1000XM5 Headphones,Technology,North,Michael Chang,Metro Education Foundation,12,359.26,4311.12,2659.44,1651.68,38.31
ORD-2024-10297,2026-06-12,ThinkPad X1 Carbon Laptop,Technology,North,Michael Chang,Acme Global Technologies,4,1347.37,5389.48,3997.4,1392.08,25.83
ORD-2024-10045,2026-06-12,"Dell UltraSharp 27"" 4K Monitor",Technology,South,David Rodriguez,Pinnacle Healthcare Systems,1,591.68,591.68,374.81,216.87,36.65
ORD-2024-10822,2026-06-13,Keychron Q3 Mechanical Keyboard,Technology,West,Priya Sharma,Silverline Manufacturing,9,186.02,1674.18,1089.27,584.91,34.94
ORD-2024-12118,2026-06-14,Cybersecurity Endpoint Protection Suite,Enterprise Software,East,James Wilson,Metro Education Foundation,5,1004.17,5020.85,2054.2,2966.65,59.09
ORD-2024-11107,2026-06-14,Premium Recycled Copy Paper (Carton),Office Supplies,South,Amina Patel,Zenith Dynamics Ltd,3,46.98,140.94,98.7,42.24,29.97
ORD-2025-11858,2026-06-14,Herman Miller Ergonomic Chair,Furniture,North,Michael Chang,Summit Media Works,8,1200.55,9604.4,7314.48,2289.92,23.84
ORD-2025-12104,2026-06-15,Sony WH-1000XM5 Headphones,Technology,Central,Jessica Taylor,Summit Media Works,3,404.21,1212.63,787.65,424.98,35.05
ORD-2026-10830,2026-06-15,Heavy-Duty Cross-Cut Paper Shredder,Office Supplies,North,Michael Chang,Titan Cloud Infrastructure,16,171.82,2749.12,1925.44,823.68,29.96
ORD-2025-12260,2026-06-16,Electric Dual-Motor Standing Desk,Furniture,East,James Wilson,Titan Cloud Infrastructure,1,642.34,642.34,481.05,161.29,25.11
ORD-2024-12337,2026-06-16,Automated CRM Collaboration Seat,Enterprise Software,East,James Wilson,Bluebird Creative Labs,6,736.64,4419.84,1665.24,2754.6,62.32
ORD-2024-12190,2026-06-16,ThinkPad X1 Carbon Laptop,Technology,Central,Jessica Taylor,Cascade BioSciences,10,1555.07,15550.7,10594.5,4956.2,31.87
ORD-2026-12342,2026-06-16,Cloud Analytics Pro License (Annual),Enterprise Software,East,James Wilson,Summit Media Works,6,1265.81,7594.86,2212.38,5382.48,70.87
ORD-2024-10636,2026-06-17,Samsung 2TB Portable NVMe SSD,Technology,Central,Daniel Kim,Cascade BioSciences,2,192.3,384.6,265.82,118.78,30.88
ORD-2026-11052,2026-06-17,Automated CRM Collaboration Seat,Enterprise Software,South,David Rodriguez,Silverline Manufacturing,8,695.45,5563.6,2034.72,3528.88,63.43
ORD-2025-11522,2026-06-18,Logitech MX Master 3S Mouse,Technology,North,Sarah Jenkins,Evergreen Renewable Energy,11,102.86,1131.46,768.13,363.33,32.11
ORD-2025-10349,2026-06-19,ThinkPad X1 Carbon Laptop,Technology,South,David Rodriguez,Apollo Industrial Equipment,3,1415.91,4247.73,3090.51,1157.22,27.24
ORD-2025-10679,2026-06-19,High-Yield Toner Cartridge Pack,Office Supplies,East,Emily Watson,Beacon Legal Consulting,2,125.37,250.74,130.86,119.88,47.81
ORD-2024-10285,2026-06-19,Samsung 2TB Portable NVMe SSD,Technology,Central,Daniel Kim,Acme Global Technologies,3,193.42,580.26,397.32,182.94,31.53
ORD-2026-10554,2026-06-19,Cloud Analytics Pro License (Annual),Enterprise Software,East,Emily Watson,Cascade BioSciences,7,1210.27,8471.89,2845.5,5626.39,66.41
ORD-2024-10126,2026-06-20,Electric Dual-Motor Standing Desk,Furniture,East,Emily Watson,Evergreen Renewable Energy,4,721.99,2887.96,2235.2,652.76,22.6
ORD-2026-10968,2026-06-20,Logitech MX Master 3S Mouse,Technology,North,Sarah Jenkins,Pinnacle Healthcare Systems,9,94.2,847.8,545.4,302.4,35.67
ORD-2026-12372,2026-06-21,Cloud Data Backup & Recovery License,Enterprise Software,East,James Wilson,Nexus Logistics Group,1,497.9,497.9,136.85,361.05,72.51
ORD-2025-11240,2026-06-21,"Dell UltraSharp 27"" 4K Monitor",Technology,North,Sarah Jenkins,Evergreen Renewable Energy,9,623.81,5614.29,3776.49,1837.8,32.73
ORD-2024-11374,2026-06-21,Logitech MX Master 3S Mouse,Technology,South,Amina Patel,Nexus Logistics Group,3,100.69,302.07,170.67,131.4,43.5
ORD-2025-10751,2026-06-21,"Dell UltraSharp 27"" 4K Monitor",Technology,Central,Jessica Taylor,Apollo Industrial Equipment,9,568.62,5117.58,3328.65,1788.93,34.96
ORD-2024-12082,2026-06-21,Acoustic Fabric Office Partition,Furniture,South,Amina Patel,Titan Cloud Infrastructure,9,261.5,2353.5,1457.37,896.13,38.08
ORD-2024-10471,2026-06-23,Sony WH-1000XM5 Headphones,Technology,West,Priya Sharma,Apollo Industrial Equipment,12,369.55,4434.6,2940.72,1493.88,33.69
ORD-2024-11290,2026-06-23,Steel Storage Lateral Filing Cabinet,Furniture,East,James Wilson,Bluebird Creative Labs,7,339.68,2377.76,1605.45,772.31,32.48
ORD-2026-11865,2026-06-23,Cloud Data Backup & Recovery License,Enterprise Software,Central,Jessica Taylor,Nexus Logistics Group,7,543.76,3806.32,1048.95,2757.37,72.44
ORD-2024-10903,2026-06-23,Executive Teakwood Conference Table,Furniture,North,Sarah Jenkins,Bluebird Creative Labs,6,1994.85,11969.1,9212.58,2756.52,23.03
ORD-2026-11736,2026-06-24,Logitech MX Master 3S Mouse,Technology,Central,Jessica Taylor,Bluebird Creative Labs,4,95.77,383.08,240.04,143.04,37.34
ORD-2026-11358,2026-06-24,Samsung 2TB Portable NVMe SSD,Technology,Central,Jessica Taylor,Zenith Dynamics Ltd,8,186.0,1488.0,1045.68,442.32,29.73
ORD-2025-11108,2026-06-24,"Dell UltraSharp 27"" 4K Monitor",Technology,South,Amina Patel,Cascade BioSciences,5,585.97,2929.85,2009.8,920.05,31.4
ORD-2025-10769,2026-06-24,"Dell UltraSharp 27"" 4K Monitor",Technology,North,Sarah Jenkins,Bluebird Creative Labs,3,568.74,1706.22,1131.51,574.71,33.68
ORD-2026-10512,2026-06-25,Automated CRM Collaboration Seat,Enterprise Software,North,Michael Chang,Evergreen Renewable Energy,8,758.19,6065.52,1950.96,4114.56,67.84
ORD-2024-10018,2026-06-25,"Dell UltraSharp 27"" 4K Monitor",Technology,North,Michael Chang,Pinnacle Healthcare Systems,12,590.17,7082.04,4823.28,2258.76,31.89
ORD-2026-11661,2026-06-26,Cloud Data Backup & Recovery License,Enterprise Software,West,Priya Sharma,Beacon Legal Consulting,5,531.33,2656.65,734.5,1922.15,72.35
ORD-2025-11249,2026-06-26,Herman Miller Ergonomic Chair,Furniture,East,James Wilson,Bluebird Creative Labs,2,1153.48,2306.96,1817.94,489.02,21.2
ORD-2026-10464,2026-06-26,Automated CRM Collaboration Seat,Enterprise Software,East,Emily Watson,Zenith Dynamics Ltd,8,681.34,5450.72,1922.72,3528.0,64.73
ORD-2025-11207,2026-06-26,Cybersecurity Endpoint Protection Suite,Enterprise Software,East,James Wilson,Evergreen Renewable Energy,2,988.19,1976.38,682.3,1294.08,65.48
ORD-2025-12218,2026-06-27,Keychron Q3 Mechanical Keyboard,Technology,South,David Rodriguez,Summit Media Works,3,164.11,492.33,324.06,168.27,34.18
ORD-2024-11956,2026-06-27,ThinkPad X1 Carbon Laptop,Technology,West,Robert Martinez,Silverline Manufacturing,2,1539.06,3078.12,1981.6,1096.52,35.62
ORD-2026-10392,2026-06-28,"Dell UltraSharp 27"" 4K Monitor",Technology,West,Priya Sharma,Silverline Manufacturing,9,596.42,5367.78,3612.6,1755.18,32.7
ORD-2024-10807,2026-06-28,Magnetic Glass Dry-Erase Board,Office Supplies,East,Emily Watson,Bluebird Creative Labs,15,193.49,2902.35,1819.65,1082.7,37.3
ORD-2025-11546,2026-06-28,Logitech MX Master 3S Mouse,Technology,East,James Wilson,Zenith Dynamics Ltd,2,98.54,197.08,105.04,92.04,46.7
ORD-2024-10684,2026-06-29,Anker 10-in-1 USB-C Docking Hub,Technology,East,James Wilson,Acme Global Technologies,3,137.65,412.95,193.38,219.57,53.17
